#ifndef MODEL_DATA_H
#define MODEL_DATA_H

// Model size: 18344 bytes
alignas(16) const unsigned char model_tflite[] = {
    0x20, 0x00, 0x00, 0x00, 0x54, 0x46, 0x4c, 0x33, 0x00, 0x00, 0x00, 0x00,
    0x14, 0x00, 0x20, 0x00, 0x1c, 0x00, 0x18, 0x00, 0x14, 0x00, 0x10, 0x00,
    0x0c, 0x00, 0x00, 0x00, 0x08, 0x00, 0x04, 0x00, 0x14, 0x00, 0x00, 0x00,
    0x1c, 0x00, 0x00, 0x00, 0x94, 0x00, 0x00, 0x00, 0xec, 0x00, 0x00, 0x00,
    0xe8, 0x17, 0x00, 0x00, 0xf8, 0x17, 0x00, 0x00, 0xb4, 0x46, 0x00, 0x00,
    0x03, 0x00, 0x00, 0x00, 0x01, 0x00, 0x00, 0x00, 0x10, 0x00, 0x00, 0x00,
    0x00, 0x00, 0x0a, 0x00, 0x10, 0x00, 0x0c, 0x00, 0x08, 0x00, 0x04, 0x00,
    0x0a, 0x00, 0x00, 0x00, 0x0c, 0x00, 0x00, 0x00, 0x1c, 0x00, 0x00, 0x00,
    0x3c, 0x00, 0x00, 0x00, 0x0f, 0x00, 0x00, 0x00, 0x73, 0x65, 0x72, 0x76,
    0x69, 0x6e, 0x67, 0x5f, 0x64, 0x65, 0x66, 0x61, 0x75, 0x6c, 0x74, 0x00,
    0x01, 0x00, 0x00, 0x00, 0x04, 0x00, 0x00, 0x00, 0x94, 0xff, 0xff, 0xff,
    0x27, 0x00, 0x00, 0x00, 0x04, 0x00, 0x00, 0x00, 0x08, 0x00, 0x00, 0x00,
    0x6f, 0x75, 0x74, 0x70, 0x75, 0x74, 0x5f, 0x30, 0x00, 0x00, 0x00, 0x00,
    0x01, 0x00, 0x00, 0x00, 0x04, 0x00, 0x00, 0x00, 0xd6, 0xe7, 0xff, 0xff,
    0x04, 0x00, 0x00, 0x00, 0x0b, 0x00, 0x00, 0x00, 0x69, 0x6e, 0x70, 0x75,
    0x74, 0x5f, 0x6c, 0x61, 0x79, 0x65, 0x72, 0x00, 0x02, 0x00, 0x00, 0x00,
    0x34, 0x00, 0x00, 0x00, 0x04, 0x00, 0x00, 0x00, 0xdc, 0xff, 0xff, 0xff,
    0x2a, 0x00, 0x00, 0x00, 0x04, 0x00, 0x00, 0x00, 0x13, 0x00, 0x00, 0x00,
    0x43, 0x4f, 0x4e, 0x56, 0x45, 0x52, 0x53, 0x49, 0x4f, 0x4e, 0x5f, 0x4d,
    0x45, 0x54, 0x41, 0x44, 0x41, 0x54, 0x41, 0x00, 0x08, 0x00, 0x0c, 0x00,
    0x08, 0x00, 0x04, 0x00, 0x08, 0x00, 0x00, 0x00, 0x29, 0x00, 0x00, 0x00,
    0x04, 0x00, 0x00, 0x00, 0x13, 0x00, 0x00, 0x00, 0x6d, 0x69, 0x6e, 0x5f,
    0x72, 0x75, 0x6e, 0x74, 0x69, 0x6d, 0x65, 0x5f, 0x76, 0x65, 0x72, 0x73,
    0x69, 0x6f, 0x6e, 0x00, 0x2b, 0x00, 0x00, 0x00, 0xf8, 0x16, 0x00, 0x00,
    0xf0, 0x16, 0x00, 0x00, 0xd8, 0x16, 0x00, 0x00, 0xb4, 0x16, 0x00, 0x00,
    0x04, 0x16, 0x00, 0x00, 0x74, 0x15, 0x00, 0x00, 0x64, 0x0f, 0x00, 0x00,
    0x24, 0x0f, 0x00, 0x00, 0xe4, 0x0e, 0x00, 0x00, 0x14, 0x0e, 0x00, 0x00,
    0x04, 0x08, 0x00, 0x00, 0x74, 0x07, 0x00, 0x00, 0x44, 0x06, 0x00, 0x00,
    0x14, 0x06, 0x00, 0x00, 0xe4, 0x05, 0x00, 0x00, 0x54, 0x05, 0x00, 0x00,
    0x44, 0x03, 0x00, 0x00, 0xf4, 0x02, 0x00, 0x00, 0x54, 0x02, 0x00, 0x00,
    0x34, 0x02, 0x00, 0x00, 0x14, 0x02, 0x00, 0x00, 0xc4, 0x01, 0x00, 0x00,
    0x24, 0x01, 0x00, 0x00, 0x1c, 0x01, 0x00, 0x00, 0x14, 0x01, 0x00, 0x00,
    0x0c, 0x01, 0x00, 0x00, 0x04, 0x01, 0x00, 0x00, 0xfc, 0x00, 0x00, 0x00,
    0xf4, 0x00, 0x00, 0x00, 0xec, 0x00, 0x00, 0x00, 0xe4, 0x00, 0x00, 0x00,
    0xdc, 0x00, 0x00, 0x00, 0xd4, 0x00, 0x00, 0x00, 0xcc, 0x00, 0x00, 0x00,
    0xc4, 0x00, 0x00, 0x00, 0xbc, 0x00, 0x00, 0x00, 0xb4, 0x00, 0x00, 0x00,
    0xac, 0x00, 0x00, 0x00, 0xa4, 0x00, 0x00, 0x00, 0x9c, 0x00, 0x00, 0x00,
    0x94, 0x00, 0x00, 0x00, 0x74, 0x00, 0x00, 0x00, 0x04, 0x00, 0x00, 0x00,
    0xfa, 0xe8, 0xff, 0xff, 0x04, 0x00, 0x00, 0x00, 0x60, 0x00, 0x00, 0x00,
    0x0c, 0x00, 0x00, 0x00, 0x08, 0x00, 0x0e, 0x00, 0x08, 0x00, 0x04, 0x00,
    0x08, 0x00, 0x00, 0x00, 0x10, 0x00, 0x00, 0x00, 0x28, 0x00, 0x00, 0x00,
    0x00, 0x00, 0x06, 0x00, 0x08, 0x00, 0x04, 0x00, 0x06, 0x00, 0x00, 0x00,
    0x04, 0x00, 0x00, 0x00, 0x01, 0x00, 0x00, 0x00, 0xeb, 0x03, 0x00, 0x00,
    0x0c, 0x00, 0x18, 0x00, 0x14, 0x00, 0x10, 0x00, 0x0c, 0x00, 0x04, 0x00,
    0x0c, 0x00, 0x00, 0x00, 0x11, 0x97, 0x1c, 0xd1, 0x3d, 0xe1, 0xd1, 0x2d,
    0x02, 0x00, 0x00, 0x00, 0x02, 0x00, 0x00, 0x00, 0x04, 0x00, 0x00, 0x00,
    0x06, 0x00, 0x00, 0x00, 0x32, 0x2e, 0x32, 0x31, 0x2e, 0x30, 0x00, 0x00,
    0x66, 0xe9, 0xff, 0xff, 0x04, 0x00, 0x00, 0x00, 0x10, 0x00, 0x00, 0x00,
    0x31, 0x2e, 0x31, 0x34, 0x2e, 0x30, 0x00, 0x00, 0x00, 0x00, 0x00, 0x00,
    0x00, 0x00, 0x00, 0x00, 0x6c, 0xbc, 0xff, 0xff, 0x70, 0xbc, 0xff, 0xff,
    0x74, 0xbc, 0xff, 0xff, 0x78, 0xbc, 0xff, 0xff, 0x7c, 0xbc, 0xff, 0xff,
    0x80, 0xbc, 0xff, 0xff, 0x84, 0xbc, 0xff, 0xff, 0x88, 0xbc, 0xff, 0xff,
    0x8c, 0xbc, 0xff, 0xff, 0x90, 0xbc, 0xff, 0xff, 0x94, 0xbc, 0xff, 0xff,
    0x98, 0xbc, 0xff, 0xff, 0x9c, 0xbc, 0xff, 0xff, 0xa0, 0xbc, 0xff, 0xff,
    0xa4, 0xbc, 0xff, 0xff, 0xa8, 0xbc, 0xff, 0xff, 0xac, 0xbc, 0xff, 0xff,
    0xb0, 0xbc, 0xff, 0xff, 0xca, 0xe9, 0xff, 0xff, 0x04, 0x00, 0x00, 0x00,
    0x90, 0x00, 0x00, 0x00, 0x81, 0x36, 0x25, 0xfb, 0xf1, 0x61, 0xf9, 0x0f,
    0x53, 0x7f, 0x3c, 0xd3, 0xf1, 0x47, 0xd0, 0x69, 0xb6, 0x86, 0x9e, 0x12,
    0xcc, 0x83, 0x22, 0x2b, 0x82, 0x81, 0x62, 0xa9, 0xcd, 0x4c, 0x81, 0x9d,
    0xe8, 0x2b, 0x51, 0x1e, 0x10, 0xf6, 0x20, 0xe6, 0xe1, 0x83, 0x31, 0xde,
    0x7f, 0xb3, 0x7a, 0x79, 0x81, 0x95, 0xed, 0x6a, 0xcd, 0x48, 0xeb, 0x2e,
    0x34, 0xfc, 0xc8, 0xac, 0xbd, 0x81, 0x11, 0x36, 0x19, 0xa2, 0x7f, 0x12,
    0xe9, 0x1d, 0xfc, 0x02, 0xf9, 0xc5, 0xcd, 0x0e, 0x53, 0x1b, 0xc7, 0x7f,
    0x55, 0x52, 0x8b, 0xcc, 0x55, 0x2e, 0x7f, 0xe1, 0x27, 0xbd, 0x5b, 0x81,
    0x48, 0xb1, 0xdc, 0x5c, 0x8f, 0x6a, 0x18, 0x01, 0x97, 0xf4, 0x3e, 0x77,
    0x7f, 0x10, 0x28, 0xf2, 0xdd, 0x08, 0x2a, 0x97, 0x22, 0x7f, 0x07, 0xe9,
    0x32, 0x42, 0xde, 0xcb, 0x7f, 0x9b, 0xc9, 0x45, 0x5c, 0x22, 0x1a, 0x81,
    0xc3, 0xb5, 0xd2, 0x8a, 0xe7, 0x30, 0xc2, 0xf0, 0xe2, 0x16, 0xc7, 0x11,
    0x35, 0x10, 0x0d, 0x7f, 0x66, 0xea, 0xff, 0xff, 0x04, 0x00, 0x00, 0x00,
    0x40, 0x00, 0x00, 0x00, 0x6c, 0xd2, 0xff, 0xff, 0x23, 0xd4, 0xff, 0xff,
    0xa5, 0x1e, 0x00, 0x00, 0x34, 0x21, 0x00, 0x00, 0x37, 0x42, 0x00, 0x00,
    0xae, 0xf4, 0xff, 0xff, 0x15, 0xf3, 0xff, 0xff, 0x25, 0xcb, 0xff, 0xff,
    0xa2, 0xdf, 0xff, 0xff, 0xbd, 0xd3, 0xff, 0xff, 0xfe, 0x01, 0x00, 0x00,
    0x10, 0xe9, 0xff, 0xff, 0xee, 0xe3, 0xff, 0xff, 0x76, 0xc9, 0xff, 0xff,
    0xc2, 0xe1, 0xff, 0xff, 0xee, 0xf2, 0xff, 0xff, 0xb2, 0xea, 0xff, 0xff,
    0x04, 0x00, 0x00, 0x00, 0x10, 0x00, 0x00, 0x00, 0x08, 0x44, 0x69, 0x3b,
    0x20, 0x1e, 0x7f, 0xea, 0x03, 0x2a, 0x27, 0xc6, 0x1b, 0xf0, 0x7d, 0xef,
    0xce, 0xea, 0xff, 0xff, 0x04, 0x00, 0x00, 0x00, 0x10, 0x00, 0x00, 0x00,
    0x49, 0x5e, 0x6e, 0x54, 0x80, 0x48, 0x71, 0x2a, 0x28, 0x42, 0x2c, 0xf1,
    0x30, 0x32, 0x75, 0x2f, 0xea, 0xea, 0xff, 0xff, 0x04, 0x00, 0x00, 0x00,
    0x90, 0x00, 0x00, 0x00, 0xf8, 0xfe, 0x3e, 0xaf, 0x56, 0x39, 0x81, 0x8a,
    0x6b, 0x7f, 0x60, 0x93, 0x27, 0xf3, 0x59, 0x49, 0xcb, 0x7f, 0xcf, 0xd9,
    0xe6, 0xb9, 0x10, 0x33, 0xd4, 0x1b, 0xe8, 0xbd, 0xc2, 0x81, 0xb3, 0xeb,
    0x0b, 0x60, 0xb2, 0xbd, 0x73, 0xdc, 0x00, 0xe6, 0xea, 0x99, 0x26, 0xc5,
    0xa3, 0xd9, 0xd8, 0x5d, 0x48, 0xf4, 0xa9, 0xdd, 0x8d, 0x4a, 0xc4, 0xfa,
    0xf0, 0xe4, 0x3f, 0x81, 0x34, 0xc4, 0x19, 0xc2, 0x81, 0xd6, 0xfa, 0x78,
    0x7f, 0x81, 0x09, 0xcc, 0x73, 0xc7, 0x7f, 0xe3, 0x50, 0x62, 0xe8, 0x20,
    0x33, 0x46, 0x81, 0xca, 0x08, 0x04, 0xcd, 0x5b, 0x5c, 0xe1, 0xc3, 0xa5,
    0xed, 0x4f, 0x59, 0x78, 0x7a, 0xfc, 0xd9, 0x81, 0xf7, 0x27, 0xea, 0x81,
    0xb6, 0x77, 0xf4, 0xe0, 0x23, 0x69, 0x7f, 0x5e, 0x0f, 0xfa, 0xac, 0x6d,
    0xf4, 0xe6, 0x19, 0xe6, 0x81, 0x79, 0x28, 0x2f, 0xaf, 0x82, 0xc8, 0x81,
    0xfa, 0x05, 0x83, 0xd2, 0x2a, 0x9f, 0xb5, 0x42, 0x20, 0x71, 0x60, 0x8f,
    0x81, 0xe5, 0x5b, 0x8f, 0x86, 0xeb, 0xff, 0xff, 0x04, 0x00, 0x00, 0x00,
    0x40, 0x00, 0x00, 0x00, 0x00, 0x00, 0x00, 0x00, 0x00, 0x00, 0x00, 0x00,
    0x00, 0x00, 0x00, 0x00, 0x00, 0x00, 0x00, 0x00, 0x00, 0x00, 0x00, 0x00,
    0x00, 0x00, 0x00, 0x00, 0x00, 0x00, 0x00, 0x00, 0x00, 0x00, 0x00, 0x00,
    0x00, 0x00, 0x00, 0x00, 0x00, 0x00, 0x00, 0x00, 0x00, 0x00, 0x00, 0x00,
    0x00, 0x00, 0x00, 0x00, 0x00, 0x00, 0x00, 0x00, 0x00, 0x00, 0x00, 0x00,
    0x00, 0x00, 0x00, 0x00, 0x00, 0x00, 0x00, 0x00, 0xd2, 0xeb, 0xff, 0xff,
    0x04, 0x00, 0x00, 0x00, 0x00, 0x02, 0x00, 0x00, 0xc9, 0xda, 0x19, 0x97,
    0xdc, 0x60, 0x7f, 0x04, 0x30, 0x8a, 0xae, 0x02, 0x57, 0xc0, 0x2c, 0x9d,
    0xdf, 0xe2, 0xb7, 0x3a, 0x3e, 0x2e, 0x12, 0x33, 0xf8, 0x02, 0x2b, 0xa3,
    0x17, 0x38, 0x7f, 0x0a, 0x52, 0xf6, 0x6c, 0x4c, 0x1a, 0x5c, 0x47, 0x7f,
    0x26, 0xdd, 0xc7, 0xe7, 0x38, 0xf7, 0x40, 0x65, 0xc4, 0x4e, 0x1e, 0x54,
    0x22, 0xad, 0x1a, 0x3d, 0x51, 0xa7, 0x35, 0x48, 0xe4, 0x7f, 0x78, 0xbd,
    0xcc, 0x98, 0xe6, 0x7f, 0x78, 0x06, 0x35, 0x51, 0x18, 0x5e, 0x87, 0xa8,
    0x31, 0x0d, 0x39, 0xc9, 0x51, 0x40, 0x08, 0xd7, 0x93, 0x1e, 0xa8, 0x81,
    0x2e, 0x32, 0x57, 0xc2, 0x00, 0x35, 0x36, 0x74, 0x3b, 0xf3, 0xae, 0x4f,
    0x1b, 0xf3, 0xd4, 0x71, 0x3e, 0xa4, 0xd8, 0x81, 0x73, 0xc9, 0x67, 0x36,
    0x56, 0x2e, 0x5c, 0x0b, 0xf7, 0xfe, 0x68, 0xfb, 0x06, 0x30, 0x90, 0x7f,
    0x64, 0x3d, 0x44, 0xe2, 0x68, 0xeb, 0x0d, 0xa3, 0x56, 0x50, 0x60, 0x11,
    0x65, 0x81, 0x8e, 0x30, 0xf6, 0x22, 0x8d, 0x42, 0xf2, 0xa0, 0xfc, 0xd8,
    0xb4, 0xf8, 0x57, 0x69, 0x2f, 0xfa, 0xee, 0x81, 0xec, 0x54, 0x31, 0xdb,
    0xef, 0x38, 0x44, 0xb4, 0xbb, 0xd9, 0x31, 0xb5, 0x81, 0xa1, 0xb6, 0x17,
    0xb9, 0x00, 0x14, 0x4a, 0x9e, 0x9a, 0xf6, 0x1e, 0x7f, 0xef, 0xd8, 0x2e,
    0xdb, 0x48, 0x31, 0x08, 0xda, 0xb0, 0xef, 0x3f, 0x31, 0x2c, 0xb3, 0x14,
    0x5f, 0x1c, 0x07, 0x0b, 0xf8, 0x7f, 0xbc, 0x5a, 0xa6, 0x38, 0x52, 0xe0,
    0x08, 0x44, 0x4c, 0x6f, 0x08, 0x36, 0x62, 0xd5, 0x81, 0x16, 0xfc, 0x25,
    0x4c, 0x94, 0xd9, 0x96, 0x7d, 0xcf, 0x27, 0x0e, 0xb5, 0x1c, 0x89, 0x8b,
    0x4b, 0xdc, 0x87, 0xbf, 0x5b, 0x94, 0xd3, 0x7f, 0xb5, 0xac, 0xd1, 0x1b,
    0x40, 0x1c, 0x2b, 0xba, 0x48, 0x76, 0x88, 0x18, 0x7f, 0xb8, 0x78, 0xe9,
    0xf9, 0x4c, 0xf4, 0x81, 0x33, 0x30, 0x4c, 0x40, 0x27, 0xec, 0x26, 0xb2,
    0x0d, 0x9b, 0x5b, 0x5f, 0x93, 0xef, 0xba, 0x3f, 0x57, 0xd9, 0xaf, 0xf5,
    0xf5, 0xd1, 0x3b, 0x7f, 0xca, 0x1d, 0x2f, 0x98, 0xab, 0xd5, 0xc1, 0xf5,
    0x12, 0x95, 0xd0, 0xe7, 0xc5, 0x7f, 0x31, 0xca, 0xae, 0x50, 0xf7, 0x83,
    0xee, 0x7f, 0x55, 0xf9, 0xd8, 0x19, 0x0f, 0x10, 0xd5, 0xc6, 0xc3, 0xec,
    0x1a, 0x29, 0xc1, 0x50, 0x14, 0x7f, 0xb7, 0x11, 0x4a, 0x9b, 0x0d, 0xf5,
    0xdc, 0xe7, 0x55, 0x10, 0x18, 0x52, 0x6e, 0x89, 0x0b, 0x4f, 0xa6, 0xdb,
    0xd3, 0xcd, 0x81, 0xc4, 0x36, 0x31, 0x30, 0x96, 0xb5, 0x69, 0xad, 0x20,
    0xea, 0x35, 0xbf, 0xf1, 0xc9, 0x45, 0xe9, 0x81, 0x1e, 0x6c, 0x25, 0x2c,
    0xc1, 0x64, 0x64, 0xea, 0x20, 0xc3, 0x47, 0x8c, 0xca, 0xdb, 0xea, 0x18,
    0x9d, 0x7f, 0xd6, 0x38, 0xf0, 0xdd, 0x30, 0x21, 0x51, 0xe2, 0xc6, 0xd3,
    0x4b, 0xb2, 0xc3, 0xbb, 0xfc, 0x81, 0x96, 0x4c, 0x4b, 0x46, 0xac, 0x42,
    0xb2, 0x0a, 0x27, 0x15, 0xe1, 0x36, 0x05, 0x7f, 0x56, 0xa2, 0xab, 0x87,
    0x13, 0xb6, 0x5b, 0x24, 0xd4, 0x43, 0x07, 0x47, 0x21, 0x4a, 0x7f, 0x10,
    0x23, 0x57, 0x2c, 0x3e, 0x59, 0x22, 0xd3, 0x4e, 0xfc, 0x11, 0xc5, 0x00,
    0x1e, 0xe1, 0xe4, 0x57, 0x6e, 0xad, 0x9f, 0x69, 0x7f, 0x3f, 0x0b, 0xdf,
    0x5f, 0x1f, 0x7f, 0x14, 0xa0, 0x56, 0x9a, 0xbd, 0x65, 0x0b, 0x62, 0x41,
    0xa5, 0xcd, 0xd7, 0x3b, 0x14, 0x29, 0x5b, 0x54, 0x90, 0xb6, 0xf9, 0x35,
    0x6a, 0xe6, 0x7f, 0x30, 0x33, 0xf9, 0x57, 0x61, 0xd9, 0xad, 0xe8, 0x15,
    0xfb, 0x20, 0xb3, 0x81, 0x22, 0x62, 0x68, 0xdf, 0x7c, 0x21, 0xb4, 0x42,
    0xac, 0x58, 0xaa, 0x4a, 0xc1, 0xae, 0x68, 0x7f, 0x2e, 0x78, 0xa9, 0x9b,
    0xeb, 0x8d, 0xe7, 0xd4, 0xde, 0xed, 0xff, 0xff, 0x04, 0x00, 0x00, 0x00,
    0x80, 0x00, 0x00, 0x00, 0xfb, 0x03, 0x00, 0x00, 0x2e, 0xf6, 0xff, 0xff,
    0xbd, 0x02, 0x00, 0x00, 0x09, 0xfd, 0xff, 0xff, 0x75, 0xff, 0xff, 0xff,
    0xdf, 0x01, 0x00, 0x00, 0xa5, 0x02, 0x00, 0x00, 0xd4, 0x05, 0x00, 0x00,
    0x78, 0x06, 0x00, 0x00, 0x0e, 0xf7, 0xff, 0xff, 0x6b, 0x02, 0x00, 0x00,
    0xd1, 0x01, 0x00, 0x00, 0xc4, 0x03, 0x00, 0x00, 0xdd, 0xfd, 0xff, 0xff,
    0x8e, 0xf8, 0xff, 0xff, 0x32, 0x01, 0x00, 0x00, 0x0b, 0x00, 0x00, 0x00,
    0x17, 0x03, 0x00, 0x00, 0x63, 0x02, 0x00, 0x00, 0x10, 0x00, 0x00, 0x00,
    0x8c, 0x03, 0x00, 0x00, 0x08, 0x01, 0x00, 0x00, 0xa2, 0x02, 0x00, 0x00,
    0x92, 0xfd, 0xff, 0xff, 0x44, 0x03, 0x00, 0x00, 0x1a, 0xfc, 0xff, 0xff,
    0xbc, 0x00, 0x00, 0x00, 0x84, 0xfb, 0xff, 0xff, 0x74, 0xfb, 0xff, 0xff,
    0x85, 0xfc, 0xff, 0xff, 0x58, 0x04, 0x00, 0x00, 0xa2, 0x03, 0x00, 0x00,
    0x6a, 0xee, 0xff, 0xff, 0x04, 0x00, 0x00, 0x00, 0x20, 0x00, 0x00, 0x00,
    0xe8, 0x7f, 0x22, 0xdf, 0xf5, 0xb5, 0xd1, 0xe2, 0xd4, 0x46, 0x27, 0xdb,
    0xd8, 0x23, 0x26, 0x04, 0xc1, 0xc3, 0xb6, 0x27, 0xc5, 0xb1, 0xd6, 0xf8,
    0xd7, 0x3a, 0xe8, 0x07, 0x3c, 0x18, 0xc0, 0xbc, 0x96, 0xee, 0xff, 0xff,
    0x04, 0x00, 0x00, 0x00, 0x20, 0x00, 0x00, 0x00, 0xea, 0xf8, 0xb7, 0x16,
    0xb4, 0x8d, 0xa1, 0x80, 0x96, 0x0e, 0xcd, 0xa5, 0xd7, 0xe2, 0xe2, 0xbb,
    0xc6, 0xc2, 0xfa, 0x27, 0x95, 0x8b, 0xd9, 0x20, 0xad, 0x3e, 0xb6, 0x01,
    0x39, 0x01, 0x91, 0xc9, 0xc2, 0xee, 0xff, 0xff, 0x04, 0x00, 0x00, 0x00,
    0x20, 0x01, 0x00, 0x00, 0x4d, 0x81, 0x81, 0xef, 0x4e, 0xad, 0x94, 0x14,
    0x33, 0xfd, 0x81, 0x8e, 0x16, 0x43, 0x0d, 0xf9, 0x12, 0xc4, 0xc6, 0xb0,
    0xcb, 0x81, 0x94, 0xaf, 0x17, 0x1c, 0x7f, 0x11, 0xcc, 0xdb, 0x71, 0xa1,
    0xb6, 0x19, 0x4f, 0xa1, 0xfc, 0x7f, 0xa2, 0x29, 0xd7, 0x9c, 0xad, 0x20,
    0xf0, 0x27, 0xfe, 0x7b, 0xc2, 0xe9, 0x06, 0xe3, 0x33, 0xe3, 0x24, 0x81,
    0xe4, 0x1a, 0x0b, 0x7f, 0xae, 0xd7, 0x0a, 0x8a, 0xe6, 0x7b, 0x17, 0x0b,
    0x7f, 0x94, 0x0d, 0x21, 0x5d, 0xa7, 0x0e, 0xa1, 0x81, 0x03, 0x8e, 0x82,
    0xed, 0x7f, 0xf3, 0xd0, 0x7f, 0x31, 0x43, 0x10, 0x3d, 0x7f, 0x0e, 0xd1,
    0xcd, 0x92, 0xc4, 0xbe, 0xc8, 0xcd, 0x18, 0x1b, 0x44, 0x1e, 0x62, 0x1c,
    0x87, 0xbd, 0x8d, 0x11, 0xad, 0x0d, 0xd2, 0xf2, 0x2f, 0xf3, 0x67, 0x81,
    0x72, 0xaf, 0xd7, 0xe5, 0xa4, 0x13, 0x4c, 0x3a, 0x81, 0xf0, 0x2c, 0x56,
    0x18, 0x30, 0x57, 0x81, 0x27, 0xee, 0x7f, 0xbd, 0x28, 0x15, 0xdc, 0x12,
    0xeb, 0xdb, 0x55, 0xee, 0x9a, 0xd9, 0x7f, 0x2c, 0x93, 0xd9, 0x21, 0x58,
    0xf1, 0x55, 0xf5, 0x6a, 0xab, 0xe9, 0x4d, 0x91, 0x85, 0x52, 0x62, 0x4e,
    0x16, 0xec, 0xdc, 0xa7, 0x71, 0x81, 0x2a, 0x9f, 0xff, 0x81, 0x81, 0x81,
    0x27, 0x3a, 0x5a, 0x17, 0x44, 0xb4, 0x9c, 0x08, 0x1d, 0x2a, 0xc5, 0x6a,
    0xca, 0x81, 0x94, 0xfe, 0x92, 0x9e, 0xb9, 0x02, 0x19, 0xea, 0xa5, 0xfd,
    0x81, 0xe2, 0xea, 0xb8, 0x6f, 0x73, 0xb8, 0x47, 0xfa, 0x16, 0xf3, 0xf5,
    0xf0, 0x28, 0x24, 0xea, 0x81, 0xd3, 0x11, 0xec, 0xd5, 0x04, 0x7f, 0xce,
    0x6e, 0xa9, 0xca, 0xc8, 0xc2, 0x6a, 0x86, 0x81, 0x7c, 0xdc, 0x0a, 0x4f,
    0x2a, 0x29, 0x9d, 0x5e, 0xe1, 0x34, 0x67, 0xb2, 0xf4, 0x12, 0x7f, 0xa8,
    0x51, 0xd5, 0x37, 0xc6, 0xc8, 0x1a, 0x14, 0x0a, 0x81, 0xfc, 0x48, 0x5c,
    0x66, 0x07, 0x44, 0xa2, 0xcb, 0x03, 0x12, 0x81, 0xe7, 0xb5, 0xd1, 0xaa,
    0x81, 0xee, 0x30, 0xd3, 0x2e, 0xf0, 0x04, 0x46, 0x41, 0x53, 0x08, 0xdf,
    0x4a, 0xc7, 0x9e, 0x7f, 0xee, 0xef, 0xff, 0xff, 0x04, 0x00, 0x00, 0x00,
    0x80, 0x00, 0x00, 0x00, 0x00, 0x00, 0x00, 0x00, 0x00, 0x00, 0x00, 0x00,
    0x00, 0x00, 0x00, 0x00, 0x00, 0x00, 0x00, 0x00, 0x00, 0x00, 0x00, 0x00,
    0x00, 0x00, 0x00, 0x00, 0x00, 0x00, 0x00, 0x00, 0x00, 0x00, 0x00, 0x00,
    0x00, 0x00, 0x00, 0x00, 0x00, 0x00, 0x00, 0x00, 0x00, 0x00, 0x00, 0x00,
    0x00, 0x00, 0x00, 0x00, 0x00, 0x00, 0x00, 0x00, 0x00, 0x00, 0x00, 0x00,
    0x00, 0x00, 0x00, 0x00, 0x00, 0x00, 0x00, 0x00, 0x00, 0x00, 0x00, 0x00,
    0x00, 0x00, 0x00, 0x00, 0x00, 0x00, 0x00, 0x00, 0x00, 0x00, 0x00, 0x00,
    0x00, 0x00, 0x00, 0x00, 0x00, 0x00, 0x00, 0x00, 0x00, 0x00, 0x00, 0x00,
    0x00, 0x00, 0x00, 0x00, 0x00, 0x00, 0x00, 0x00, 0x00, 0x00, 0x00, 0x00,
    0x00, 0x00, 0x00, 0x00, 0x00, 0x00, 0x00, 0x00, 0x00, 0x00, 0x00, 0x00,
    0x00, 0x00, 0x00, 0x00, 0x00, 0x00, 0x00, 0x00, 0x00, 0x00, 0x00, 0x00,
    0x7a, 0xf0, 0xff, 0xff, 0x04, 0x00, 0x00, 0x00, 0x00, 0x06, 0x00, 0x00,
    0x02, 0x44, 0xfc, 0xc1, 0xe3, 0xde, 0x07, 0x50, 0xd6, 0x10, 0x12, 0x1b,
    0xb9, 0xe1, 0xe6, 0xae, 0xb8, 0x4c, 0x22, 0x7b, 0x2a, 0x9b, 0xbd, 0xe3,
    0xb0, 0xad, 0xd6, 0x1a, 0xc6, 0x81, 0x26, 0x1a, 0x31, 0x36, 0x0f, 0x5d,
    0xe4, 0x50, 0x48, 0x22, 0x27, 0xe9, 0x0a, 0x0e, 0x2f, 0xad, 0xbe, 0x2b,
    0xd5, 0x04, 0xb4, 0xed, 0xc5, 0xd4, 0x4d, 0xd9, 0xe9, 0xf3, 0x47, 0x23,
    0xbf, 0x1b, 0x81, 0x63, 0x75, 0xe8, 0xe0, 0xe2, 0x08, 0xf5, 0x6c, 0x7f,
    0xa8, 0x3a, 0x06, 0xbc, 0x1e, 0x32, 0x31, 0x52, 0x2c, 0xc4, 0xfa, 0xe5,
    0x36, 0xf8, 0x32, 0x72, 0xb0, 0xee, 0xd9, 0xbd, 0xf6, 0x07, 0x64, 0x3d,
    0xe3, 0xa4, 0xa2, 0x53, 0x34, 0x2a, 0x37, 0xfd, 0x53, 0x0e, 0xb1, 0xba,
    0x78, 0xef, 0x54, 0xcd, 0xbc, 0xe5, 0x34, 0xd5, 0xf4, 0xc3, 0x0c, 0x37,
    0x06, 0xdb, 0x7f, 0xd0, 0xd9, 0xf9, 0x63, 0xbd, 0xc9, 0xea, 0xf8, 0xc9,
    0xba, 0x59, 0x24, 0x5d, 0x15, 0x14, 0x7f, 0xdb, 0xef, 0xd8, 0x11, 0x1e,
    0x60, 0xfe, 0xec, 0x34, 0xae, 0xda, 0x6d, 0x5b, 0x4e, 0x99, 0x2a, 0xcc,
    0x2c, 0x41, 0x6a, 0x8f, 0x3b, 0xd2, 0x30, 0xfe, 0x17, 0xa9, 0x56, 0xc1,
    0x38, 0x06, 0xb4, 0x91, 0xe7, 0xf3, 0xf5, 0xab, 0x01, 0xc7, 0x51, 0xeb,
    0x3f, 0x81, 0xca, 0x34, 0xf9, 0x37, 0xb9, 0x35, 0x07, 0xd7, 0xd9, 0x18,
    0x5c, 0x37, 0x81, 0xca, 0x1e, 0xb8, 0xba, 0xe5, 0x9e, 0xb9, 0x3c, 0x1f,
    0xd4, 0x16, 0x04, 0x35, 0x03, 0xbb, 0xcb, 0x9a, 0xf3, 0xcb, 0xae, 0x0c,
    0xa1, 0x8e, 0xe0, 0xde, 0xcb, 0xaa, 0x2f, 0x32, 0x05, 0x26, 0x20, 0x18,
    0xd1, 0x38, 0x2a, 0xc9, 0xf0, 0x15, 0xd5, 0x56, 0x52, 0x64, 0x0b, 0xa0,
    0x9d, 0x36, 0xa7, 0xf3, 0x0f, 0x81, 0xc1, 0xd8, 0x07, 0xc3, 0xa2, 0x8a,
    0x2a, 0x5b, 0x4f, 0x79, 0x4f, 0x36, 0x1a, 0xcf, 0x02, 0xd0, 0xa5, 0x5d,
    0xd7, 0x0f, 0xc0, 0x29, 0xcb, 0xb3, 0x10, 0x30, 0xef, 0x2d, 0x06, 0xe2,
    0x37, 0x49, 0x06, 0xbc, 0x63, 0x7f, 0x8a, 0xcb, 0x2f, 0x47, 0xee, 0xd2,
    0x7f, 0x58, 0xdb, 0x5b, 0xb2, 0xf3, 0x01, 0xc5, 0x52, 0xeb, 0xa3, 0xa4,
    0xa5, 0x0f, 0xbe, 0x20, 0x5b, 0x99, 0x83, 0x0f, 0x33, 0x1a, 0x37, 0xe6,
    0x4b, 0x33, 0xbf, 0xfc, 0xcb, 0xef, 0x13, 0x57, 0x10, 0xf3, 0xb1, 0xd1,
    0x30, 0xc5, 0x9f, 0xd8, 0x13, 0xed, 0xb7, 0xdc, 0xe9, 0x22, 0x0f, 0x3a,
    0xd2, 0xe2, 0xd3, 0x42, 0x81, 0xb4, 0xf1, 0xde, 0x4e, 0xe3, 0x31, 0x23,
    0x0e, 0x01, 0xdf, 0xe0, 0x04, 0x43, 0x02, 0xed, 0x38, 0xdc, 0xfd, 0x37,
    0xaa, 0xd9, 0x05, 0x44, 0xd9, 0x11, 0x81, 0x17, 0x27, 0x86, 0x94, 0x69,
    0xe6, 0xbe, 0x38, 0x4d, 0x95, 0x29, 0xc4, 0x51, 0x15, 0xef, 0xb5, 0x64,
    0xf0, 0x3a, 0x8b, 0xd2, 0x78, 0x46, 0x48, 0xa1, 0x63, 0x81, 0xb4, 0x35,
    0x19, 0xc3, 0x57, 0x58, 0xac, 0xb4, 0x16, 0x54, 0x5c, 0x2e, 0x40, 0xa0,
    0x95, 0x6e, 0x0b, 0xc7, 0x04, 0xf7, 0xf8, 0xbe, 0x47, 0x40, 0xcc, 0x9a,
    0x28, 0xfa, 0x55, 0xc7, 0x31, 0x1a, 0x63, 0x0c, 0xf5, 0xdb, 0x05, 0xe3,
    0x42, 0xbf, 0x7f, 0x1c, 0xd1, 0xc9, 0x22, 0x02, 0x12, 0x07, 0xea, 0x2b,
    0xeb, 0x42, 0x29, 0xa0, 0xd8, 0x41, 0x24, 0x1b, 0x70, 0x46, 0xe5, 0xb0,
    0x18, 0xc8, 0x19, 0xfa, 0x6d, 0xbe, 0x3a, 0x22, 0x24, 0x0b, 0xa4, 0x05,
    0x0f, 0xcd, 0xaa, 0xcc, 0x27, 0x53, 0x03, 0xca, 0x7f, 0x3a, 0x58, 0x1f,
    0x5a, 0x64, 0x3e, 0xad, 0x2a, 0x6a, 0x26, 0x5a, 0x20, 0xef, 0x1f, 0x55,
    0x34, 0x7f, 0xee, 0x4f, 0x16, 0xe4, 0x92, 0x3e, 0xa0, 0x66, 0x6f, 0x87,
    0x9f, 0x50, 0x30, 0x08, 0x0f, 0xf1, 0xf9, 0x05, 0x1c, 0xb4, 0x2d, 0x50,
    0xa3, 0xed, 0x99, 0x35, 0xde, 0xd5, 0x02, 0x5c, 0x32, 0xe9, 0xb7, 0x71,
    0xe3, 0x81, 0xf3, 0xae, 0x1e, 0x6e, 0xb4, 0xfb, 0xf4, 0x22, 0xd7, 0x48,
    0x0b, 0x05, 0xf2, 0xc4, 0xde, 0xb2, 0xed, 0x59, 0xe8, 0x1e, 0xbe, 0x5b,
    0xa4, 0xbf, 0xe6, 0x18, 0x11, 0x18, 0x7f, 0xfe, 0x25, 0xab, 0xbe, 0x00,
    0x06, 0x3f, 0xc0, 0xd5, 0xda, 0x2c, 0x54, 0xad, 0x14, 0xea, 0xed, 0xd5,
    0x2f, 0x10, 0xdc, 0x2e, 0xc7, 0xd5, 0x7d, 0x1a, 0xe3, 0xab, 0x50, 0xc9,
    0xb0, 0xd7, 0xe0, 0x0a, 0x3f, 0x4f, 0x99, 0x03, 0xca, 0xb3, 0xe1, 0x04,
    0xec, 0x46, 0xb2, 0x17, 0x7f, 0xf6, 0x89, 0xcd, 0xf5, 0xee, 0x3b, 0x45,
    0x5c, 0x43, 0xfe, 0x36, 0x1e, 0xcb, 0x27, 0x90, 0x31, 0x7f, 0xe3, 0x56,
    0x7d, 0xd8, 0x67, 0xc3, 0xe7, 0x5f, 0xad, 0xd9, 0xc6, 0x0a, 0x53, 0x0a,
    0xd0, 0xfc, 0x21, 0x22, 0xe8, 0x27, 0x13, 0x0a, 0xd7, 0xfb, 0x27, 0xa6,
    0xcc, 0x30, 0x01, 0xab, 0x6b, 0x43, 0x81, 0x85, 0xa1, 0xfb, 0xc1, 0x90,
    0xb1, 0xc3, 0x11, 0xf7, 0x50, 0xee, 0xce, 0x0f, 0x53, 0x65, 0x05, 0xf0,
    0xee, 0x2d, 0xc1, 0xce, 0xe1, 0xfa, 0x33, 0xfe, 0xc7, 0xb7, 0xa6, 0xd3,
    0x3f, 0xec, 0x46, 0x55, 0x10, 0x03, 0x81, 0x36, 0xe1, 0x25, 0x20, 0xfd,
    0x8a, 0xe9, 0x3e, 0xd8, 0xfe, 0x30, 0x26, 0xe7, 0xe7, 0xf2, 0x01, 0x3a,
    0x5e, 0x30, 0xdb, 0xb3, 0x56, 0x8c, 0xc7, 0xc3, 0xad, 0x89, 0x96, 0x99,
    0x96, 0x98, 0x53, 0x7f, 0x2d, 0xeb, 0x95, 0x14, 0xdb, 0x4e, 0xc3, 0x12,
    0x62, 0x05, 0x57, 0x3d, 0xbf, 0x3e, 0x12, 0xad, 0x7f, 0xc6, 0xb8, 0x38,
    0xd4, 0xce, 0x26, 0x1a, 0xa7, 0xf1, 0x19, 0xf6, 0xcb, 0xd4, 0x4f, 0x37,
    0xd5, 0x1b, 0x00, 0xc4, 0x34, 0x3e, 0x56, 0x53, 0xfd, 0x96, 0xd3, 0xae,
    0x47, 0x15, 0x62, 0x50, 0x5b, 0xbd, 0x69, 0xa9, 0x4d, 0xd5, 0x1c, 0x65,
    0x30, 0x15, 0x81, 0x8e, 0xee, 0x21, 0xc7, 0x26, 0x42, 0xa8, 0x70, 0x1b,
    0x66, 0xca, 0x45, 0x64, 0x65, 0x36, 0x14, 0xa7, 0x34, 0xb1, 0xbe, 0x95,
    0xfd, 0x7f, 0x92, 0x28, 0x25, 0xae, 0xbb, 0x19, 0xdf, 0x1c, 0x1c, 0x42,
    0x47, 0xd9, 0x8a, 0x2d, 0x00, 0x9f, 0x5e, 0xf6, 0x45, 0x99, 0xcb, 0xa4,
    0x0b, 0x00, 0x32, 0x01, 0x2c, 0x6a, 0x12, 0x5a, 0x5d, 0xcf, 0x34, 0x5c,
    0xe2, 0xa6, 0xf3, 0x87, 0x90, 0xc6, 0xcd, 0xd3, 0x3b, 0xc7, 0x0e, 0x07,
    0xc9, 0xe6, 0x9f, 0x7f, 0xca, 0x9e, 0xac, 0xb1, 0x4f, 0x2e, 0x00, 0xa4,
    0x58, 0xe4, 0x1e, 0x27, 0x4a, 0xcc, 0x06, 0xe6, 0x30, 0x01, 0xe1, 0xf0,
    0x3f, 0xa1, 0x81, 0xc5, 0x69, 0xb5, 0x56, 0xf4, 0xf7, 0xc4, 0x40, 0x74,
    0xec, 0xbc, 0xb2, 0xe6, 0x3b, 0x66, 0xb0, 0x2c, 0x12, 0x76, 0x56, 0xf7,
    0x26, 0x32, 0xf0, 0xf8, 0xa6, 0x34, 0xdb, 0x03, 0xc7, 0xb7, 0xf3, 0xf5,
    0x19, 0xf0, 0xd4, 0x43, 0x81, 0x4c, 0xfb, 0x02, 0xdc, 0xe5, 0xfc, 0x2a,
    0xd4, 0xcc, 0xdb, 0xe9, 0x9e, 0xfe, 0xfb, 0x0e, 0x6f, 0xd2, 0xe0, 0x4a,
    0xfe, 0x77, 0x7f, 0xcf, 0x45, 0xe7, 0x19, 0x18, 0x41, 0x3d, 0xd5, 0x67,
    0x16, 0x23, 0x66, 0x7f, 0xe0, 0xa2, 0xdc, 0xa2, 0xa1, 0xc3, 0x3c, 0x24,
    0x0c, 0x1b, 0x5c, 0x2f, 0x63, 0xc7, 0x0d, 0x0a, 0x26, 0x41, 0x77, 0x99,
    0x8f, 0xc3, 0x18, 0x81, 0xca, 0x22, 0xd8, 0x0e, 0x1d, 0xd3, 0xc7, 0xee,
    0x4a, 0xe6, 0x26, 0xd5, 0xfc, 0xf6, 0xa7, 0x49, 0x57, 0xc2, 0xc2, 0xa8,
    0xdd, 0xbb, 0xe1, 0x0a, 0x07, 0x33, 0x32, 0x6f, 0x6a, 0x7f, 0xd4, 0x17,
    0x8e, 0xd3, 0xe6, 0x55, 0x96, 0xd0, 0xea, 0xa1, 0xa0, 0xed, 0x5e, 0xf6,
    0x8d, 0xef, 0xe7, 0x95, 0x9f, 0x4b, 0xee, 0x81, 0x37, 0xde, 0x22, 0xdb,
    0xdc, 0x60, 0xf3, 0xbe, 0x14, 0xa0, 0x83, 0xe2, 0x1b, 0xa4, 0x9b, 0x62,
    0xcf, 0x33, 0x24, 0xe5, 0x40, 0x15, 0xda, 0xaf, 0xdd, 0x22, 0xaa, 0x42,
    0xcd, 0x13, 0xe1, 0xfb, 0xde, 0xbe, 0x1d, 0xa4, 0x05, 0x48, 0xca, 0xfa,
    0x0b, 0x19, 0x3b, 0x7f, 0x07, 0x02, 0xfe, 0xec, 0x24, 0x14, 0xa6, 0x07,
    0xcd, 0xd9, 0x2c, 0x10, 0xec, 0xce, 0x2f, 0x29, 0x08, 0x8d, 0xac, 0xdb,
    0xb4, 0x0b, 0x18, 0xcb, 0xb7, 0xe7, 0xc1, 0xd8, 0x36, 0x63, 0x31, 0xca,
    0xd7, 0x48, 0x81, 0xc4, 0xd7, 0x24, 0x23, 0x06, 0xf4, 0xf4, 0x1e, 0x17,
    0xdb, 0x1e, 0xc0, 0x01, 0x53, 0x1b, 0xe9, 0x30, 0x34, 0x8c, 0xe9, 0x05,
    0xe0, 0xb7, 0xc8, 0x43, 0x4c, 0x20, 0xd4, 0xe2, 0xc4, 0xfb, 0xa8, 0x30,
    0x14, 0x1f, 0x18, 0xfc, 0x10, 0xea, 0xbd, 0x00, 0x20, 0xe4, 0x81, 0x53,
    0x7f, 0xcc, 0x44, 0xaf, 0xfd, 0xeb, 0xac, 0x21, 0xc3, 0xae, 0x17, 0xdf,
    0x4b, 0x0b, 0x8f, 0xd3, 0xaf, 0x48, 0x6b, 0x1b, 0x4a, 0x5b, 0xf4, 0xfa,
    0x25, 0xb0, 0xc8, 0x50, 0xea, 0x27, 0xf9, 0x18, 0xc3, 0xe6, 0xc4, 0x3d,
    0x0b, 0x3e, 0xc7, 0x0d, 0x1c, 0x16, 0xa3, 0x36, 0xb6, 0x53, 0x81, 0xc2,
    0x08, 0xc7, 0xf8, 0x26, 0xab, 0x01, 0x2d, 0x56, 0x47, 0x35, 0x33, 0x4d,
    0x36, 0x06, 0xea, 0xfb, 0x2a, 0xf5, 0x75, 0x1f, 0x75, 0xba, 0x51, 0xce,
    0x45, 0xcf, 0x22, 0x5d, 0xa8, 0x1f, 0x17, 0x1a, 0x34, 0x31, 0x84, 0xd3,
    0xde, 0x07, 0xc5, 0xd6, 0xbb, 0xdf, 0xb4, 0x82, 0xce, 0x62, 0x04, 0x7f,
    0x43, 0x45, 0x4e, 0x6d, 0xb1, 0x18, 0x03, 0xbe, 0xac, 0x27, 0x1b, 0x46,
    0xc8, 0x03, 0x32, 0xf6, 0x5d, 0x2b, 0xd3, 0x33, 0xd6, 0xe1, 0xeb, 0x51,
    0x21, 0x2e, 0x07, 0xdc, 0xa5, 0xe7, 0x81, 0xd0, 0xff, 0xf3, 0xf9, 0x1e,
    0x6a, 0xb1, 0xe0, 0xa1, 0x28, 0xb7, 0x4a, 0x06, 0xfe, 0xcf, 0x7f, 0x48,
    0xac, 0x40, 0xbc, 0x12, 0x4c, 0xcd, 0x1f, 0xbf, 0x22, 0x69, 0x55, 0x8c,
    0x54, 0x2c, 0xae, 0xe2, 0x31, 0x28, 0x1e, 0xfa, 0xf1, 0x1b, 0x07, 0x5e,
    0xfd, 0x5b, 0x65, 0x49, 0x46, 0x39, 0x24, 0x01, 0xb6, 0xfb, 0x48, 0x7f,
    0xc9, 0x3d, 0xcd, 0x2e, 0x36, 0xd4, 0xd3, 0xed, 0x68, 0x1d, 0x1b, 0xc1,
    0x76, 0x81, 0x2c, 0xd5, 0x49, 0x03, 0x39, 0xc5, 0x20, 0x1a, 0xc2, 0xbf,
    0xab, 0x00, 0x01, 0x58, 0xb7, 0x30, 0x26, 0x4c, 0xec, 0x40, 0xaa, 0x25,
    0x1e, 0xfc, 0x49, 0x4e, 0xef, 0x63, 0x55, 0x36, 0x2f, 0x59, 0x34, 0x12,
    0xd3, 0xab, 0x49, 0x81, 0xbf, 0x32, 0xb8, 0xfb, 0x24, 0x25, 0x45, 0xca,
    0xb5, 0x17, 0xd8, 0xb9, 0x95, 0xab, 0xac, 0xa9, 0x7b, 0x45, 0x01, 0x32,
    0xb5, 0x76, 0xcb, 0x4a, 0xcf, 0x0f, 0x2f, 0x13, 0x0f, 0xf0, 0x30, 0xf7,
    0xa4, 0xa1, 0xed, 0xb4, 0xe8, 0xf3, 0xb5, 0x18, 0x45, 0x29, 0xef, 0xb8,
    0x81, 0xc6, 0x4e, 0x22, 0xb2, 0x49, 0x27, 0xbe, 0x17, 0x51, 0xa6, 0xf4,
    0x50, 0x9a, 0x7a, 0x7f, 0x9d, 0xf0, 0x3b, 0xf2, 0x6a, 0x4d, 0x2e, 0xf9,
    0x0a, 0x32, 0xc9, 0x5a, 0xfa, 0xf5, 0xc7, 0x5b, 0x24, 0x5f, 0x06, 0x51,
    0xf9, 0xa5, 0x5c, 0x24, 0xf1, 0x01, 0xe0, 0x14, 0xe7, 0x02, 0x2b, 0x48,
    0xfb, 0xd0, 0x14, 0xb5, 0x15, 0x16, 0xcf, 0x47, 0xc8, 0xeb, 0x43, 0x47,
    0xa4, 0xb8, 0x81, 0xa5, 0x1d, 0x2e, 0xd8, 0x2a, 0xee, 0x4d, 0xee, 0x77,
    0x92, 0xa1, 0x14, 0x59, 0xcc, 0x9f, 0x13, 0xc9, 0xc8, 0x3e, 0x41, 0xcf,
    0x74, 0x38, 0x8f, 0x07, 0xbb, 0x1d, 0xa2, 0xc3, 0xeb, 0x1d, 0xc7, 0xf1,
    0x3c, 0x41, 0xe9, 0xef, 0x3f, 0xbb, 0x39, 0x06, 0x81, 0x15, 0x23, 0x96,
    0x86, 0xf6, 0xff, 0xff, 0x04, 0x00, 0x00, 0x00, 0xc0, 0x00, 0x00, 0x00,
    0x9b, 0xfc, 0xff, 0xff, 0x9e, 0xfc, 0xff, 0xff, 0xf5, 0x00, 0x00, 0x00,
    0x07, 0x00, 0x00, 0x00, 0x24, 0xff, 0xff, 0xff, 0x45, 0x00, 0x00, 0x00,
    0x8c, 0xff, 0xff, 0xff, 0x38, 0xfa, 0xff, 0xff, 0xeb, 0xfd, 0xff, 0xff,
    0xf6, 0xfa, 0xff, 0xff, 0xcc, 0xff, 0xff, 0xff, 0x10, 0xf9, 0xff, 0xff,
    0xc7, 0xff, 0xff, 0xff, 0x2d, 0xff, 0xff, 0xff, 0x54, 0xf9, 0xff, 0xff,
    0x50, 0xfe, 0xff, 0xff, 0xc8, 0xff, 0xff, 0xff, 0x53, 0xfc, 0xff, 0xff,
    0x6a, 0xff, 0xff, 0xff, 0x7a, 0xfe, 0xff, 0xff, 0x64, 0xfe, 0xff, 0xff,
    0xf1, 0xf8, 0xff, 0xff, 0xbd, 0x00, 0x00, 0x00, 0x92, 0x02, 0x00, 0x00,
    0xef, 0xfb, 0xff, 0xff, 0x22, 0xfc, 0xff, 0xff, 0x40, 0xf8, 0xff, 0xff,
    0xb2, 0xfb, 0xff, 0xff, 0x45, 0xfe, 0xff, 0xff, 0x1f, 0xff, 0xff, 0xff,
    0xf5, 0xfa, 0xff, 0xff, 0x98, 0xfb, 0xff, 0xff, 0xeb, 0xff, 0xff, 0xff,
    0x8a, 0xfc, 0xff, 0xff, 0x3c, 0xfb, 0xff, 0xff, 0xba, 0xfd, 0xff, 0xff,
    0xfe, 0xfe, 0xff, 0xff, 0xbf, 0xfe, 0xff, 0xff, 0xf3, 0xf8, 0xff, 0xff,
    0xc6, 0xfc, 0xff, 0xff, 0xc0, 0xff, 0xff, 0xff, 0xf6, 0xfd, 0xff, 0xff,
    0x97, 0x01, 0x00, 0x00, 0xf0, 0x01, 0x00, 0x00, 0x33, 0x01, 0x00, 0x00,
    0x5b, 0x01, 0x00, 0x00, 0xf5, 0xfc, 0xff, 0xff, 0x70, 0x01, 0x00, 0x00,
    0x52, 0xf7, 0xff, 0xff, 0x04, 0x00, 0x00, 0x00, 0x30, 0x00, 0x00, 0x00,
    0xaa, 0x16, 0xe1, 0x9e, 0x0f, 0xa0, 0xc9, 0x65, 0xe2, 0x09, 0xca, 0x36,
    0xa8, 0xa7, 0x0a, 0xf0, 0xe5, 0x4e, 0x27, 0xaa, 0xd4, 0x12, 0x9f, 0x96,
    0xcd, 0x3c, 0xd1, 0xc2, 0xdf, 0xf7, 0xeb, 0xb3, 0xdf, 0xba, 0xe4, 0x4b,
    0xaa, 0xcd, 0x7f, 0x1a, 0xd5, 0x47, 0xb7, 0xb6, 0xc5, 0xe3, 0xb5, 0xa7,
    0x8e, 0xf7, 0xff, 0xff, 0x04, 0x00, 0x00, 0x00, 0x30, 0x00, 0x00, 0x00,
    0xd8, 0x2e, 0x04, 0x8c, 0x1e, 0x9e, 0xfe, 0x31, 0x18, 0x20, 0xc2, 0x33,
    0xab, 0xcb, 0x14, 0x02, 0xdb, 0x39, 0x39, 0xaa, 0xe5, 0x17, 0xb7, 0xa5,
    0xfb, 0x36, 0x18, 0x08, 0xf1, 0x04, 0x06, 0x04, 0x0b, 0xb6, 0xf1, 0x3a,
    0xd6, 0xc6, 0x39, 0x2b, 0xdb, 0x49, 0x8c, 0xc1, 0xbd, 0xda, 0xb5, 0x80,
    0xca, 0xf7, 0xff, 0xff, 0x04, 0x00, 0x00, 0x00, 0x00, 0x06, 0x00, 0x00,
    0x97, 0x5e, 0x99, 0xf5, 0xad, 0x33, 0x36, 0x10, 0xd5, 0x56, 0x2f, 0xe5,
    0x3a, 0x50, 0x52, 0x30, 0x1d, 0x9e, 0x4e, 0x41, 0x68, 0x6f, 0xab, 0x5f,
    0x72, 0x8d, 0x63, 0x22, 0x10, 0xd2, 0x1e, 0x8c, 0x81, 0xef, 0x3a, 0x43,
    0xd9, 0xba, 0xfc, 0xa2, 0x09, 0x28, 0x98, 0x91, 0x55, 0x2f, 0xad, 0x31,
    0xab, 0xe0, 0x86, 0x0b, 0xd8, 0xe7, 0xa5, 0x68, 0xf7, 0xca, 0x08, 0xea,
    0x48, 0xd8, 0xf2, 0x18, 0x35, 0x37, 0x77, 0xb8, 0x4d, 0x17, 0x68, 0xaf,
    0x4e, 0xb8, 0x69, 0x72, 0xa8, 0xeb, 0x5d, 0x2f, 0xb3, 0xc5, 0xc1, 0x2b,
    0xc5, 0x4f, 0x7f, 0x0c, 0x71, 0x9a, 0x01, 0x4d, 0xe3, 0x30, 0x45, 0x1b,
    0x5f, 0x7f, 0xbb, 0xe4, 0x1c, 0x5d, 0x13, 0x53, 0xc7, 0x63, 0xd4, 0xc2,
    0x56, 0x4c, 0x55, 0xd9, 0xc2, 0x98, 0x4d, 0x4e, 0x9f, 0xfb, 0xaa, 0x17,
    0x47, 0xfe, 0x7a, 0xe2, 0xb3, 0x66, 0x58, 0x9b, 0x50, 0x60, 0xa9, 0x35,
    0x1c, 0xed, 0x6d, 0x5f, 0x00, 0x24, 0xba, 0x35, 0x23, 0x25, 0x2a, 0x0e,
    0x00, 0x30, 0x6d, 0xb5, 0x74, 0x76, 0xe6, 0x29, 0x30, 0x5d, 0x5d, 0x10,
    0x0f, 0xcb, 0xca, 0xf0, 0xac, 0xd6, 0xc0, 0x7f, 0xa8, 0x35, 0xc8, 0xc3,
    0x8f, 0xce, 0xfc, 0xc2, 0xc7, 0x64, 0xfb, 0x08, 0x07, 0xd0, 0xee, 0x52,
    0x07, 0xb2, 0xc5, 0x72, 0xc1, 0x6b, 0x18, 0x04, 0x11, 0xdb, 0x22, 0x2e,
    0xc4, 0xf0, 0x4b, 0x03, 0xed, 0xce, 0x32, 0xc5, 0xff, 0xcb, 0x18, 0x1f,
    0x03, 0x19, 0x81, 0xbd, 0x17, 0x49, 0xe1, 0x13, 0xdd, 0xc2, 0xe4, 0x24,
    0xe4, 0x20, 0x0d, 0xbd, 0xdd, 0xe1, 0xcd, 0xf9, 0x00, 0xe7, 0x16, 0xf8,
    0xc7, 0xb9, 0x87, 0x00, 0xaf, 0xfa, 0xd8, 0xf2, 0xb4, 0x31, 0x1f, 0xd8,
    0x45, 0x21, 0xec, 0xef, 0xe0, 0xdc, 0x09, 0x7f, 0x04, 0xc1, 0x1c, 0xe5,
    0x20, 0xd8, 0x07, 0x01, 0x24, 0x94, 0x2a, 0xde, 0x0a, 0xae, 0xc5, 0xe9,
    0x35, 0x98, 0x46, 0x45, 0x0a, 0x36, 0x0f, 0xf8, 0xe9, 0x17, 0x1a, 0x4f,
    0x33, 0x41, 0x06, 0x48, 0xea, 0xf4, 0xc8, 0x51, 0x26, 0xef, 0x24, 0xef,
    0xac, 0xb6, 0x7f, 0x6b, 0x08, 0xba, 0x00, 0xe8, 0xe1, 0x18, 0x38, 0xbb,
    0x6e, 0xf3, 0xc2, 0xe4, 0x14, 0xf0, 0x2a, 0x06, 0x92, 0x0c, 0xcf, 0x26,
    0xdc, 0x6a, 0xae, 0xbb, 0xf2, 0x4e, 0xd4, 0x37, 0x59, 0x59, 0x48, 0x14,
    0x08, 0x5b, 0x99, 0x18, 0x64, 0x45, 0xdf, 0x2e, 0x07, 0xc6, 0xad, 0x05,
    0x13, 0xae, 0x48, 0x09, 0xfe, 0x26, 0xf5, 0x96, 0x06, 0xc6, 0xf9, 0xab,
    0xd9, 0xab, 0xce, 0x07, 0x31, 0x3e, 0xdc, 0xcc, 0xc9, 0xbf, 0x05, 0x45,
    0x2d, 0xc3, 0x2a, 0x02, 0x5f, 0x16, 0xa9, 0xc1, 0xb7, 0xf1, 0xdd, 0x9a,
    0xa5, 0xa2, 0xca, 0xa5, 0xd1, 0xe3, 0xb9, 0x15, 0x81, 0xf5, 0xef, 0x9b,
    0xdf, 0x44, 0x59, 0x09, 0xc0, 0x1b, 0xd8, 0xe6, 0xca, 0x35, 0x45, 0xd4,
    0xcc, 0xe4, 0xa1, 0xed, 0x07, 0x2e, 0xce, 0xf8, 0xca, 0x2f, 0xe9, 0x50,
    0xe8, 0x00, 0xa8, 0x9a, 0xe3, 0xdb, 0xf9, 0x31, 0xd6, 0xad, 0xbe, 0xe9,
    0x15, 0x81, 0xda, 0x0c, 0xa0, 0x11, 0xa7, 0xd2, 0xa9, 0xfc, 0x06, 0x9f,
    0xce, 0x3e, 0x27, 0xf3, 0xac, 0x47, 0xf6, 0x24, 0xe7, 0xce, 0xe2, 0xf9,
    0x21, 0xbd, 0x38, 0x52, 0x29, 0x2b, 0x5b, 0x21, 0x29, 0x46, 0x14, 0xb6,
    0x5e, 0xa9, 0x3f, 0xeb, 0x04, 0x90, 0xdd, 0xb7, 0x54, 0x13, 0x7f, 0x4f,
    0x3f, 0x53, 0x4a, 0xb5, 0xe1, 0xcd, 0x00, 0x30, 0x73, 0xc6, 0xd4, 0xff,
    0xc8, 0x18, 0xeb, 0x23, 0x97, 0xc8, 0xa6, 0x0d, 0x61, 0x28, 0xed, 0x1f,
    0xd0, 0xa9, 0xc3, 0xbb, 0x37, 0x53, 0xaa, 0x22, 0xda, 0xb5, 0x26, 0x20,
    0x05, 0x20, 0x26, 0xeb, 0xd7, 0x45, 0x4e, 0x32, 0x47, 0x81, 0x43, 0xc4,
    0x31, 0x42, 0xce, 0xb8, 0xff, 0x21, 0xd6, 0xa1, 0x36, 0x9f, 0x49, 0x01,
    0xc1, 0xf4, 0x7f, 0x32, 0x46, 0xb9, 0x5b, 0x9b, 0xcd, 0x0e, 0xbe, 0x43,
    0x5f, 0xac, 0xf8, 0x0e, 0x00, 0x0e, 0xf8, 0x35, 0x87, 0x34, 0xf9, 0xdb,
    0x35, 0x37, 0x35, 0xd9, 0x30, 0x1e, 0x5a, 0x01, 0x12, 0xc8, 0x9f, 0xb5,
    0xb4, 0xa7, 0xaf, 0xeb, 0x0a, 0xc7, 0x3e, 0xbe, 0x96, 0xc2, 0xec, 0x04,
    0xb7, 0xfc, 0x00, 0xb3, 0xcc, 0x0c, 0xf2, 0xdb, 0xd3, 0x4b, 0xbc, 0x84,
    0x20, 0x0a, 0x59, 0xa7, 0x0a, 0x32, 0x0f, 0xc4, 0xe6, 0x0a, 0x4d, 0x24,
    0x44, 0xcb, 0x15, 0x52, 0x81, 0xb8, 0x4b, 0xff, 0xa0, 0xe8, 0xcc, 0xf0,
    0xee, 0x42, 0xef, 0x2a, 0x30, 0x17, 0x1d, 0xc0, 0x51, 0x21, 0x0f, 0xf4,
    0xfb, 0x7f, 0xfa, 0xbb, 0xb1, 0x42, 0x43, 0x39, 0x25, 0xe3, 0xe5, 0x3d,
    0xef, 0xb2, 0x26, 0xbb, 0xda, 0xa4, 0x14, 0xdc, 0x10, 0xc9, 0xc5, 0x41,
    0xb9, 0x06, 0xe4, 0x2e, 0x0f, 0xe4, 0xd2, 0x21, 0x13, 0xf8, 0x3d, 0x40,
    0x43, 0x07, 0x3f, 0x0c, 0xbe, 0x15, 0x29, 0x25, 0x0d, 0xd1, 0xe8, 0x58,
    0xe0, 0x55, 0xd8, 0x5b, 0xd2, 0x81, 0x29, 0xd8, 0xf1, 0x1d, 0xc7, 0x28,
    0x3d, 0xee, 0xf9, 0x9e, 0x99, 0x8f, 0x12, 0x8a, 0xcf, 0x9a, 0xc9, 0xed,
    0x05, 0x4a, 0x4a, 0x5d, 0x86, 0x44, 0x1f, 0x3e, 0xc9, 0x0e, 0xc9, 0xd4,
    0x19, 0xe6, 0xdf, 0xa5, 0x93, 0xfe, 0x90, 0x46, 0x04, 0xe9, 0x11, 0xb5,
    0xbf, 0xaf, 0x33, 0xb1, 0xb9, 0xdb, 0x12, 0x45, 0x0c, 0x32, 0xfb, 0x51,
    0xd8, 0x32, 0x05, 0x15, 0xba, 0xdd, 0xd7, 0x42, 0x3d, 0x21, 0xfd, 0x24,
    0x09, 0xf4, 0xaa, 0xa3, 0xf3, 0x81, 0xab, 0x33, 0x35, 0xc7, 0x4e, 0x43,
    0xfc, 0x2d, 0xd2, 0x2f, 0xf0, 0x46, 0x28, 0x29, 0x3d, 0xc4, 0xad, 0x29,
    0x4e, 0xdb, 0x3b, 0xde, 0x3a, 0x4d, 0xf7, 0xfc, 0x03, 0xdd, 0xe9, 0xd5,
    0xe4, 0x46, 0x6a, 0x11, 0x85, 0xf7, 0x55, 0x48, 0x17, 0xf0, 0xfc, 0xc7,
    0x03, 0x42, 0x65, 0x00, 0xc4, 0x22, 0x0e, 0xce, 0x3c, 0xe8, 0x81, 0xca,
    0x41, 0x07, 0x36, 0x9f, 0x09, 0x04, 0xc6, 0x2b, 0xed, 0xc5, 0xc8, 0xd5,
    0x33, 0x4c, 0xda, 0x4e, 0xf3, 0xa4, 0xda, 0xa6, 0xcd, 0x00, 0xa2, 0x0c,
    0x98, 0x5d, 0xdc, 0xbb, 0x16, 0xf7, 0xa0, 0x87, 0x81, 0x3a, 0x9c, 0x3c,
    0xf6, 0xd6, 0xda, 0xaf, 0x28, 0xe5, 0xdf, 0x23, 0x86, 0xee, 0xda, 0xaf,
    0xfa, 0x46, 0x9b, 0x3e, 0xee, 0xed, 0x0f, 0xdc, 0x2e, 0xf0, 0x0e, 0x1b,
    0xd5, 0x84, 0x4b, 0x51, 0x2d, 0xff, 0x4f, 0xa8, 0xe3, 0x45, 0x30, 0xfa,
    0x50, 0xf2, 0x14, 0x50, 0x86, 0x45, 0x43, 0xc9, 0xa5, 0xb3, 0xdb, 0x09,
    0xcb, 0x1a, 0xf3, 0xbb, 0x6e, 0x0d, 0x2b, 0x2d, 0xb5, 0x3a, 0xd1, 0xf9,
    0x1b, 0xa3, 0xfa, 0xdb, 0xb0, 0x1b, 0xe8, 0xc9, 0xfd, 0x4c, 0x81, 0x12,
    0xb7, 0xdf, 0x0a, 0xc1, 0x4b, 0x3a, 0x3a, 0x81, 0x11, 0x39, 0x1b, 0xf1,
    0x24, 0xd5, 0x5b, 0xfa, 0xb4, 0x3e, 0x22, 0x01, 0x17, 0x25, 0x64, 0x59,
    0x00, 0x39, 0xca, 0x2d, 0x04, 0xe8, 0x3e, 0xfb, 0xd6, 0x3f, 0xcb, 0xd7,
    0x00, 0xe0, 0xc3, 0x12, 0x6a, 0x19, 0xd3, 0x32, 0x3e, 0x2d, 0xd3, 0xad,
    0x44, 0x41, 0xe9, 0x50, 0xe5, 0xdd, 0x06, 0x5b, 0x96, 0x62, 0xde, 0x2f,
    0x9c, 0xcf, 0x81, 0xcd, 0x17, 0xb1, 0x25, 0xe9, 0x2b, 0xf4, 0x36, 0xd6,
    0x0f, 0x40, 0xa2, 0xfe, 0x2f, 0x6c, 0x32, 0xf1, 0x06, 0xc9, 0xf9, 0xfa,
    0xdf, 0xee, 0x26, 0x68, 0x04, 0x4e, 0xcf, 0x50, 0xfd, 0x3d, 0x31, 0x70,
    0x53, 0x78, 0xe0, 0x15, 0xbb, 0x03, 0x1d, 0x12, 0xae, 0x22, 0xbc, 0x0f,
    0x2b, 0x3c, 0x81, 0xb0, 0x00, 0xe3, 0xaa, 0xc2, 0xfa, 0xf3, 0xe9, 0xc6,
    0xff, 0x23, 0xbb, 0x56, 0x31, 0xdb, 0x43, 0x43, 0xd0, 0x51, 0xb1, 0x10,
    0x09, 0xd8, 0xf6, 0x5f, 0x87, 0x16, 0x25, 0xcd, 0xf0, 0x48, 0xd0, 0x2e,
    0x5e, 0xbe, 0x01, 0xd6, 0x36, 0xfe, 0x5a, 0x30, 0x40, 0xbe, 0x1e, 0xcd,
    0xea, 0x6d, 0x41, 0x30, 0x81, 0xbd, 0xc6, 0x2d, 0xe3, 0x2a, 0x10, 0x26,
    0xda, 0x2e, 0xb2, 0xc7, 0xff, 0xc7, 0x11, 0x27, 0xef, 0xc4, 0xfe, 0x76,
    0xd5, 0x9e, 0x12, 0xb3, 0x41, 0x4b, 0xf4, 0xc4, 0x9d, 0xf9, 0x9c, 0x24,
    0xff, 0xef, 0x40, 0xc3, 0x0d, 0xb0, 0x38, 0xde, 0x32, 0x55, 0xe9, 0xba,
    0x2a, 0x19, 0x8f, 0x49, 0xf9, 0x46, 0xb9, 0x17, 0x0d, 0x21, 0xb8, 0x2a,
    0x07, 0x0f, 0xe0, 0x27, 0xf1, 0x94, 0xc4, 0x2b, 0x58, 0x2b, 0x36, 0x8d,
    0xb7, 0x44, 0x81, 0x69, 0x36, 0x04, 0xd1, 0xe7, 0x37, 0x1c, 0xfa, 0x1e,
    0x57, 0xc3, 0x28, 0xec, 0x75, 0x56, 0xc0, 0xc2, 0x3f, 0x4a, 0xa3, 0xdc,
    0x17, 0x22, 0xad, 0x5e, 0x36, 0x43, 0xf1, 0xbf, 0xe9, 0xda, 0x05, 0xfb,
    0x95, 0x46, 0xd2, 0xe0, 0x1d, 0x65, 0xe3, 0x17, 0x04, 0x27, 0x8f, 0x51,
    0x21, 0xae, 0xba, 0x7f, 0xb1, 0x5e, 0x6a, 0x22, 0x8a, 0x08, 0x44, 0xe2,
    0xbf, 0x70, 0xfd, 0x0a, 0xa0, 0x07, 0x25, 0x7f, 0x48, 0xd0, 0xe4, 0x51,
    0xe7, 0xb8, 0xea, 0xff, 0x27, 0x2f, 0xb5, 0x1a, 0x39, 0x2d, 0xd7, 0x4f,
    0xd5, 0x20, 0x09, 0x64, 0x65, 0xca, 0xc5, 0xfa, 0xe7, 0x41, 0x05, 0x1f,
    0x38, 0x3c, 0xd1, 0x48, 0xa9, 0x0d, 0xc3, 0x0d, 0xd7, 0xe0, 0x50, 0x44,
    0x18, 0x40, 0x0e, 0x19, 0x7b, 0x38, 0x2d, 0xd9, 0xb9, 0x42, 0x60, 0xd8,
    0xb4, 0x55, 0x29, 0xc4, 0x81, 0xcc, 0x47, 0x00, 0xc4, 0xf1, 0xfd, 0x20,
    0xef, 0x4a, 0x62, 0x04, 0x7a, 0x05, 0x1e, 0x0e, 0xf3, 0xf7, 0xde, 0xdd,
    0xfc, 0xa7, 0xf2, 0x74, 0xb7, 0x45, 0x30, 0x1a, 0x52, 0x60, 0xdb, 0xf6,
    0x3a, 0xfb, 0x43, 0x12, 0xf7, 0xf4, 0x25, 0xd5, 0x6c, 0xeb, 0x03, 0xe9,
    0x15, 0xce, 0x75, 0x71, 0xb7, 0x22, 0x20, 0xb6, 0xcd, 0x03, 0x68, 0x06,
    0xe9, 0x54, 0x07, 0x7f, 0x98, 0xb2, 0x60, 0xd7, 0x13, 0xdb, 0x5c, 0xab,
    0x43, 0xda, 0x40, 0xb8, 0x5f, 0xc3, 0xe3, 0x3a, 0xf6, 0xbd, 0x03, 0xb6,
    0xf8, 0x0d, 0xbf, 0x55, 0x62, 0x44, 0xf7, 0x76, 0xdd, 0x2f, 0xbb, 0x58,
    0xc2, 0xf8, 0xb5, 0x3b, 0x35, 0xaa, 0x15, 0xea, 0x41, 0xbf, 0x2f, 0xcb,
    0xb0, 0xad, 0xee, 0xdb, 0x5a, 0x51, 0xd8, 0xd3, 0xd4, 0xfb, 0xe9, 0x7f,
    0xdf, 0xd2, 0x54, 0xd2, 0x3a, 0x46, 0x27, 0x2f, 0xf7, 0xb4, 0xb8, 0x04,
    0xf8, 0x01, 0xa6, 0xf0, 0xbe, 0x2d, 0x07, 0x7f, 0xcc, 0x14, 0xaf, 0x76,
    0x1e, 0x32, 0xf1, 0xd5, 0x3a, 0x04, 0x19, 0xed, 0xfd, 0x29, 0x2b, 0xf2,
    0x1e, 0xae, 0xd7, 0xde, 0xcb, 0x15, 0xf0, 0xc2, 0x31, 0xc8, 0xe2, 0x42,
    0xf6, 0xf7, 0x3e, 0xde, 0xdb, 0xd2, 0xf4, 0x17, 0x19, 0xe3, 0xea, 0xfd,
    0xe4, 0x19, 0xe9, 0xdc, 0xeb, 0xcb, 0x27, 0x18, 0x36, 0x50, 0xe6, 0xc0,
    0x08, 0xa7, 0x3b, 0x22, 0x1e, 0x33, 0x60, 0x14, 0x0b, 0xe9, 0xf7, 0xd3,
    0xc3, 0xda, 0xf3, 0xc4, 0x81, 0xac, 0xea, 0x1f, 0xab, 0xbd, 0x19, 0xc2,
    0xa0, 0xf1, 0xf1, 0xca, 0x54, 0xea, 0xfc, 0xf9, 0x37, 0xc3, 0xfe, 0x19,
    0x2d, 0xdf, 0x0d, 0x05, 0xc6, 0xcd, 0x3d, 0x9e, 0xcf, 0xd1, 0x48, 0x15,
    0x3e, 0xf7, 0x26, 0xf7, 0x33, 0x54, 0x81, 0x07, 0x4d, 0xf9, 0x05, 0xb4,
    0x10, 0x55, 0x18, 0xd8, 0x2e, 0xc1, 0xa3, 0xc1, 0x1f, 0x47, 0x01, 0x9f,
    0xab, 0x28, 0x99, 0x2e, 0xea, 0x00, 0x26, 0x3a, 0x00, 0xbb, 0x23, 0xb5,
    0xd6, 0xfd, 0xff, 0xff, 0x04, 0x00, 0x00, 0x00, 0x80, 0x00, 0x00, 0x00,
    0x40, 0xff, 0xff, 0xff, 0x3a, 0x00, 0x00, 0x00, 0x03, 0xff, 0xff, 0xff,
    0xa4, 0x02, 0x00, 0x00, 0x77, 0x00, 0x00, 0x00, 0x37, 0x00, 0x00, 0x00,
    0xe2, 0x01, 0x00, 0x00, 0x8b, 0xff, 0xff, 0xff, 0xe9, 0xfe, 0xff, 0xff,
    0x76, 0x02, 0x00, 0x00, 0xcf, 0xfe, 0xff, 0xff, 0x05, 0x01, 0x00, 0x00,
    0xb3, 0x00, 0x00, 0x00, 0x99, 0x00, 0x00, 0x00, 0x82, 0xfc, 0xff, 0xff,
    0x1c, 0x00, 0x00, 0x00, 0x9c, 0x02, 0x00, 0x00, 0x42, 0xff, 0xff, 0xff,
    0xb7, 0x01, 0x00, 0x00, 0xca, 0x01, 0x00, 0x00, 0x69, 0xfe, 0xff, 0xff,
    0x4d, 0xff, 0xff, 0xff, 0xc2, 0x01, 0x00, 0x00, 0x7b, 0xff, 0xff, 0xff,
    0x98, 0x01, 0x00, 0x00, 0xb3, 0x01, 0x00, 0x00, 0x00, 0x03, 0x00, 0x00,
    0x89, 0x01, 0x00, 0x00, 0xf0, 0x01, 0x00, 0x00, 0x5d, 0xff, 0xff, 0xff,
    0x82, 0xfe, 0xff, 0xff, 0x44, 0xff, 0xff, 0xff, 0x62, 0xfe, 0xff, 0xff,
    0x04, 0x00, 0x00, 0x00, 0xa0, 0x00, 0x00, 0x00, 0xfe, 0xeb, 0x03, 0xbc,
    0x69, 0x43, 0xc7, 0x3d, 0x1f, 0x3c, 0xac, 0x34, 0xe5, 0x4e, 0x32, 0x50,
    0xf1, 0xe6, 0x15, 0x98, 0x17, 0xb7, 0xb9, 0x14, 0xec, 0x45, 0xac, 0x08,
    0x7a, 0x7f, 0xd4, 0xaa, 0xb9, 0x82, 0x45, 0x4a, 0xfe, 0x0e, 0x37, 0xca,
    0x4f, 0x07, 0xc4, 0x06, 0x05, 0x4f, 0xb4, 0x06, 0x96, 0xc0, 0xdd, 0x9d,
    0x3e, 0x42, 0x89, 0x60, 0x47, 0x48, 0x37, 0x81, 0x1c, 0xab, 0xac, 0x19,
    0xcb, 0x87, 0x03, 0x27, 0x92, 0x86, 0x45, 0xb8, 0x8a, 0x96, 0x39, 0x65,
    0xd6, 0x81, 0xfd, 0x17, 0x2c, 0x90, 0x27, 0xf9, 0xf1, 0xb6, 0x40, 0xfd,
    0x42, 0x9b, 0x3e, 0x27, 0x52, 0xea, 0x16, 0x90, 0x5a, 0xf5, 0x43, 0x84,
    0x23, 0x01, 0xac, 0xf6, 0x38, 0x3e, 0xb8, 0xb1, 0x7c, 0xce, 0xbe, 0x98,
    0x34, 0x27, 0xb2, 0x0a, 0xbf, 0x81, 0xc1, 0xe7, 0x92, 0xd8, 0x3a, 0x51,
    0xdf, 0xcb, 0x78, 0xaa, 0xfe, 0xdb, 0x81, 0xbb, 0x22, 0xe5, 0x35, 0x18,
    0x41, 0x3c, 0x04, 0x2c, 0xea, 0xc0, 0x50, 0x58, 0xdb, 0xba, 0xe5, 0xee,
    0xed, 0x94, 0x97, 0x71, 0x00, 0x40, 0xcd, 0x2b, 0xa4, 0xbf, 0x00, 0x75,
    0x0e, 0xff, 0xff, 0xff, 0x04, 0x00, 0x00, 0x00, 0x14, 0x00, 0x00, 0x00,
    0x0b, 0x00, 0x00, 0x00, 0x25, 0xfe, 0xff, 0xff, 0x52, 0x01, 0x00, 0x00,
    0xca, 0xff, 0xff, 0xff, 0x8e, 0x00, 0x00, 0x00, 0x2e, 0xff, 0xff, 0xff,
    0x04, 0x00, 0x00, 0x00, 0x08, 0x00, 0x00, 0x00, 0x01, 0x00, 0x00, 0x00,
    0x02, 0x00, 0x00, 0x00, 0x2c, 0xd2, 0xff, 0xff, 0x30, 0xd2, 0xff, 0xff,
    0x0f, 0x00, 0x00, 0x00, 0x4d, 0x4c, 0x49, 0x52, 0x20, 0x43, 0x6f, 0x6e,
    0x76, 0x65, 0x72, 0x74, 0x65, 0x64, 0x2e, 0x00, 0x01, 0x00, 0x00, 0x00,
    0x14, 0x00, 0x00, 0x00, 0x00, 0x00, 0x0e, 0x00, 0x18, 0x00, 0x14, 0x00,
    0x10, 0x00, 0x0c, 0x00, 0x08, 0x00, 0x04, 0x00, 0x0e, 0x00, 0x00, 0x00,
    0x14, 0x00, 0x00, 0x00, 0x1c, 0x00, 0x00, 0x00, 0xc0, 0x04, 0x00, 0x00,
    0xc4, 0x04, 0x00, 0x00, 0xc8, 0x04, 0x00, 0x00, 0x04, 0x00, 0x00, 0x00,
    0x6d, 0x61, 0x69, 0x6e, 0x00, 0x00, 0x00, 0x00, 0x12, 0x00, 0x00, 0x00,
    0x5c, 0x04, 0x00, 0x00, 0x18, 0x04, 0x00, 0x00, 0xd4, 0x03, 0x00, 0x00,
    0x80, 0x03, 0x00, 0x00, 0x20, 0x03, 0x00, 0x00, 0xd0, 0x02, 0x00, 0x00,
    0x9c, 0x02, 0x00, 0x00, 0x68, 0x02, 0x00, 0x00, 0x24, 0x02, 0x00, 0x00,
    0xe0, 0x01, 0x00, 0x00, 0x9c, 0x01, 0x00, 0x00, 0x68, 0x01, 0x00, 0x00,
    0x34, 0x01, 0x00, 0x00, 0xf0, 0x00, 0x00, 0x00, 0xbc, 0x00, 0x00, 0x00,
    0x78, 0x00, 0x00, 0x00, 0x40, 0x00, 0x00, 0x00, 0x04, 0x00, 0x00, 0x00,
    0xca, 0xfc, 0xff, 0xff, 0x1c, 0x00, 0x00, 0x00, 0x00, 0x00, 0x00, 0x09,
    0x1c, 0x00, 0x00, 0x00, 0x20, 0x00, 0x00, 0x00, 0x07, 0x00, 0x00, 0x00,
    0x00, 0x00, 0x06, 0x00, 0x08, 0x00, 0x04, 0x00, 0x06, 0x00, 0x00, 0x00,
    0x00, 0x00, 0x80, 0x3f, 0x01, 0x00, 0x00, 0x00, 0x27, 0x00, 0x00, 0x00,
    0x01, 0x00, 0x00, 0x00, 0x26, 0x00, 0x00, 0x00, 0x72, 0xfc, 0xff, 0xff,
    0x14, 0x00, 0x00, 0x00, 0x00, 0x00, 0x00, 0x08, 0x10, 0x00, 0x00, 0x00,
    0x14, 0x00, 0x00, 0x00, 0x06, 0x00, 0x00, 0x00, 0x20, 0xd3, 0xff, 0xff,
    0x01, 0x00, 0x00, 0x00, 0x26, 0x00, 0x00, 0x00, 0x03, 0x00, 0x00, 0x00,
    0x25, 0x00, 0x00, 0x00, 0x03, 0x00, 0x00, 0x00, 0x02, 0x00, 0x00, 0x00,
    0x36, 0xfd, 0xff, 0xff, 0x1c, 0x00, 0x00, 0x00, 0x00, 0x00, 0x00, 0x08,
    0x1c, 0x00, 0x00, 0x00, 0x20, 0x00, 0x00, 0x00, 0x06, 0x00, 0x00, 0x00,
    0x00, 0x00, 0x06, 0x00, 0x08, 0x00, 0x07, 0x00, 0x06, 0x00, 0x00, 0x00,
    0x00, 0x00, 0x00, 0x01, 0x01, 0x00, 0x00, 0x00, 0x25, 0x00, 0x00, 0x00,
    0x03, 0x00, 0x00, 0x00, 0x24, 0x00, 0x00, 0x00, 0x05, 0x00, 0x00, 0x00,
    0x04, 0x00, 0x00, 0x00, 0xe6, 0xfc, 0xff, 0xff, 0x14, 0x00, 0x00, 0x00,
    0x00, 0x00, 0x00, 0x1b, 0x10, 0x00, 0x00, 0x00, 0x14, 0x00, 0x00, 0x00,
    0x05, 0x00, 0x00, 0x00, 0x94, 0xd3, 0xff, 0xff, 0x01, 0x00, 0x00, 0x00,
    0x24, 0x00, 0x00, 0x00, 0x02, 0x00, 0x00, 0x00, 0x23, 0x00, 0x00, 0x00,
    0x01, 0x00, 0x00, 0x00, 0x16, 0xfd, 0xff, 0xff, 0x14, 0x00, 0x00, 0x00,
    0x00, 0x00, 0x00, 0x05, 0x24, 0x00, 0x00, 0x00, 0x28, 0x00, 0x00, 0x00,
    0x03, 0x00, 0x00, 0x00, 0x96, 0xfd, 0xff, 0xff, 0x02, 0x00, 0x00, 0x00,
    0x02, 0x00, 0x00, 0x00, 0x02, 0x00, 0x00, 0x00, 0x02, 0x00, 0x00, 0x00,
    0x00, 0x00, 0x00, 0x01, 0x01, 0x00, 0x00, 0x00, 0x23, 0x00, 0x00, 0x00,
    0x01, 0x00, 0x00, 0x00, 0x22, 0x00, 0x00, 0x00, 0x56, 0xfd, 0xff, 0xff,
    0x14, 0x00, 0x00, 0x00, 0x00, 0x00, 0x00, 0x0b, 0x10, 0x00, 0x00, 0x00,
    0x14, 0x00, 0x00, 0x00, 0x02, 0x00, 0x00, 0x00, 0x04, 0xd4, 0xff, 0xff,
    0x01, 0x00, 0x00, 0x00, 0x22, 0x00, 0x00, 0x00, 0x02, 0x00, 0x00, 0x00,
    0x21, 0x00, 0x00, 0x00, 0x06, 0x00, 0x00, 0x00, 0x86, 0xfd, 0xff, 0xff,
    0x14, 0x00, 0x00, 0x00, 0x00, 0x00, 0x00, 0x15, 0x10, 0x00, 0x00, 0x00,
    0x14, 0x00, 0x00, 0x00, 0x01, 0x00, 0x00, 0x00, 0x34, 0xd4, 0xff, 0xff,
    0x01, 0x00, 0x00, 0x00, 0x21, 0x00, 0x00, 0x00, 0x02, 0x00, 0x00, 0x00,
    0x20, 0x00, 0x00, 0x00, 0x07, 0x00, 0x00, 0x00, 0x76, 0xfd, 0xff, 0xff,
    0x10, 0x00, 0x00, 0x00, 0x00, 0x00, 0x00, 0x01, 0x1c, 0x00, 0x00, 0x00,
    0x20, 0x00, 0x00, 0x00, 0xe0, 0xfe, 0xff, 0xff, 0x00, 0x00, 0x00, 0x01,
    0x01, 0x00, 0x00, 0x00, 0x01, 0x00, 0x00, 0x00, 0x00, 0x00, 0x00, 0x01,
    0x01, 0x00, 0x00, 0x00, 0x20, 0x00, 0x00, 0x00, 0x03, 0x00, 0x00, 0x00,
    0x1f, 0x00, 0x00, 0x00, 0x09, 0x00, 0x00, 0x00, 0x08, 0x00, 0x00, 0x00,
    0xf6, 0xfd, 0xff, 0xff, 0x14, 0x00, 0x00, 0x00, 0x00, 0x00, 0x00, 0x02,
    0x1c, 0x00, 0x00, 0x00, 0x20, 0x00, 0x00, 0x00, 0x04, 0x00, 0x00, 0x00,
    0xd4, 0xfe, 0xff, 0xff, 0x01, 0x00, 0x00, 0x00, 0x01, 0x00, 0x00, 0x00,
    0x01, 0x00, 0x00, 0x00, 0x01, 0x00, 0x00, 0x00, 0x1f, 0x00, 0x00, 0x00,
    0x03, 0x00, 0x00, 0x00, 0x1e, 0x00, 0x00, 0x00, 0x0b, 0x00, 0x00, 0x00,
    0x0a, 0x00, 0x00, 0x00, 0x36, 0xfe, 0xff, 0xff, 0x14, 0x00, 0x00, 0x00,
    0x00, 0x00, 0x00, 0x05, 0x24, 0x00, 0x00, 0x00, 0x28, 0x00, 0x00, 0x00,
    0x03, 0x00, 0x00, 0x00, 0xb6, 0xfe, 0xff, 0xff, 0x02, 0x00, 0x00, 0x00,
    0x02, 0x00, 0x00, 0x00, 0x02, 0x00, 0x00, 0x00, 0x02, 0x00, 0x00, 0x00,
    0x00, 0x00, 0x00, 0x01, 0x01, 0x00, 0x00, 0x00, 0x1e, 0x00, 0x00, 0x00,
    0x01, 0x00, 0x00, 0x00, 0x1d, 0x00, 0x00, 0x00, 0x76, 0xfe, 0xff, 0xff,
    0x14, 0x00, 0x00, 0x00, 0x00, 0x00, 0x00, 0x0b, 0x10, 0x00, 0x00, 0x00,
    0x14, 0x00, 0x00, 0x00, 0x02, 0x00, 0x00, 0x00, 0x24, 0xd5, 0xff, 0xff,
    0x01, 0x00, 0x00, 0x00, 0x1d, 0x00, 0x00, 0x00, 0x02, 0x00, 0x00, 0x00,
    0x1c, 0x00, 0x00, 0x00, 0x0c, 0x00, 0x00, 0x00, 0xa6, 0xfe, 0xff, 0xff,
    0x14, 0x00, 0x00, 0x00, 0x00, 0x00, 0x00, 0x15, 0x10, 0x00, 0x00, 0x00,
    0x14, 0x00, 0x00, 0x00, 0x01, 0x00, 0x00, 0x00, 0x54, 0xd5, 0xff, 0xff,
    0x01, 0x00, 0x00, 0x00, 0x1c, 0x00, 0x00, 0x00, 0x02, 0x00, 0x00, 0x00,
    0x1b, 0x00, 0x00, 0x00, 0x0d, 0x00, 0x00, 0x00, 0x96, 0xfe, 0xff, 0xff,
    0x1c, 0x00, 0x00, 0x00, 0x00, 0x00, 0x00, 0x01, 0x28, 0x00, 0x00, 0x00,
    0x2c, 0x00, 0x00, 0x00, 0x0c, 0x00, 0x14, 0x00, 0x13, 0x00, 0x0c, 0x00,
    0x08, 0x00, 0x07, 0x00, 0x0c, 0x00, 0x00, 0x00, 0x00, 0x00, 0x00, 0x01,
    0x01, 0x00, 0x00, 0x00, 0x01, 0x00, 0x00, 0x00, 0x00, 0x00, 0x00, 0x01,
    0x01, 0x00, 0x00, 0x00, 0x1b, 0x00, 0x00, 0x00, 0x03, 0x00, 0x00, 0x00,
    0x1a, 0x00, 0x00, 0x00, 0x0f, 0x00, 0x00, 0x00, 0x0e, 0x00, 0x00, 0x00,
    0x22, 0xff, 0xff, 0xff, 0x20, 0x00, 0x00, 0x00, 0x00, 0x00, 0x00, 0x02,
    0x28, 0x00, 0x00, 0x00, 0x2c, 0x00, 0x00, 0x00, 0x04, 0x00, 0x00, 0x00,
    0x0c, 0x00, 0x10, 0x00, 0x00, 0x00, 0x0c, 0x00, 0x08, 0x00, 0x04, 0x00,
    0x0c, 0x00, 0x00, 0x00, 0x01, 0x00, 0x00, 0x00, 0x01, 0x00, 0x00, 0x00,
    0x01, 0x00, 0x00, 0x00, 0x01, 0x00, 0x00, 0x00, 0x1a, 0x00, 0x00, 0x00,
    0x03, 0x00, 0x00, 0x00, 0x19, 0x00, 0x00, 0x00, 0x11, 0x00, 0x00, 0x00,
    0x10, 0x00, 0x00, 0x00, 0x00, 0x00, 0x0e, 0x00, 0x1a, 0x00, 0x14, 0x00,
    0x10, 0x00, 0x0c, 0x00, 0x0b, 0x00, 0x04, 0x00, 0x0e, 0x00, 0x00, 0x00,
    0x24, 0x00, 0x00, 0x00, 0x00, 0x00, 0x00, 0x05, 0x34, 0x00, 0x00, 0x00,
    0x38, 0x00, 0x00, 0x00, 0x03, 0x00, 0x00, 0x00, 0x00, 0x00, 0x0e, 0x00,
    0x18, 0x00, 0x17, 0x00, 0x10, 0x00, 0x0c, 0x00, 0x08, 0x00, 0x04, 0x00,
    0x0e, 0x00, 0x00, 0x00, 0x02, 0x00, 0x00, 0x00, 0x02, 0x00, 0x00, 0x00,
    0x02, 0x00, 0x00, 0x00, 0x02, 0x00, 0x00, 0x00, 0x00, 0x00, 0x00, 0x01,
    0x01, 0x00, 0x00, 0x00, 0x19, 0x00, 0x00, 0x00, 0x01, 0x00, 0x00, 0x00,
    0x18, 0x00, 0x00, 0x00, 0xce, 0xff, 0xff, 0xff, 0x14, 0x00, 0x00, 0x00,
    0x00, 0x00, 0x00, 0x0b, 0x10, 0x00, 0x00, 0x00, 0x14, 0x00, 0x00, 0x00,
    0x02, 0x00, 0x00, 0x00, 0x7c, 0xd6, 0xff, 0xff, 0x01, 0x00, 0x00, 0x00,
    0x18, 0x00, 0x00, 0x00, 0x02, 0x00, 0x00, 0x00, 0x17, 0x00, 0x00, 0x00,
    0x12, 0x00, 0x00, 0x00, 0x00, 0x00, 0x0e, 0x00, 0x18, 0x00, 0x14, 0x00,
    0x10, 0x00, 0x0c, 0x00, 0x0b, 0x00, 0x04, 0x00, 0x0e, 0x00, 0x00, 0x00,
    0x14, 0x00, 0x00, 0x00, 0x00, 0x00, 0x00, 0x15, 0x10, 0x00, 0x00, 0x00,
    0x14, 0x00, 0x00, 0x00, 0x01, 0x00, 0x00, 0x00, 0xbc, 0xd6, 0xff, 0xff,
    0x01, 0x00, 0x00, 0x00, 0x17, 0x00, 0x00, 0x00, 0x02, 0x00, 0x00, 0x00,
    0x16, 0x00, 0x00, 0x00, 0x13, 0x00, 0x00, 0x00, 0x00, 0x00, 0x0e, 0x00,
    0x14, 0x00, 0x00, 0x00, 0x10, 0x00, 0x0c, 0x00, 0x0b, 0x00, 0x04, 0x00,
    0x0e, 0x00, 0x00, 0x00, 0x1c, 0x00, 0x00, 0x00, 0x00, 0x00, 0x00, 0x01,
    0x24, 0x00, 0x00, 0x00, 0x28, 0x00, 0x00, 0x00, 0x0c, 0x00, 0x10, 0x00,
    0x00, 0x00, 0x0c, 0x00, 0x08, 0x00, 0x07, 0x00, 0x0c, 0x00, 0x00, 0x00,
    0x00, 0x00, 0x00, 0x01, 0x01, 0x00, 0x00, 0x00, 0x01, 0x00, 0x00, 0x00,
    0x01, 0x00, 0x00, 0x00, 0x16, 0x00, 0x00, 0x00, 0x03, 0x00, 0x00, 0x00,
    0x00, 0x00, 0x00, 0x00, 0x15, 0x00, 0x00, 0x00, 0x14, 0x00, 0x00, 0x00,
    0x01, 0x00, 0x00, 0x00, 0x27, 0x00, 0x00, 0x00, 0x01, 0x00, 0x00, 0x00,
    0x00, 0x00, 0x00, 0x00, 0x28, 0x00, 0x00, 0x00, 0x2c, 0x29, 0x00, 0x00,
    0xa0, 0x28, 0x00, 0x00, 0xe8, 0x27, 0x00, 0x00, 0x44, 0x27, 0x00, 0x00,
    0x48, 0x25, 0x00, 0x00, 0x64, 0x23, 0x00, 0x00, 0xe0, 0x22, 0x00, 0x00,
    0x5c, 0x22, 0x00, 0x00, 0x28, 0x1f, 0x00, 0x00, 0x64, 0x1c, 0x00, 0x00,
    0x90, 0x1a, 0x00, 0x00, 0x6c, 0x18, 0x00, 0x00, 0xd0, 0x17, 0x00, 0x00,
    0x4c, 0x17, 0x00, 0x00, 0xe0, 0x14, 0x00, 0x00, 0xdc, 0x12, 0x00, 0x00,
    0xc8, 0x11, 0x00, 0x00, 0x78, 0x10, 0x00, 0x00, 0xf8, 0x0f, 0x00, 0x00,
    0x74, 0x0f, 0x00, 0x00, 0xf8, 0x0d, 0x00, 0x00, 0xc4, 0x0c, 0x00, 0x00,
    0xd8, 0x0b, 0x00, 0x00, 0x34, 0x0b, 0x00, 0x00, 0x90, 0x0a, 0x00, 0x00,
    0xf4, 0x09, 0x00, 0x00, 0x48, 0x09, 0x00, 0x00, 0x2c, 0x08, 0x00, 0x00,
    0x80, 0x07, 0x00, 0x00, 0xd4, 0x06, 0x00, 0x00, 0x38, 0x06, 0x00, 0x00,
    0x84, 0x05, 0x00, 0x00, 0x60, 0x04, 0x00, 0x00, 0xb4, 0x03, 0x00, 0x00,
    0x08, 0x03, 0x00, 0x00, 0x6c, 0x02, 0x00, 0x00, 0xd8, 0x01, 0x00, 0x00,
    0x24, 0x01, 0x00, 0x00, 0x80, 0x00, 0x00, 0x00, 0x04, 0x00, 0x00, 0x00,
    0x8a, 0xd7, 0xff, 0xff, 0x00, 0x00, 0x00, 0x01, 0x18, 0x00, 0x00, 0x00,
    0x20, 0x00, 0x00, 0x00, 0x3c, 0x00, 0x00, 0x00, 0x28, 0x00, 0x00, 0x00,
    0x00, 0x00, 0x00, 0x09, 0x50, 0x00, 0x00, 0x00, 0x02, 0x00, 0x00, 0x00,
    0xff, 0xff, 0xff, 0xff, 0x05, 0x00, 0x00, 0x00, 0x6c, 0xd7, 0xff, 0xff,
    0x08, 0x00, 0x00, 0x00, 0x10, 0x00, 0x00, 0x00, 0x01, 0x00, 0x00, 0x00,
    0x80, 0xff, 0xff, 0xff, 0xff, 0xff, 0xff, 0xff, 0x01, 0x00, 0x00, 0x00,
    0x00, 0x00, 0x80, 0x3b, 0x1b, 0x00, 0x00, 0x00, 0x53, 0x74, 0x61, 0x74,
    0x65, 0x66, 0x75, 0x6c, 0x50, 0x61, 0x72, 0x74, 0x69, 0x74, 0x69, 0x6f,
    0x6e, 0x65, 0x64, 0x43, 0x61, 0x6c, 0x6c, 0x5f, 0x31, 0x3a, 0x30, 0x00,
    0x02, 0x00, 0x00, 0x00, 0x01, 0x00, 0x00, 0x00, 0x05, 0x00, 0x00, 0x00,
    0x02, 0xd8, 0xff, 0xff, 0x00, 0x00, 0x00, 0x01, 0x18, 0x00, 0x00, 0x00,
    0x20, 0x00, 0x00, 0x00, 0x40, 0x00, 0x00, 0x00, 0x27, 0x00, 0x00, 0x00,
    0x00, 0x00, 0x00, 0x09, 0x78, 0x00, 0x00, 0x00, 0x02, 0x00, 0x00, 0x00,
    0xff, 0xff, 0xff, 0xff, 0x05, 0x00, 0x00, 0x00, 0xe4, 0xd7, 0xff, 0xff,
    0x08, 0x00, 0x00, 0x00, 0x14, 0x00, 0x00, 0x00, 0x01, 0x00, 0x00, 0x00,
    0x00, 0x00, 0x00, 0x00, 0x00, 0x00, 0x00, 0x00, 0x00, 0x00, 0x00, 0x00,
    0x01, 0x00, 0x00, 0x00, 0xfd, 0xe4, 0xc9, 0x3d, 0x3c, 0x00, 0x00, 0x00,
    0x66, 0x75, 0x6e, 0x63, 0x74, 0x69, 0x6f, 0x6e, 0x61, 0x6c, 0x5f, 0x31,
    0x2f, 0x64, 0x65, 0x6e, 0x73, 0x65, 0x5f, 0x31, 0x5f, 0x32, 0x2f, 0x4d,
    0x61, 0x74, 0x4d, 0x75, 0x6c, 0x3b, 0x66, 0x75, 0x6e, 0x63, 0x74, 0x69,
    0x6f, 0x6e, 0x61, 0x6c, 0x5f, 0x31, 0x2f, 0x64, 0x65, 0x6e, 0x73, 0x65,
    0x5f, 0x31, 0x5f, 0x32, 0x2f, 0x42, 0x69, 0x61, 0x73, 0x41, 0x64, 0x64,
    0x00, 0x00, 0x00, 0x00, 0x02, 0x00, 0x00, 0x00, 0x01, 0x00, 0x00, 0x00,
    0x05, 0x00, 0x00, 0x00, 0xa2, 0xd8, 0xff, 0xff, 0x00, 0x00, 0x00, 0x01,
    0x18, 0x00, 0x00, 0x00, 0x20, 0x00, 0x00, 0x00, 0x3c, 0x00, 0x00, 0x00,
    0x26, 0x00, 0x00, 0x00, 0x00, 0x00, 0x00, 0x09, 0x88, 0x00, 0x00, 0x00,
    0x02, 0x00, 0x00, 0x00, 0xff, 0xff, 0xff, 0xff, 0x20, 0x00, 0x00, 0x00,
    0x84, 0xd8, 0xff, 0xff, 0x08, 0x00, 0x00, 0x00, 0x10, 0x00, 0x00, 0x00,
    0x01, 0x00, 0x00, 0x00, 0x80, 0xff, 0xff, 0xff, 0xff, 0xff, 0xff, 0xff,
    0x01, 0x00, 0x00, 0x00, 0x7c, 0x6a, 0x0e, 0x3d, 0x52, 0x00, 0x00, 0x00,
    0x66, 0x75, 0x6e, 0x63, 0x74, 0x69, 0x6f, 0x6e, 0x61, 0x6c, 0x5f, 0x31,
    0x2f, 0x64, 0x65, 0x6e, 0x73, 0x65, 0x5f, 0x31, 0x2f, 0x4d, 0x61, 0x74,
    0x4d, 0x75, 0x6c, 0x3b, 0x66, 0x75, 0x6e, 0x63, 0x74, 0x69, 0x6f, 0x6e,
    0x61, 0x6c, 0x5f, 0x31, 0x2f, 0x64, 0x65, 0x6e, 0x73, 0x65, 0x5f, 0x31,
    0x2f, 0x52, 0x65, 0x6c, 0x75, 0x3b, 0x66, 0x75, 0x6e, 0x63, 0x74, 0x69,
    0x6f, 0x6e, 0x61, 0x6c, 0x5f, 0x31, 0x2f, 0x64, 0x65, 0x6e, 0x73, 0x65,
    0x5f, 0x31, 0x2f, 0x42, 0x69, 0x61, 0x73, 0x41, 0x64, 0x64, 0x00, 0x00,
    0x02, 0x00, 0x00, 0x00, 0x01, 0x00, 0x00, 0x00, 0x20, 0x00, 0x00, 0x00,
    0x52, 0xd9, 0xff, 0xff, 0x00, 0x00, 0x00, 0x01, 0x18, 0x00, 0x00, 0x00,
    0x20, 0x00, 0x00, 0x00, 0x40, 0x00, 0x00, 0x00, 0x25, 0x00, 0x00, 0x00,
    0x00, 0x00, 0x00, 0x09, 0x68, 0x00, 0x00, 0x00, 0x02, 0x00, 0x00, 0x00,
    0xff, 0xff, 0xff, 0xff, 0x30, 0x00, 0x00, 0x00, 0x34, 0xd9, 0xff, 0xff,
    0x08, 0x00, 0x00, 0x00, 0x14, 0x00, 0x00, 0x00, 0x01, 0x00, 0x00, 0x00,
    0x9b, 0xff, 0xff, 0xff, 0xff, 0xff, 0xff, 0xff, 0x00, 0x00, 0x00, 0x00,
    0x01, 0x00, 0x00, 0x00, 0x3b, 0x16, 0x02, 0x3d, 0x2c, 0x00, 0x00, 0x00,
    0x66, 0x75, 0x6e, 0x63, 0x74, 0x69, 0x6f, 0x6e, 0x61, 0x6c, 0x5f, 0x31,
    0x2f, 0x67, 0x6c, 0x6f, 0x62, 0x61, 0x6c, 0x5f, 0x61, 0x76, 0x65, 0x72,
    0x61, 0x67, 0x65, 0x5f, 0x70, 0x6f, 0x6f, 0x6c, 0x69, 0x6e, 0x67, 0x32,
    0x64, 0x5f, 0x31, 0x2f, 0x4d, 0x65, 0x61, 0x6e, 0x00, 0x00, 0x00, 0x00,
    0x02, 0x00, 0x00, 0x00, 0x01, 0x00, 0x00, 0x00, 0x30, 0x00, 0x00, 0x00,
    0xe2, 0xd9, 0xff, 0xff, 0x00, 0x00, 0x00, 0x01, 0x18, 0x00, 0x00, 0x00,
    0x28, 0x00, 0x00, 0x00, 0x44, 0x00, 0x00, 0x00, 0x24, 0x00, 0x00, 0x00,
    0x00, 0x00, 0x00, 0x09, 0x68, 0x00, 0x00, 0x00, 0x04, 0x00, 0x00, 0x00,
    0xff, 0xff, 0xff, 0xff, 0x04, 0x00, 0x00, 0x00, 0x04, 0x00, 0x00, 0x00,
    0x30, 0x00, 0x00, 0x00, 0xcc, 0xd9, 0xff, 0xff, 0x08, 0x00, 0x00, 0x00,
    0x10, 0x00, 0x00, 0x00, 0x01, 0x00, 0x00, 0x00, 0x8b, 0xff, 0xff, 0xff,
    0xff, 0xff, 0xff, 0xff, 0x01, 0x00, 0x00, 0x00, 0x79, 0x71, 0xb4, 0x3d,
    0x28, 0x00, 0x00, 0x00, 0x66, 0x75, 0x6e, 0x63, 0x74, 0x69, 0x6f, 0x6e,
    0x61, 0x6c, 0x5f, 0x31, 0x2f, 0x6d, 0x61, 0x78, 0x5f, 0x70, 0x6f, 0x6f,
    0x6c, 0x69, 0x6e, 0x67, 0x32, 0x64, 0x5f, 0x32, 0x5f, 0x31, 0x2f, 0x4d,
    0x61, 0x78, 0x50, 0x6f, 0x6f, 0x6c, 0x32, 0x64, 0x00, 0x00, 0x00, 0x00,
    0x04, 0x00, 0x00, 0x00, 0x01, 0x00, 0x00, 0x00, 0x04, 0x00, 0x00, 0x00,
    0x04, 0x00, 0x00, 0x00, 0x30, 0x00, 0x00, 0x00, 0x7a, 0xda, 0xff, 0xff,
    0x00, 0x00, 0x00, 0x01, 0x18, 0x00, 0x00, 0x00, 0x28, 0x00, 0x00, 0x00,
    0x48, 0x00, 0x00, 0x00, 0x23, 0x00, 0x00, 0x00, 0x00, 0x00, 0x00, 0x09,
    0x78, 0x00, 0x00, 0x00, 0x04, 0x00, 0x00, 0x00, 0xff, 0xff, 0xff, 0xff,
    0x08, 0x00, 0x00, 0x00, 0x08, 0x00, 0x00, 0x00, 0x30, 0x00, 0x00, 0x00,
    0x64, 0xda, 0xff, 0xff, 0x08, 0x00, 0x00, 0x00, 0x14, 0x00, 0x00, 0x00,
    0x01, 0x00, 0x00, 0x00, 0x8b, 0xff, 0xff, 0xff, 0xff, 0xff, 0xff, 0xff,
    0x00, 0x00, 0x00, 0x00, 0x01, 0x00, 0x00, 0x00, 0x79, 0x71, 0xb4, 0x3d,
    0x34, 0x00, 0x00, 0x00, 0x66, 0x75, 0x6e, 0x63, 0x74, 0x69, 0x6f, 0x6e,
    0x61, 0x6c, 0x5f, 0x31, 0x2f, 0x62, 0x61, 0x74, 0x63, 0x68, 0x5f, 0x6e,
    0x6f, 0x72, 0x6d, 0x61, 0x6c, 0x69, 0x7a, 0x61, 0x74, 0x69, 0x6f, 0x6e,
    0x5f, 0x32, 0x5f, 0x31, 0x2f, 0x62, 0x61, 0x74, 0x63, 0x68, 0x6e, 0x6f,
    0x72, 0x6d, 0x2f, 0x61, 0x64, 0x64, 0x5f, 0x31, 0x00, 0x00, 0x00, 0x00,
    0x04, 0x00, 0x00, 0x00, 0x01, 0x00, 0x00, 0x00, 0x08, 0x00, 0x00, 0x00,
    0x08, 0x00, 0x00, 0x00, 0x30, 0x00, 0x00, 0x00, 0x22, 0xdb, 0xff, 0xff,
    0x00, 0x00, 0x00, 0x01, 0x18, 0x00, 0x00, 0x00, 0x28, 0x00, 0x00, 0x00,
    0x48, 0x00, 0x00, 0x00, 0x22, 0x00, 0x00, 0x00, 0x00, 0x00, 0x00, 0x09,
    0x78, 0x00, 0x00, 0x00, 0x04, 0x00, 0x00, 0x00, 0xff, 0xff, 0xff, 0xff,
    0x08, 0x00, 0x00, 0x00, 0x08, 0x00, 0x00, 0x00, 0x30, 0x00, 0x00, 0x00,
    0x0c, 0xdb, 0xff, 0xff, 0x08, 0x00, 0x00, 0x00, 0x14, 0x00, 0x00, 0x00,
    0x01, 0x00, 0x00, 0x00, 0x8b, 0xff, 0xff, 0xff, 0xff, 0xff, 0xff, 0xff,
    0x00, 0x00, 0x00, 0x00, 0x01, 0x00, 0x00, 0x00, 0x97, 0xfb, 0xb6, 0x3d,
    0x34, 0x00, 0x00, 0x00, 0x66, 0x75, 0x6e, 0x63, 0x74, 0x69, 0x6f, 0x6e,
    0x61, 0x6c, 0x5f, 0x31, 0x2f, 0x62, 0x61, 0x74, 0x63, 0x68, 0x5f, 0x6e,
    0x6f, 0x72, 0x6d, 0x61, 0x6c, 0x69, 0x7a, 0x61, 0x74, 0x69, 0x6f, 0x6e,
    0x5f, 0x32, 0x5f, 0x31, 0x2f, 0x62, 0x61, 0x74, 0x63, 0x68, 0x6e, 0x6f,
    0x72, 0x6d, 0x2f, 0x6d, 0x75, 0x6c, 0x5f, 0x31, 0x00, 0x00, 0x00, 0x00,
    0x04, 0x00, 0x00, 0x00, 0x01, 0x00, 0x00, 0x00, 0x08, 0x00, 0x00, 0x00,
    0x08, 0x00, 0x00, 0x00, 0x30, 0x00, 0x00, 0x00, 0xca, 0xdb, 0xff, 0xff,
    0x00, 0x00, 0x00, 0x01, 0x18, 0x00, 0x00, 0x00, 0x28, 0x00, 0x00, 0x00,
    0x48, 0x00, 0x00, 0x00, 0x21, 0x00, 0x00, 0x00, 0x00, 0x00, 0x00, 0x09,
    0xf0, 0x00, 0x00, 0x00, 0x04, 0x00, 0x00, 0x00, 0xff, 0xff, 0xff, 0xff,
    0x08, 0x00, 0x00, 0x00, 0x08, 0x00, 0x00, 0x00, 0x30, 0x00, 0x00, 0x00,
    0xb4, 0xdb, 0xff, 0xff, 0x08, 0x00, 0x00, 0x00, 0x14, 0x00, 0x00, 0x00,
    0x01, 0x00, 0x00, 0x00, 0x80, 0xff, 0xff, 0xff, 0xff, 0xff, 0xff, 0xff,
    0x00, 0x00, 0x00, 0x00, 0x01, 0x00, 0x00, 0x00, 0x33, 0x04, 0xaf, 0x3d,
    0xae, 0x00, 0x00, 0x00, 0x66, 0x75, 0x6e, 0x63, 0x74, 0x69, 0x6f, 0x6e,
    0x61, 0x6c, 0x5f, 0x31, 0x2f, 0x73, 0x65, 0x70, 0x61, 0x72, 0x61, 0x62,
    0x6c, 0x65, 0x5f, 0x63, 0x6f, 0x6e, 0x76, 0x32, 0x64, 0x5f, 0x31, 0x5f,
    0x32, 0x2f, 0x52, 0x65, 0x6c, 0x75, 0x3b, 0x66, 0x75, 0x6e, 0x63, 0x74,
    0x69, 0x6f, 0x6e, 0x61, 0x6c, 0x5f, 0x31, 0x2f, 0x73, 0x65, 0x70, 0x61,
    0x72, 0x61, 0x62, 0x6c, 0x65, 0x5f, 0x63, 0x6f, 0x6e, 0x76, 0x32, 0x64,
    0x5f, 0x31, 0x5f, 0x32, 0x2f, 0x42, 0x69, 0x61, 0x73, 0x41, 0x64, 0x64,
    0x3b, 0x66, 0x75, 0x6e, 0x63, 0x74, 0x69, 0x6f, 0x6e, 0x61, 0x6c, 0x5f,
    0x31, 0x2f, 0x73, 0x65, 0x70, 0x61, 0x72, 0x61, 0x62, 0x6c, 0x65, 0x5f,
    0x63, 0x6f, 0x6e, 0x76, 0x32, 0x64, 0x5f, 0x31, 0x5f, 0x32, 0x2f, 0x73,
    0x65, 0x70, 0x61, 0x72, 0x61, 0x62, 0x6c, 0x65, 0x5f, 0x63, 0x6f, 0x6e,
    0x76, 0x32, 0x64, 0x3b, 0x66, 0x75, 0x6e, 0x63, 0x74, 0x69, 0x6f, 0x6e,
    0x61, 0x6c, 0x5f, 0x31, 0x2f, 0x73, 0x65, 0x70, 0x61, 0x72, 0x61, 0x62,
    0x6c, 0x65, 0x5f, 0x63, 0x6f, 0x6e, 0x76, 0x32, 0x64, 0x5f, 0x31, 0x5f,
    0x32, 0x2f, 0x53, 0x71, 0x75, 0x65, 0x65, 0x7a, 0x65, 0x31, 0x00, 0x00,
    0x04, 0x00, 0x00, 0x00, 0x01, 0x00, 0x00, 0x00, 0x08, 0x00, 0x00, 0x00,
    0x08, 0x00, 0x00, 0x00, 0x30, 0x00, 0x00, 0x00, 0xea, 0xdc, 0xff, 0xff,
    0x00, 0x00, 0x00, 0x01, 0x18, 0x00, 0x00, 0x00, 0x28, 0x00, 0x00, 0x00,
    0x48, 0x00, 0x00, 0x00, 0x20, 0x00, 0x00, 0x00, 0x00, 0x00, 0x00, 0x09,
    0x80, 0x00, 0x00, 0x00, 0x04, 0x00, 0x00, 0x00, 0xff, 0xff, 0xff, 0xff,
    0x08, 0x00, 0x00, 0x00, 0x08, 0x00, 0x00, 0x00, 0x20, 0x00, 0x00, 0x00,
    0xd4, 0xdc, 0xff, 0xff, 0x08, 0x00, 0x00, 0x00, 0x14, 0x00, 0x00, 0x00,
    0x01, 0x00, 0x00, 0x00, 0x28, 0x00, 0x00, 0x00, 0x00, 0x00, 0x00, 0x00,
    0x00, 0x00, 0x00, 0x00, 0x01, 0x00, 0x00, 0x00, 0x14, 0x0a, 0x26, 0x3d,
    0x3d, 0x00, 0x00, 0x00, 0x66, 0x75, 0x6e, 0x63, 0x74, 0x69, 0x6f, 0x6e,
    0x61, 0x6c, 0x5f, 0x31, 0x2f, 0x73, 0x65, 0x70, 0x61, 0x72, 0x61, 0x62,
    0x6c, 0x65, 0x5f, 0x63, 0x6f, 0x6e, 0x76, 0x32, 0x64, 0x5f, 0x31, 0x5f,
    0x32, 0x2f, 0x73, 0x65, 0x70, 0x61, 0x72, 0x61, 0x62, 0x6c, 0x65, 0x5f,
    0x63, 0x6f, 0x6e, 0x76, 0x32, 0x64, 0x2f, 0x64, 0x65, 0x70, 0x74, 0x68,
    0x77, 0x69, 0x73, 0x65, 0x31, 0x00, 0x00, 0x00, 0x04, 0x00, 0x00, 0x00,
    0x01, 0x00, 0x00, 0x00, 0x08, 0x00, 0x00, 0x00, 0x08, 0x00, 0x00, 0x00,
    0x20, 0x00, 0x00, 0x00, 0x9a, 0xdd, 0xff, 0xff, 0x00, 0x00, 0x00, 0x01,
    0x18, 0x00, 0x00, 0x00, 0x28, 0x00, 0x00, 0x00, 0x44, 0x00, 0x00, 0x00,
    0x1f, 0x00, 0x00, 0x00, 0x00, 0x00, 0x00, 0x09, 0x68, 0x00, 0x00, 0x00,
    0x04, 0x00, 0x00, 0x00, 0xff, 0xff, 0xff, 0xff, 0x08, 0x00, 0x00, 0x00,
    0x08, 0x00, 0x00, 0x00, 0x20, 0x00, 0x00, 0x00, 0x84, 0xdd, 0xff, 0xff,
    0x08, 0x00, 0x00, 0x00, 0x10, 0x00, 0x00, 0x00, 0x01, 0x00, 0x00, 0x00,
    0x8f, 0xff, 0xff, 0xff, 0xff, 0xff, 0xff, 0xff, 0x01, 0x00, 0x00, 0x00,
    0xda, 0x5e, 0x7f, 0x3d, 0x28, 0x00, 0x00, 0x00, 0x66, 0x75, 0x6e, 0x63,
    0x74, 0x69, 0x6f, 0x6e, 0x61, 0x6c, 0x5f, 0x31, 0x2f, 0x6d, 0x61, 0x78,
    0x5f, 0x70, 0x6f, 0x6f, 0x6c, 0x69, 0x6e, 0x67, 0x32, 0x64, 0x5f, 0x31,
    0x5f, 0x32, 0x2f, 0x4d, 0x61, 0x78, 0x50, 0x6f, 0x6f, 0x6c, 0x32, 0x64,
    0x00, 0x00, 0x00, 0x00, 0x04, 0x00, 0x00, 0x00, 0x01, 0x00, 0x00, 0x00,
    0x08, 0x00, 0x00, 0x00, 0x08, 0x00, 0x00, 0x00, 0x20, 0x00, 0x00, 0x00,
    0x32, 0xde, 0xff, 0xff, 0x00, 0x00, 0x00, 0x01, 0x18, 0x00, 0x00, 0x00,
    0x28, 0x00, 0x00, 0x00, 0x48, 0x00, 0x00, 0x00, 0x1e, 0x00, 0x00, 0x00,
    0x00, 0x00, 0x00, 0x09, 0x78, 0x00, 0x00, 0x00, 0x04, 0x00, 0x00, 0x00,
    0xff, 0xff, 0xff, 0xff, 0x10, 0x00, 0x00, 0x00, 0x10, 0x00, 0x00, 0x00,
    0x20, 0x00, 0x00, 0x00, 0x1c, 0xde, 0xff, 0xff, 0x08, 0x00, 0x00, 0x00,
    0x14, 0x00, 0x00, 0x00, 0x01, 0x00, 0x00, 0x00, 0x8f, 0xff, 0xff, 0xff,
    0xff, 0xff, 0xff, 0xff, 0x00, 0x00, 0x00, 0x00, 0x01, 0x00, 0x00, 0x00,
    0xda, 0x5e, 0x7f, 0x3d, 0x34, 0x00, 0x00, 0x00, 0x66, 0x75, 0x6e, 0x63,
    0x74, 0x69, 0x6f, 0x6e, 0x61, 0x6c, 0x5f, 0x31, 0x2f, 0x62, 0x61, 0x74,
    0x63, 0x68, 0x5f, 0x6e, 0x6f, 0x72, 0x6d, 0x61, 0x6c, 0x69, 0x7a, 0x61,
    0x74, 0x69, 0x6f, 0x6e, 0x5f, 0x31, 0x5f, 0x32, 0x2f, 0x62, 0x61, 0x74,
    0x63, 0x68, 0x6e, 0x6f, 0x72, 0x6d, 0x2f, 0x61, 0x64, 0x64, 0x5f, 0x31,
    0x00, 0x00, 0x00, 0x00, 0x04, 0x00, 0x00, 0x00, 0x01, 0x00, 0x00, 0x00,
    0x10, 0x00, 0x00, 0x00, 0x10, 0x00, 0x00, 0x00, 0x20, 0x00, 0x00, 0x00,
    0xda, 0xde, 0xff, 0xff, 0x00, 0x00, 0x00, 0x01, 0x18, 0x00, 0x00, 0x00,
    0x28, 0x00, 0x00, 0x00, 0x48, 0x00, 0x00, 0x00, 0x1d, 0x00, 0x00, 0x00,
    0x00, 0x00, 0x00, 0x09, 0x78, 0x00, 0x00, 0x00, 0x04, 0x00, 0x00, 0x00,
    0xff, 0xff, 0xff, 0xff, 0x10, 0x00, 0x00, 0x00, 0x10, 0x00, 0x00, 0x00,
    0x20, 0x00, 0x00, 0x00, 0xc4, 0xde, 0xff, 0xff, 0x08, 0x00, 0x00, 0x00,
    0x14, 0x00, 0x00, 0x00, 0x01, 0x00, 0x00, 0x00, 0x8f, 0xff, 0xff, 0xff,
    0xff, 0xff, 0xff, 0xff, 0x00, 0x00, 0x00, 0x00, 0x01, 0x00, 0x00, 0x00,
    0x8f, 0xb6, 0x81, 0x3d, 0x34, 0x00, 0x00, 0x00, 0x66, 0x75, 0x6e, 0x63,
    0x74, 0x69, 0x6f, 0x6e, 0x61, 0x6c, 0x5f, 0x31, 0x2f, 0x62, 0x61, 0x74,
    0x63, 0x68, 0x5f, 0x6e, 0x6f, 0x72, 0x6d, 0x61, 0x6c, 0x69, 0x7a, 0x61,
    0x74, 0x69, 0x6f, 0x6e, 0x5f, 0x31, 0x5f, 0x32, 0x2f, 0x62, 0x61, 0x74,
    0x63, 0x68, 0x6e, 0x6f, 0x72, 0x6d, 0x2f, 0x6d, 0x75, 0x6c, 0x5f, 0x31,
    0x00, 0x00, 0x00, 0x00, 0x04, 0x00, 0x00, 0x00, 0x01, 0x00, 0x00, 0x00,
    0x10, 0x00, 0x00, 0x00, 0x10, 0x00, 0x00, 0x00, 0x20, 0x00, 0x00, 0x00,
    0x82, 0xdf, 0xff, 0xff, 0x00, 0x00, 0x00, 0x01, 0x18, 0x00, 0x00, 0x00,
    0x28, 0x00, 0x00, 0x00, 0x48, 0x00, 0x00, 0x00, 0x1c, 0x00, 0x00, 0x00,
    0x00, 0x00, 0x00, 0x09, 0xe8, 0x00, 0x00, 0x00, 0x04, 0x00, 0x00, 0x00,
    0xff, 0xff, 0xff, 0xff, 0x10, 0x00, 0x00, 0x00, 0x10, 0x00, 0x00, 0x00,
    0x20, 0x00, 0x00, 0x00, 0x6c, 0xdf, 0xff, 0xff, 0x08, 0x00, 0x00, 0x00,
    0x14, 0x00, 0x00, 0x00, 0x01, 0x00, 0x00, 0x00, 0x80, 0xff, 0xff, 0xff,
    0xff, 0xff, 0xff, 0xff, 0x00, 0x00, 0x00, 0x00, 0x01, 0x00, 0x00, 0x00,
    0xbd, 0x94, 0x74, 0x3d, 0xa6, 0x00, 0x00, 0x00, 0x66, 0x75, 0x6e, 0x63,
    0x74, 0x69, 0x6f, 0x6e, 0x61, 0x6c, 0x5f, 0x31, 0x2f, 0x73, 0x65, 0x70,
    0x61, 0x72, 0x61, 0x62, 0x6c, 0x65, 0x5f, 0x63, 0x6f, 0x6e, 0x76, 0x32,
    0x64, 0x5f, 0x31, 0x2f, 0x52, 0x65, 0x6c, 0x75, 0x3b, 0x66, 0x75, 0x6e,
    0x63, 0x74, 0x69, 0x6f, 0x6e, 0x61, 0x6c, 0x5f, 0x31, 0x2f, 0x73, 0x65,
    0x70, 0x61, 0x72, 0x61, 0x62, 0x6c, 0x65, 0x5f, 0x63, 0x6f, 0x6e, 0x76,
    0x32, 0x64, 0x5f, 0x31, 0x2f, 0x42, 0x69, 0x61, 0x73, 0x41, 0x64, 0x64,
    0x3b, 0x66, 0x75, 0x6e, 0x63, 0x74, 0x69, 0x6f, 0x6e, 0x61, 0x6c, 0x5f,
    0x31, 0x2f, 0x73, 0x65, 0x70, 0x61, 0x72, 0x61, 0x62, 0x6c, 0x65, 0x5f,
    0x63, 0x6f, 0x6e, 0x76, 0x32, 0x64, 0x5f, 0x31, 0x2f, 0x73, 0x65, 0x70,
    0x61, 0x72, 0x61, 0x62, 0x6c, 0x65, 0x5f, 0x63, 0x6f, 0x6e, 0x76, 0x32,
    0x64, 0x3b, 0x66, 0x75, 0x6e, 0x63, 0x74, 0x69, 0x6f, 0x6e, 0x61, 0x6c,
    0x5f, 0x31, 0x2f, 0x73, 0x65, 0x70, 0x61, 0x72, 0x61, 0x62, 0x6c, 0x65,
    0x5f, 0x63, 0x6f, 0x6e, 0x76, 0x32, 0x64, 0x5f, 0x31, 0x2f, 0x53, 0x71,
    0x75, 0x65, 0x65, 0x7a, 0x65, 0x31, 0x00, 0x00, 0x04, 0x00, 0x00, 0x00,
    0x01, 0x00, 0x00, 0x00, 0x10, 0x00, 0x00, 0x00, 0x10, 0x00, 0x00, 0x00,
    0x20, 0x00, 0x00, 0x00, 0x9a, 0xe0, 0xff, 0xff, 0x00, 0x00, 0x00, 0x01,
    0x18, 0x00, 0x00, 0x00, 0x28, 0x00, 0x00, 0x00, 0x44, 0x00, 0x00, 0x00,
    0x1b, 0x00, 0x00, 0x00, 0x00, 0x00, 0x00, 0x09, 0x78, 0x00, 0x00, 0x00,
    0x04, 0x00, 0x00, 0x00, 0xff, 0xff, 0xff, 0xff, 0x10, 0x00, 0x00, 0x00,
    0x10, 0x00, 0x00, 0x00, 0x10, 0x00, 0x00, 0x00, 0x84, 0xe0, 0xff, 0xff,
    0x08, 0x00, 0x00, 0x00, 0x10, 0x00, 0x00, 0x00, 0x01, 0x00, 0x00, 0x00,
    0xeb, 0xff, 0xff, 0xff, 0xff, 0xff, 0xff, 0xff, 0x01, 0x00, 0x00, 0x00,
    0xa4, 0xb3, 0xea, 0x3c, 0x3b, 0x00, 0x00, 0x00, 0x66, 0x75, 0x6e, 0x63,
    0x74, 0x69, 0x6f, 0x6e, 0x61, 0x6c, 0x5f, 0x31, 0x2f, 0x73, 0x65, 0x70,
    0x61, 0x72, 0x61, 0x62, 0x6c, 0x65, 0x5f, 0x63, 0x6f, 0x6e, 0x76, 0x32,
    0x64, 0x5f, 0x31, 0x2f, 0x73, 0x65, 0x70, 0x61, 0x72, 0x61, 0x62, 0x6c,
    0x65, 0x5f, 0x63, 0x6f, 0x6e, 0x76, 0x32, 0x64, 0x2f, 0x64, 0x65, 0x70,
    0x74, 0x68, 0x77, 0x69, 0x73, 0x65, 0x31, 0x00, 0x04, 0x00, 0x00, 0x00,
    0x01, 0x00, 0x00, 0x00, 0x10, 0x00, 0x00, 0x00, 0x10, 0x00, 0x00, 0x00,
    0x10, 0x00, 0x00, 0x00, 0x42, 0xe1, 0xff, 0xff, 0x00, 0x00, 0x00, 0x01,
    0x18, 0x00, 0x00, 0x00, 0x28, 0x00, 0x00, 0x00, 0x48, 0x00, 0x00, 0x00,
    0x1a, 0x00, 0x00, 0x00, 0x00, 0x00, 0x00, 0x09, 0x68, 0x00, 0x00, 0x00,
    0x04, 0x00, 0x00, 0x00, 0xff, 0xff, 0xff, 0xff, 0x10, 0x00, 0x00, 0x00,
    0x10, 0x00, 0x00, 0x00, 0x10, 0x00, 0x00, 0x00, 0x2c, 0xe1, 0xff, 0xff,
    0x08, 0x00, 0x00, 0x00, 0x14, 0x00, 0x00, 0x00, 0x01, 0x00, 0x00, 0x00,
    0xb6, 0xff, 0xff, 0xff, 0xff, 0xff, 0xff, 0xff, 0x00, 0x00, 0x00, 0x00,
    0x01, 0x00, 0x00, 0x00, 0x16, 0xcc, 0x19, 0x3d, 0x26, 0x00, 0x00, 0x00,
    0x66, 0x75, 0x6e, 0x63, 0x74, 0x69, 0x6f, 0x6e, 0x61, 0x6c, 0x5f, 0x31,
    0x2f, 0x6d, 0x61, 0x78, 0x5f, 0x70, 0x6f, 0x6f, 0x6c, 0x69, 0x6e, 0x67,
    0x32, 0x64, 0x5f, 0x31, 0x2f, 0x4d, 0x61, 0x78, 0x50, 0x6f, 0x6f, 0x6c,
    0x32, 0x64, 0x00, 0x00, 0x04, 0x00, 0x00, 0x00, 0x01, 0x00, 0x00, 0x00,
    0x10, 0x00, 0x00, 0x00, 0x10, 0x00, 0x00, 0x00, 0x10, 0x00, 0x00, 0x00,
    0xda, 0xe1, 0xff, 0xff, 0x00, 0x00, 0x00, 0x01, 0x18, 0x00, 0x00, 0x00,
    0x28, 0x00, 0x00, 0x00, 0x44, 0x00, 0x00, 0x00, 0x19, 0x00, 0x00, 0x00,
    0x00, 0x00, 0x00, 0x09, 0x70, 0x00, 0x00, 0x00, 0x04, 0x00, 0x00, 0x00,
    0xff, 0xff, 0xff, 0xff, 0x20, 0x00, 0x00, 0x00, 0x20, 0x00, 0x00, 0x00,
    0x10, 0x00, 0x00, 0x00, 0xc4, 0xe1, 0xff, 0xff, 0x08, 0x00, 0x00, 0x00,
    0x10, 0x00, 0x00, 0x00, 0x01, 0x00, 0x00, 0x00, 0xb6, 0xff, 0xff, 0xff,
    0xff, 0xff, 0xff, 0xff, 0x01, 0x00, 0x00, 0x00, 0x16, 0xcc, 0x19, 0x3d,
    0x32, 0x00, 0x00, 0x00, 0x66, 0x75, 0x6e, 0x63, 0x74, 0x69, 0x6f, 0x6e,
    0x61, 0x6c, 0x5f, 0x31, 0x2f, 0x62, 0x61, 0x74, 0x63, 0x68, 0x5f, 0x6e,
    0x6f, 0x72, 0x6d, 0x61, 0x6c, 0x69, 0x7a, 0x61, 0x74, 0x69, 0x6f, 0x6e,
    0x5f, 0x31, 0x2f, 0x62, 0x61, 0x74, 0x63, 0x68, 0x6e, 0x6f, 0x72, 0x6d,
    0x2f, 0x61, 0x64, 0x64, 0x5f, 0x31, 0x00, 0x00, 0x04, 0x00, 0x00, 0x00,
    0x01, 0x00, 0x00, 0x00, 0x20, 0x00, 0x00, 0x00, 0x20, 0x00, 0x00, 0x00,
    0x10, 0x00, 0x00, 0x00, 0x7a, 0xe2, 0xff, 0xff, 0x00, 0x00, 0x00, 0x01,
    0x18, 0x00, 0x00, 0x00, 0x28, 0x00, 0x00, 0x00, 0x44, 0x00, 0x00, 0x00,
    0x18, 0x00, 0x00, 0x00, 0x00, 0x00, 0x00, 0x09, 0x70, 0x00, 0x00, 0x00,
    0x04, 0x00, 0x00, 0x00, 0xff, 0xff, 0xff, 0xff, 0x20, 0x00, 0x00, 0x00,
    0x20, 0x00, 0x00, 0x00, 0x10, 0x00, 0x00, 0x00, 0x64, 0xe2, 0xff, 0xff,
    0x08, 0x00, 0x00, 0x00, 0x10, 0x00, 0x00, 0x00, 0x01, 0x00, 0x00, 0x00,
    0xb4, 0xff, 0xff, 0xff, 0xff, 0xff, 0xff, 0xff, 0x01, 0x00, 0x00, 0x00,
    0x79, 0xf8, 0x1d, 0x3d, 0x32, 0x00, 0x00, 0x00, 0x66, 0x75, 0x6e, 0x63,
    0x74, 0x69, 0x6f, 0x6e, 0x61, 0x6c, 0x5f, 0x31, 0x2f, 0x62, 0x61, 0x74,
    0x63, 0x68, 0x5f, 0x6e, 0x6f, 0x72, 0x6d, 0x61, 0x6c, 0x69, 0x7a, 0x61,
    0x74, 0x69, 0x6f, 0x6e, 0x5f, 0x31, 0x2f, 0x62, 0x61, 0x74, 0x63, 0x68,
    0x6e, 0x6f, 0x72, 0x6d, 0x2f, 0x6d, 0x75, 0x6c, 0x5f, 0x31, 0x00, 0x00,
    0x04, 0x00, 0x00, 0x00, 0x01, 0x00, 0x00, 0x00, 0x20, 0x00, 0x00, 0x00,
    0x20, 0x00, 0x00, 0x00, 0x10, 0x00, 0x00, 0x00, 0x1a, 0xe3, 0xff, 0xff,
    0x00, 0x00, 0x00, 0x01, 0x18, 0x00, 0x00, 0x00, 0x28, 0x00, 0x00, 0x00,
    0x44, 0x00, 0x00, 0x00, 0x17, 0x00, 0x00, 0x00, 0x00, 0x00, 0x00, 0x09,
    0xb8, 0x00, 0x00, 0x00, 0x04, 0x00, 0x00, 0x00, 0xff, 0xff, 0xff, 0xff,
    0x20, 0x00, 0x00, 0x00, 0x20, 0x00, 0x00, 0x00, 0x10, 0x00, 0x00, 0x00,
    0x04, 0xe3, 0xff, 0xff, 0x08, 0x00, 0x00, 0x00, 0x10, 0x00, 0x00, 0x00,
    0x01, 0x00, 0x00, 0x00, 0x80, 0xff, 0xff, 0xff, 0xff, 0xff, 0xff, 0xff,
    0x01, 0x00, 0x00, 0x00, 0x27, 0xef, 0xfa, 0x3c, 0x79, 0x00, 0x00, 0x00,
    0x66, 0x75, 0x6e, 0x63, 0x74, 0x69, 0x6f, 0x6e, 0x61, 0x6c, 0x5f, 0x31,
    0x2f, 0x63, 0x6f, 0x6e, 0x76, 0x32, 0x64, 0x5f, 0x31, 0x2f, 0x52, 0x65,
    0x6c, 0x75, 0x3b, 0x66, 0x75, 0x6e, 0x63, 0x74, 0x69, 0x6f, 0x6e, 0x61,
    0x6c, 0x5f, 0x31, 0x2f, 0x63, 0x6f, 0x6e, 0x76, 0x32, 0x64, 0x5f, 0x31,
    0x2f, 0x42, 0x69, 0x61, 0x73, 0x41, 0x64, 0x64, 0x3b, 0x66, 0x75, 0x6e,
    0x63, 0x74, 0x69, 0x6f, 0x6e, 0x61, 0x6c, 0x5f, 0x31, 0x2f, 0x63, 0x6f,
    0x6e, 0x76, 0x32, 0x64, 0x5f, 0x31, 0x2f, 0x63, 0x6f, 0x6e, 0x76, 0x6f,
    0x6c, 0x75, 0x74, 0x69, 0x6f, 0x6e, 0x3b, 0x66, 0x75, 0x6e, 0x63, 0x74,
    0x69, 0x6f, 0x6e, 0x61, 0x6c, 0x5f, 0x31, 0x2f, 0x63, 0x6f, 0x6e, 0x76,
    0x32, 0x64, 0x5f, 0x31, 0x2f, 0x53, 0x71, 0x75, 0x65, 0x65, 0x7a, 0x65,
    0x31, 0x00, 0x00, 0x00, 0x04, 0x00, 0x00, 0x00, 0x01, 0x00, 0x00, 0x00,
    0x20, 0x00, 0x00, 0x00, 0x20, 0x00, 0x00, 0x00, 0x10, 0x00, 0x00, 0x00,
    0x8a, 0xe4, 0xff, 0xff, 0x00, 0x00, 0x00, 0x01, 0x14, 0x00, 0x00, 0x00,
    0xe8, 0x00, 0x00, 0x00, 0x16, 0x00, 0x00, 0x00, 0x00, 0x00, 0x00, 0x09,
    0x04, 0x01, 0x00, 0x00, 0xd4, 0xe3, 0xff, 0xff, 0x08, 0x00, 0x00, 0x00,
    0x8c, 0x00, 0x00, 0x00, 0x10, 0x00, 0x00, 0x00, 0x00, 0x00, 0x00, 0x00,
    0x00, 0x00, 0x00, 0x00, 0x00, 0x00, 0x00, 0x00, 0x00, 0x00, 0x00, 0x00,
    0x00, 0x00, 0x00, 0x00, 0x00, 0x00, 0x00, 0x00, 0x00, 0x00, 0x00, 0x00,
    0x00, 0x00, 0x00, 0x00, 0x00, 0x00, 0x00, 0x00, 0x00, 0x00, 0x00, 0x00,
    0x00, 0x00, 0x00, 0x00, 0x00, 0x00, 0x00, 0x00, 0x00, 0x00, 0x00, 0x00,
    0x00, 0x00, 0x00, 0x00, 0x00, 0x00, 0x00, 0x00, 0x00, 0x00, 0x00, 0x00,
    0x00, 0x00, 0x00, 0x00, 0x00, 0x00, 0x00, 0x00, 0x00, 0x00, 0x00, 0x00,
    0x00, 0x00, 0x00, 0x00, 0x00, 0x00, 0x00, 0x00, 0x00, 0x00, 0x00, 0x00,
    0x00, 0x00, 0x00, 0x00, 0x00, 0x00, 0x00, 0x00, 0x00, 0x00, 0x00, 0x00,
    0x00, 0x00, 0x00, 0x00, 0x00, 0x00, 0x00, 0x00, 0x00, 0x00, 0x00, 0x00,
    0x00, 0x00, 0x00, 0x00, 0x00, 0x00, 0x00, 0x00, 0x00, 0x00, 0x00, 0x00,
    0x00, 0x00, 0x00, 0x00, 0x00, 0x00, 0x00, 0x00, 0x10, 0x00, 0x00, 0x00,
    0x66, 0xbc, 0xf4, 0x3a, 0x3e, 0x20, 0xc6, 0x3a, 0x82, 0xda, 0xaf, 0x3a,
    0x0d, 0x60, 0xcd, 0x3a, 0xd0, 0x54, 0xd4, 0x3a, 0x53, 0x4c, 0xbd, 0x3a,
    0x69, 0x64, 0xdf, 0x3a, 0x5a, 0x4f, 0x0c, 0x3b, 0x90, 0x0e, 0xce, 0x3a,
    0xe7, 0x90, 0xed, 0x3a, 0x7d, 0x61, 0xdd, 0x3a, 0x05, 0xe6, 0x01, 0x3b,
    0x6b, 0x1a, 0xce, 0x3a, 0xe8, 0x99, 0xc8, 0x3a, 0x31, 0xc5, 0x48, 0x3a,
    0xa1, 0x37, 0xfe, 0x3a, 0x21, 0x00, 0x00, 0x00, 0x66, 0x75, 0x6e, 0x63,
    0x74, 0x69, 0x6f, 0x6e, 0x61, 0x6c, 0x5f, 0x31, 0x2f, 0x63, 0x6f, 0x6e,
    0x76, 0x32, 0x64, 0x5f, 0x31, 0x2f, 0x63, 0x6f, 0x6e, 0x76, 0x6f, 0x6c,
    0x75, 0x74, 0x69, 0x6f, 0x6e, 0x00, 0x00, 0x00, 0x04, 0x00, 0x00, 0x00,
    0x10, 0x00, 0x00, 0x00, 0x03, 0x00, 0x00, 0x00, 0x03, 0x00, 0x00, 0x00,
    0x01, 0x00, 0x00, 0x00, 0xba, 0xe5, 0xff, 0xff, 0x00, 0x00, 0x00, 0x01,
    0x14, 0x00, 0x00, 0x00, 0xe4, 0x00, 0x00, 0x00, 0x15, 0x00, 0x00, 0x00,
    0x00, 0x00, 0x00, 0x02, 0x58, 0x01, 0x00, 0x00, 0x04, 0xe5, 0xff, 0xff,
    0x08, 0x00, 0x00, 0x00, 0x88, 0x00, 0x00, 0x00, 0x10, 0x00, 0x00, 0x00,
    0x00, 0x00, 0x00, 0x00, 0x00, 0x00, 0x00, 0x00, 0x00, 0x00, 0x00, 0x00,
    0x00, 0x00, 0x00, 0x00, 0x00, 0x00, 0x00, 0x00, 0x00, 0x00, 0x00, 0x00,
    0x00, 0x00, 0x00, 0x00, 0x00, 0x00, 0x00, 0x00, 0x00, 0x00, 0x00, 0x00,
    0x00, 0x00, 0x00, 0x00, 0x00, 0x00, 0x00, 0x00, 0x00, 0x00, 0x00, 0x00,
    0x00, 0x00, 0x00, 0x00, 0x00, 0x00, 0x00, 0x00, 0x00, 0x00, 0x00, 0x00,
    0x00, 0x00, 0x00, 0x00, 0x00, 0x00, 0x00, 0x00, 0x00, 0x00, 0x00, 0x00,
    0x00, 0x00, 0x00, 0x00, 0x00, 0x00, 0x00, 0x00, 0x00, 0x00, 0x00, 0x00,
    0x00, 0x00, 0x00, 0x00, 0x00, 0x00, 0x00, 0x00, 0x00, 0x00, 0x00, 0x00,
    0x00, 0x00, 0x00, 0x00, 0x00, 0x00, 0x00, 0x00, 0x00, 0x00, 0x00, 0x00,
    0x00, 0x00, 0x00, 0x00, 0x00, 0x00, 0x00, 0x00, 0x00, 0x00, 0x00, 0x00,
    0x00, 0x00, 0x00, 0x00, 0x00, 0x00, 0x00, 0x00, 0x10, 0x00, 0x00, 0x00,
    0x17, 0xb2, 0xf5, 0x36, 0x24, 0xe7, 0xc6, 0x36, 0x0c, 0x8b, 0xb0, 0x36,
    0x3a, 0x2e, 0xce, 0x36, 0xf9, 0x29, 0xd5, 0x36, 0x5d, 0x0a, 0xbe, 0x36,
    0xad, 0x44, 0xe0, 0x36, 0x36, 0xdc, 0x0c, 0x37, 0x6d, 0xdd, 0xce, 0x36,
    0x65, 0x7f, 0xee, 0x36, 0xbc, 0x3f, 0xde, 0x36, 0x6d, 0x68, 0x02, 0x37,
    0x54, 0xe9, 0xce, 0x36, 0x4b, 0x63, 0xc9, 0x36, 0xbf, 0x8e, 0x49, 0x36,
    0xd7, 0x36, 0xff, 0x36, 0x78, 0x00, 0x00, 0x00, 0x66, 0x75, 0x6e, 0x63,
    0x74, 0x69, 0x6f, 0x6e, 0x61, 0x6c, 0x5f, 0x31, 0x2f, 0x63, 0x6f, 0x6e,
    0x76, 0x32, 0x64, 0x5f, 0x31, 0x2f, 0x52, 0x65, 0x6c, 0x75, 0x3b, 0x66,
    0x75, 0x6e, 0x63, 0x74, 0x69, 0x6f, 0x6e, 0x61, 0x6c, 0x5f, 0x31, 0x2f,
    0x63, 0x6f, 0x6e, 0x76, 0x32, 0x64, 0x5f, 0x31, 0x2f, 0x42, 0x69, 0x61,
    0x73, 0x41, 0x64, 0x64, 0x3b, 0x66, 0x75, 0x6e, 0x63, 0x74, 0x69, 0x6f,
    0x6e, 0x61, 0x6c, 0x5f, 0x31, 0x2f, 0x63, 0x6f, 0x6e, 0x76, 0x32, 0x64,
    0x5f, 0x31, 0x2f, 0x63, 0x6f, 0x6e, 0x76, 0x6f, 0x6c, 0x75, 0x74, 0x69,
    0x6f, 0x6e, 0x3b, 0x66, 0x75, 0x6e, 0x63, 0x74, 0x69, 0x6f, 0x6e, 0x61,
    0x6c, 0x5f, 0x31, 0x2f, 0x63, 0x6f, 0x6e, 0x76, 0x32, 0x64, 0x5f, 0x31,
    0x2f, 0x53, 0x71, 0x75, 0x65, 0x65, 0x7a, 0x65, 0x00, 0x00, 0x00, 0x00,
    0x01, 0x00, 0x00, 0x00, 0x10, 0x00, 0x00, 0x00, 0x32, 0xe7, 0xff, 0xff,
    0x00, 0x00, 0x00, 0x01, 0x14, 0x00, 0x00, 0x00, 0x34, 0x00, 0x00, 0x00,
    0x14, 0x00, 0x00, 0x00, 0x00, 0x00, 0x00, 0x09, 0x60, 0x00, 0x00, 0x00,
    0x7c, 0xe6, 0xff, 0xff, 0x08, 0x00, 0x00, 0x00, 0x14, 0x00, 0x00, 0x00,
    0x01, 0x00, 0x00, 0x00, 0x80, 0xff, 0xff, 0xff, 0xff, 0xff, 0xff, 0xff,
    0x00, 0x00, 0x00, 0x00, 0x01, 0x00, 0x00, 0x00, 0xd6, 0x4b, 0xf6, 0x3d,
    0x30, 0x00, 0x00, 0x00, 0x66, 0x75, 0x6e, 0x63, 0x74, 0x69, 0x6f, 0x6e,
    0x61, 0x6c, 0x5f, 0x31, 0x2f, 0x62, 0x61, 0x74, 0x63, 0x68, 0x5f, 0x6e,
    0x6f, 0x72, 0x6d, 0x61, 0x6c, 0x69, 0x7a, 0x61, 0x74, 0x69, 0x6f, 0x6e,
    0x5f, 0x31, 0x2f, 0x62, 0x61, 0x74, 0x63, 0x68, 0x6e, 0x6f, 0x72, 0x6d,
    0x2f, 0x6d, 0x75, 0x6c, 0x00, 0x00, 0x00, 0x00, 0x01, 0x00, 0x00, 0x00,
    0x10, 0x00, 0x00, 0x00, 0xb2, 0xe7, 0xff, 0xff, 0x00, 0x00, 0x00, 0x01,
    0x14, 0x00, 0x00, 0x00, 0x30, 0x00, 0x00, 0x00, 0x13, 0x00, 0x00, 0x00,
    0x00, 0x00, 0x00, 0x09, 0x5c, 0x00, 0x00, 0x00, 0xfc, 0xe6, 0xff, 0xff,
    0x08, 0x00, 0x00, 0x00, 0x10, 0x00, 0x00, 0x00, 0x01, 0x00, 0x00, 0x00,
    0x7f, 0x00, 0x00, 0x00, 0x00, 0x00, 0x00, 0x00, 0x01, 0x00, 0x00, 0x00,
    0x97, 0x03, 0x02, 0x3c, 0x30, 0x00, 0x00, 0x00, 0x66, 0x75, 0x6e, 0x63,
    0x74, 0x69, 0x6f, 0x6e, 0x61, 0x6c, 0x5f, 0x31, 0x2f, 0x62, 0x61, 0x74,
    0x63, 0x68, 0x5f, 0x6e, 0x6f, 0x72, 0x6d, 0x61, 0x6c, 0x69, 0x7a, 0x61,
    0x74, 0x69, 0x6f, 0x6e, 0x5f, 0x31, 0x2f, 0x62, 0x61, 0x74, 0x63, 0x68,
    0x6e, 0x6f, 0x72, 0x6d, 0x2f, 0x73, 0x75, 0x62, 0x00, 0x00, 0x00, 0x00,
    0x01, 0x00, 0x00, 0x00, 0x10, 0x00, 0x00, 0x00, 0x2e, 0xe8, 0xff, 0xff,
    0x00, 0x00, 0x00, 0x01, 0x14, 0x00, 0x00, 0x00, 0xec, 0x00, 0x00, 0x00,
    0x12, 0x00, 0x00, 0x00, 0x00, 0x00, 0x00, 0x09, 0x20, 0x01, 0x00, 0x00,
    0x22, 0xf8, 0xff, 0xff, 0x03, 0x00, 0x00, 0x00, 0x08, 0x00, 0x00, 0x00,
    0x8c, 0x00, 0x00, 0x00, 0x10, 0x00, 0x00, 0x00, 0x00, 0x00, 0x00, 0x00,
    0x00, 0x00, 0x00, 0x00, 0x00, 0x00, 0x00, 0x00, 0x00, 0x00, 0x00, 0x00,
    0x00, 0x00, 0x00, 0x00, 0x00, 0x00, 0x00, 0x00, 0x00, 0x00, 0x00, 0x00,
    0x00, 0x00, 0x00, 0x00, 0x00, 0x00, 0x00, 0x00, 0x00, 0x00, 0x00, 0x00,
    0x00, 0x00, 0x00, 0x00, 0x00, 0x00, 0x00, 0x00, 0x00, 0x00, 0x00, 0x00,
    0x00, 0x00, 0x00, 0x00, 0x00, 0x00, 0x00, 0x00, 0x00, 0x00, 0x00, 0x00,
    0x00, 0x00, 0x00, 0x00, 0x00, 0x00, 0x00, 0x00, 0x00, 0x00, 0x00, 0x00,
    0x00, 0x00, 0x00, 0x00, 0x00, 0x00, 0x00, 0x00, 0x00, 0x00, 0x00, 0x00,
    0x00, 0x00, 0x00, 0x00, 0x00, 0x00, 0x00, 0x00, 0x00, 0x00, 0x00, 0x00,
    0x00, 0x00, 0x00, 0x00, 0x00, 0x00, 0x00, 0x00, 0x00, 0x00, 0x00, 0x00,
    0x00, 0x00, 0x00, 0x00, 0x00, 0x00, 0x00, 0x00, 0x00, 0x00, 0x00, 0x00,
    0x00, 0x00, 0x00, 0x00, 0x00, 0x00, 0x00, 0x00, 0x10, 0x00, 0x00, 0x00,
    0x55, 0xff, 0xcc, 0x3a, 0x87, 0xbc, 0xea, 0x3a, 0x29, 0x82, 0xe6, 0x3a,
    0xeb, 0x65, 0xc3, 0x3a, 0xbb, 0xfb, 0xb4, 0x3a, 0xb3, 0x33, 0x0a, 0x3b,
    0x46, 0x3b, 0x2d, 0x3b, 0xd6, 0xc8, 0xda, 0x3a, 0x79, 0x5b, 0xd2, 0x3a,
    0xb4, 0x7d, 0xdc, 0x3a, 0x65, 0xd3, 0xcf, 0x3a, 0xa9, 0xe6, 0xbd, 0x3a,
    0x43, 0x5b, 0xf0, 0x3a, 0xae, 0x40, 0xa1, 0x3a, 0x3e, 0xee, 0xd4, 0x3a,
    0xef, 0x7c, 0xca, 0x3a, 0x3a, 0x00, 0x00, 0x00, 0x66, 0x75, 0x6e, 0x63,
    0x74, 0x69, 0x6f, 0x6e, 0x61, 0x6c, 0x5f, 0x31, 0x2f, 0x73, 0x65, 0x70,
    0x61, 0x72, 0x61, 0x62, 0x6c, 0x65, 0x5f, 0x63, 0x6f, 0x6e, 0x76, 0x32,
    0x64, 0x5f, 0x31, 0x2f, 0x73, 0x65, 0x70, 0x61, 0x72, 0x61, 0x62, 0x6c,
    0x65, 0x5f, 0x63, 0x6f, 0x6e, 0x76, 0x32, 0x64, 0x2f, 0x64, 0x65, 0x70,
    0x74, 0x68, 0x77, 0x69, 0x73, 0x65, 0x00, 0x00, 0x04, 0x00, 0x00, 0x00,
    0x01, 0x00, 0x00, 0x00, 0x03, 0x00, 0x00, 0x00, 0x03, 0x00, 0x00, 0x00,
    0x10, 0x00, 0x00, 0x00, 0x7a, 0xe9, 0xff, 0xff, 0x00, 0x00, 0x00, 0x01,
    0x14, 0x00, 0x00, 0x00, 0xe8, 0x00, 0x00, 0x00, 0x11, 0x00, 0x00, 0x00,
    0x00, 0x00, 0x00, 0x02, 0xf0, 0x00, 0x00, 0x00, 0xc4, 0xe8, 0xff, 0xff,
    0x08, 0x00, 0x00, 0x00, 0x8c, 0x00, 0x00, 0x00, 0x10, 0x00, 0x00, 0x00,
    0x00, 0x00, 0x00, 0x00, 0x00, 0x00, 0x00, 0x00, 0x00, 0x00, 0x00, 0x00,
    0x00, 0x00, 0x00, 0x00, 0x00, 0x00, 0x00, 0x00, 0x00, 0x00, 0x00, 0x00,
    0x00, 0x00, 0x00, 0x00, 0x00, 0x00, 0x00, 0x00, 0x00, 0x00, 0x00, 0x00,
    0x00, 0x00, 0x00, 0x00, 0x00, 0x00, 0x00, 0x00, 0x00, 0x00, 0x00, 0x00,
    0x00, 0x00, 0x00, 0x00, 0x00, 0x00, 0x00, 0x00, 0x00, 0x00, 0x00, 0x00,
    0x00, 0x00, 0x00, 0x00, 0x00, 0x00, 0x00, 0x00, 0x00, 0x00, 0x00, 0x00,
    0x00, 0x00, 0x00, 0x00, 0x00, 0x00, 0x00, 0x00, 0x00, 0x00, 0x00, 0x00,
    0x00, 0x00, 0x00, 0x00, 0x00, 0x00, 0x00, 0x00, 0x00, 0x00, 0x00, 0x00,
    0x00, 0x00, 0x00, 0x00, 0x00, 0x00, 0x00, 0x00, 0x00, 0x00, 0x00, 0x00,
    0x00, 0x00, 0x00, 0x00, 0x00, 0x00, 0x00, 0x00, 0x00, 0x00, 0x00, 0x00,
    0x00, 0x00, 0x00, 0x00, 0x00, 0x00, 0x00, 0x00, 0x00, 0x00, 0x00, 0x00,
    0x10, 0x00, 0x00, 0x00, 0x0e, 0x50, 0x76, 0x38, 0xcf, 0x05, 0x8d, 0x38,
    0x8e, 0x7b, 0x8a, 0x38, 0x5f, 0xc7, 0x6a, 0x38, 0x76, 0x75, 0x59, 0x38,
    0x26, 0x0e, 0xa6, 0x38, 0x0e, 0x25, 0xd0, 0x38, 0x73, 0x70, 0x83, 0x38,
    0xbd, 0xc0, 0x7c, 0x38, 0xe8, 0x76, 0x84, 0x38, 0x0b, 0xb6, 0x79, 0x38,
    0x7e, 0x2c, 0x64, 0x38, 0x28, 0x66, 0x90, 0x38, 0x6b, 0xc0, 0x41, 0x38,
    0x46, 0xd8, 0x7f, 0x38, 0x30, 0x4c, 0x73, 0x38, 0x0f, 0x00, 0x00, 0x00,
    0x61, 0x72, 0x69, 0x74, 0x68, 0x2e, 0x63, 0x6f, 0x6e, 0x73, 0x74, 0x61,
    0x6e, 0x74, 0x31, 0x00, 0x01, 0x00, 0x00, 0x00, 0x10, 0x00, 0x00, 0x00,
    0x8a, 0xea, 0xff, 0xff, 0x00, 0x00, 0x00, 0x01, 0x14, 0x00, 0x00, 0x00,
    0xa8, 0x01, 0x00, 0x00, 0x10, 0x00, 0x00, 0x00, 0x00, 0x00, 0x00, 0x09,
    0xd4, 0x01, 0x00, 0x00, 0xd4, 0xe9, 0xff, 0xff, 0x08, 0x00, 0x00, 0x00,
    0x0c, 0x01, 0x00, 0x00, 0x20, 0x00, 0x00, 0x00, 0x00, 0x00, 0x00, 0x00,
    0x00, 0x00, 0x00, 0x00, 0x00, 0x00, 0x00, 0x00, 0x00, 0x00, 0x00, 0x00,
    0x00, 0x00, 0x00, 0x00, 0x00, 0x00, 0x00, 0x00, 0x00, 0x00, 0x00, 0x00,
    0x00, 0x00, 0x00, 0x00, 0x00, 0x00, 0x00, 0x00, 0x00, 0x00, 0x00, 0x00,
    0x00, 0x00, 0x00, 0x00, 0x00, 0x00, 0x00, 0x00, 0x00, 0x00, 0x00, 0x00,
    0x00, 0x00, 0x00, 0x00, 0x00, 0x00, 0x00, 0x00, 0x00, 0x00, 0x00, 0x00,
    0x00, 0x00, 0x00, 0x00, 0x00, 0x00, 0x00, 0x00, 0x00, 0x00, 0x00, 0x00,
    0x00, 0x00, 0x00, 0x00, 0x00, 0x00, 0x00, 0x00, 0x00, 0x00, 0x00, 0x00,
    0x00, 0x00, 0x00, 0x00, 0x00, 0x00, 0x00, 0x00, 0x00, 0x00, 0x00, 0x00,
    0x00, 0x00, 0x00, 0x00, 0x00, 0x00, 0x00, 0x00, 0x00, 0x00, 0x00, 0x00,
    0x00, 0x00, 0x00, 0x00, 0x00, 0x00, 0x00, 0x00, 0x00, 0x00, 0x00, 0x00,
    0x00, 0x00, 0x00, 0x00, 0x00, 0x00, 0x00, 0x00, 0x00, 0x00, 0x00, 0x00,
    0x00, 0x00, 0x00, 0x00, 0x00, 0x00, 0x00, 0x00, 0x00, 0x00, 0x00, 0x00,
    0x00, 0x00, 0x00, 0x00, 0x00, 0x00, 0x00, 0x00, 0x00, 0x00, 0x00, 0x00,
    0x00, 0x00, 0x00, 0x00, 0x00, 0x00, 0x00, 0x00, 0x00, 0x00, 0x00, 0x00,
    0x00, 0x00, 0x00, 0x00, 0x00, 0x00, 0x00, 0x00, 0x00, 0x00, 0x00, 0x00,
    0x00, 0x00, 0x00, 0x00, 0x00, 0x00, 0x00, 0x00, 0x00, 0x00, 0x00, 0x00,
    0x00, 0x00, 0x00, 0x00, 0x00, 0x00, 0x00, 0x00, 0x00, 0x00, 0x00, 0x00,
    0x00, 0x00, 0x00, 0x00, 0x00, 0x00, 0x00, 0x00, 0x00, 0x00, 0x00, 0x00,
    0x00, 0x00, 0x00, 0x00, 0x00, 0x00, 0x00, 0x00, 0x00, 0x00, 0x00, 0x00,
    0x00, 0x00, 0x00, 0x00, 0x00, 0x00, 0x00, 0x00, 0x00, 0x00, 0x00, 0x00,
    0x00, 0x00, 0x00, 0x00, 0x00, 0x00, 0x00, 0x00, 0x00, 0x00, 0x00, 0x00,
    0x00, 0x00, 0x00, 0x00, 0x20, 0x00, 0x00, 0x00, 0x2a, 0x76, 0x46, 0x3b,
    0x1c, 0xbe, 0x53, 0x3b, 0xa8, 0x86, 0x3f, 0x3b, 0x4d, 0x0c, 0x4d, 0x3b,
    0x21, 0x9a, 0x40, 0x3b, 0xe4, 0x99, 0x5c, 0x3b, 0x70, 0x95, 0x40, 0x3b,
    0x61, 0xbf, 0x4c, 0x3b, 0x39, 0xa3, 0x3c, 0x3b, 0xdf, 0xc8, 0x3a, 0x3b,
    0x07, 0x79, 0x66, 0x3b, 0xea, 0xb9, 0x59, 0x3b, 0xf5, 0xd0, 0x2b, 0x3b,
    0x2d, 0x97, 0x3b, 0x3b, 0x99, 0x2f, 0x1d, 0x3b, 0x78, 0x6d, 0x39, 0x3b,
    0xd6, 0x19, 0x48, 0x3b, 0xae, 0x20, 0x54, 0x3b, 0x91, 0xf7, 0x2f, 0x3b,
    0x65, 0xef, 0x5a, 0x3b, 0xfc, 0xfa, 0x44, 0x3b, 0xd7, 0x10, 0x45, 0x3b,
    0x52, 0xef, 0x43, 0x3b, 0x2c, 0xb3, 0x3e, 0x3b, 0xdb, 0xd7, 0x38, 0x3b,
    0x3e, 0xb4, 0x18, 0x3b, 0x6d, 0x79, 0x7e, 0x3b, 0x4b, 0x0b, 0x1b, 0x3b,
    0x46, 0xf7, 0x32, 0x3b, 0x14, 0x4a, 0x2e, 0x3b, 0x32, 0x48, 0x4b, 0x3b,
    0x53, 0xe8, 0x30, 0x3b, 0x30, 0x00, 0x00, 0x00, 0x66, 0x75, 0x6e, 0x63,
    0x74, 0x69, 0x6f, 0x6e, 0x61, 0x6c, 0x5f, 0x31, 0x2f, 0x73, 0x65, 0x70,
    0x61, 0x72, 0x61, 0x62, 0x6c, 0x65, 0x5f, 0x63, 0x6f, 0x6e, 0x76, 0x32,
    0x64, 0x5f, 0x31, 0x2f, 0x73, 0x65, 0x70, 0x61, 0x72, 0x61, 0x62, 0x6c,
    0x65, 0x5f, 0x63, 0x6f, 0x6e, 0x76, 0x32, 0x64, 0x00, 0x00, 0x00, 0x00,
    0x04, 0x00, 0x00, 0x00, 0x20, 0x00, 0x00, 0x00, 0x01, 0x00, 0x00, 0x00,
    0x01, 0x00, 0x00, 0x00, 0x10, 0x00, 0x00, 0x00, 0x8a, 0xec, 0xff, 0xff,
    0x00, 0x00, 0x00, 0x01, 0x14, 0x00, 0x00, 0x00, 0xa8, 0x01, 0x00, 0x00,
    0x0f, 0x00, 0x00, 0x00, 0x00, 0x00, 0x00, 0x02, 0x48, 0x02, 0x00, 0x00,
    0xd4, 0xeb, 0xff, 0xff, 0x08, 0x00, 0x00, 0x00, 0x0c, 0x01, 0x00, 0x00,
    0x20, 0x00, 0x00, 0x00, 0x00, 0x00, 0x00, 0x00, 0x00, 0x00, 0x00, 0x00,
    0x00, 0x00, 0x00, 0x00, 0x00, 0x00, 0x00, 0x00, 0x00, 0x00, 0x00, 0x00,
    0x00, 0x00, 0x00, 0x00, 0x00, 0x00, 0x00, 0x00, 0x00, 0x00, 0x00, 0x00,
    0x00, 0x00, 0x00, 0x00, 0x00, 0x00, 0x00, 0x00, 0x00, 0x00, 0x00, 0x00,
    0x00, 0x00, 0x00, 0x00, 0x00, 0x00, 0x00, 0x00, 0x00, 0x00, 0x00, 0x00,
    0x00, 0x00, 0x00, 0x00, 0x00, 0x00, 0x00, 0x00, 0x00, 0x00, 0x00, 0x00,
    0x00, 0x00, 0x00, 0x00, 0x00, 0x00, 0x00, 0x00, 0x00, 0x00, 0x00, 0x00,
    0x00, 0x00, 0x00, 0x00, 0x00, 0x00, 0x00, 0x00, 0x00, 0x00, 0x00, 0x00,
    0x00, 0x00, 0x00, 0x00, 0x00, 0x00, 0x00, 0x00, 0x00, 0x00, 0x00, 0x00,
    0x00, 0x00, 0x00, 0x00, 0x00, 0x00, 0x00, 0x00, 0x00, 0x00, 0x00, 0x00,
    0x00, 0x00, 0x00, 0x00, 0x00, 0x00, 0x00, 0x00, 0x00, 0x00, 0x00, 0x00,
    0x00, 0x00, 0x00, 0x00, 0x00, 0x00, 0x00, 0x00, 0x00, 0x00, 0x00, 0x00,
    0x00, 0x00, 0x00, 0x00, 0x00, 0x00, 0x00, 0x00, 0x00, 0x00, 0x00, 0x00,
    0x00, 0x00, 0x00, 0x00, 0x00, 0x00, 0x00, 0x00, 0x00, 0x00, 0x00, 0x00,
    0x00, 0x00, 0x00, 0x00, 0x00, 0x00, 0x00, 0x00, 0x00, 0x00, 0x00, 0x00,
    0x00, 0x00, 0x00, 0x00, 0x00, 0x00, 0x00, 0x00, 0x00, 0x00, 0x00, 0x00,
    0x00, 0x00, 0x00, 0x00, 0x00, 0x00, 0x00, 0x00, 0x00, 0x00, 0x00, 0x00,
    0x00, 0x00, 0x00, 0x00, 0x00, 0x00, 0x00, 0x00, 0x00, 0x00, 0x00, 0x00,
    0x00, 0x00, 0x00, 0x00, 0x00, 0x00, 0x00, 0x00, 0x00, 0x00, 0x00, 0x00,
    0x00, 0x00, 0x00, 0x00, 0x00, 0x00, 0x00, 0x00, 0x00, 0x00, 0x00, 0x00,
    0x00, 0x00, 0x00, 0x00, 0x00, 0x00, 0x00, 0x00, 0x00, 0x00, 0x00, 0x00,
    0x00, 0x00, 0x00, 0x00, 0x00, 0x00, 0x00, 0x00, 0x00, 0x00, 0x00, 0x00,
    0x20, 0x00, 0x00, 0x00, 0x46, 0xf3, 0xb5, 0x38, 0x5b, 0x20, 0xc2, 0x38,
    0x7b, 0x97, 0xaf, 0x38, 0x21, 0xfd, 0xbb, 0x38, 0x09, 0x94, 0xb0, 0x38,
    0x77, 0x3f, 0xca, 0x38, 0xbc, 0x8f, 0xb0, 0x38, 0x9c, 0xb6, 0xbb, 0x38,
    0x91, 0xf1, 0xac, 0x38, 0xae, 0x3e, 0xab, 0x38, 0x5b, 0x4c, 0xd3, 0x38,
    0xb8, 0x9c, 0xc7, 0x38, 0x91, 0x85, 0x9d, 0x38, 0xd2, 0xfb, 0xab, 0x38,
    0xcf, 0x1b, 0x90, 0x38, 0x2e, 0x00, 0xaa, 0x38, 0x08, 0x74, 0xb7, 0x38,
    0xba, 0x7a, 0xc2, 0x38, 0xc5, 0x53, 0xa1, 0x38, 0x74, 0xb8, 0xc8, 0x38,
    0xa4, 0x97, 0xb4, 0x38, 0xae, 0xab, 0xb4, 0x38, 0x3f, 0xa2, 0xb3, 0x38,
    0x98, 0xd5, 0xae, 0x38, 0x04, 0x77, 0xa9, 0x38, 0xe9, 0xff, 0x8b, 0x38,
    0x90, 0x4d, 0xe9, 0x38, 0x1f, 0x25, 0x8e, 0x38, 0x9c, 0x13, 0xa4, 0x38,
    0x04, 0xca, 0x9f, 0x38, 0xa3, 0x5e, 0xba, 0x38, 0x80, 0x30, 0xa2, 0x38,
    0xa5, 0x00, 0x00, 0x00, 0x66, 0x75, 0x6e, 0x63, 0x74, 0x69, 0x6f, 0x6e,
    0x61, 0x6c, 0x5f, 0x31, 0x2f, 0x73, 0x65, 0x70, 0x61, 0x72, 0x61, 0x62,
    0x6c, 0x65, 0x5f, 0x63, 0x6f, 0x6e, 0x76, 0x32, 0x64, 0x5f, 0x31, 0x2f,
    0x52, 0x65, 0x6c, 0x75, 0x3b, 0x66, 0x75, 0x6e, 0x63, 0x74, 0x69, 0x6f,
    0x6e, 0x61, 0x6c, 0x5f, 0x31, 0x2f, 0x73, 0x65, 0x70, 0x61, 0x72, 0x61,
    0x62, 0x6c, 0x65, 0x5f, 0x63, 0x6f, 0x6e, 0x76, 0x32, 0x64, 0x5f, 0x31,
    0x2f, 0x42, 0x69, 0x61, 0x73, 0x41, 0x64, 0x64, 0x3b, 0x66, 0x75, 0x6e,
    0x63, 0x74, 0x69, 0x6f, 0x6e, 0x61, 0x6c, 0x5f, 0x31, 0x2f, 0x73, 0x65,
    0x70, 0x61, 0x72, 0x61, 0x62, 0x6c, 0x65, 0x5f, 0x63, 0x6f, 0x6e, 0x76,
    0x32, 0x64, 0x5f, 0x31, 0x2f, 0x73, 0x65, 0x70, 0x61, 0x72, 0x61, 0x62,
    0x6c, 0x65, 0x5f, 0x63, 0x6f, 0x6e, 0x76, 0x32, 0x64, 0x3b, 0x66, 0x75,
    0x6e, 0x63, 0x74, 0x69, 0x6f, 0x6e, 0x61, 0x6c, 0x5f, 0x31, 0x2f, 0x73,
    0x65, 0x70, 0x61, 0x72, 0x61, 0x62, 0x6c, 0x65, 0x5f, 0x63, 0x6f, 0x6e,
    0x76, 0x32, 0x64, 0x5f, 0x31, 0x2f, 0x53, 0x71, 0x75, 0x65, 0x65, 0x7a,
    0x65, 0x00, 0x00, 0x00, 0x01, 0x00, 0x00, 0x00, 0x20, 0x00, 0x00, 0x00,
    0xf2, 0xee, 0xff, 0xff, 0x00, 0x00, 0x00, 0x01, 0x14, 0x00, 0x00, 0x00,
    0x34, 0x00, 0x00, 0x00, 0x0e, 0x00, 0x00, 0x00, 0x00, 0x00, 0x00, 0x09,
    0x60, 0x00, 0x00, 0x00, 0x3c, 0xee, 0xff, 0xff, 0x08, 0x00, 0x00, 0x00,
    0x14, 0x00, 0x00, 0x00, 0x01, 0x00, 0x00, 0x00, 0x80, 0xff, 0xff, 0xff,
    0xff, 0xff, 0xff, 0xff, 0x00, 0x00, 0x00, 0x00, 0x01, 0x00, 0x00, 0x00,
    0x36, 0x88, 0x6f, 0x3d, 0x32, 0x00, 0x00, 0x00, 0x66, 0x75, 0x6e, 0x63,
    0x74, 0x69, 0x6f, 0x6e, 0x61, 0x6c, 0x5f, 0x31, 0x2f, 0x62, 0x61, 0x74,
    0x63, 0x68, 0x5f, 0x6e, 0x6f, 0x72, 0x6d, 0x61, 0x6c, 0x69, 0x7a, 0x61,
    0x74, 0x69, 0x6f, 0x6e, 0x5f, 0x31, 0x5f, 0x32, 0x2f, 0x62, 0x61, 0x74,
    0x63, 0x68, 0x6e, 0x6f, 0x72, 0x6d, 0x2f, 0x6d, 0x75, 0x6c, 0x00, 0x00,
    0x01, 0x00, 0x00, 0x00, 0x20, 0x00, 0x00, 0x00, 0x72, 0xef, 0xff, 0xff,
    0x00, 0x00, 0x00, 0x01, 0x14, 0x00, 0x00, 0x00, 0x34, 0x00, 0x00, 0x00,
    0x0d, 0x00, 0x00, 0x00, 0x00, 0x00, 0x00, 0x09, 0x60, 0x00, 0x00, 0x00,
    0xbc, 0xee, 0xff, 0xff, 0x08, 0x00, 0x00, 0x00, 0x14, 0x00, 0x00, 0x00,
    0x01, 0x00, 0x00, 0x00, 0x7f, 0x00, 0x00, 0x00, 0x00, 0x00, 0x00, 0x00,
    0x00, 0x00, 0x00, 0x00, 0x01, 0x00, 0x00, 0x00, 0x0c, 0x86, 0x6d, 0x3b,
    0x32, 0x00, 0x00, 0x00, 0x66, 0x75, 0x6e, 0x63, 0x74, 0x69, 0x6f, 0x6e,
    0x61, 0x6c, 0x5f, 0x31, 0x2f, 0x62, 0x61, 0x74, 0x63, 0x68, 0x5f, 0x6e,
    0x6f, 0x72, 0x6d, 0x61, 0x6c, 0x69, 0x7a, 0x61, 0x74, 0x69, 0x6f, 0x6e,
    0x5f, 0x31, 0x5f, 0x32, 0x2f, 0x62, 0x61, 0x74, 0x63, 0x68, 0x6e, 0x6f,
    0x72, 0x6d, 0x2f, 0x73, 0x75, 0x62, 0x00, 0x00, 0x01, 0x00, 0x00, 0x00,
    0x20, 0x00, 0x00, 0x00, 0x00, 0x00, 0x16, 0x00, 0x1e, 0x00, 0x18, 0x00,
    0x17, 0x00, 0x10, 0x00, 0x0c, 0x00, 0x08, 0x00, 0x00, 0x00, 0x00, 0x00,
    0x00, 0x00, 0x07, 0x00, 0x16, 0x00, 0x00, 0x00, 0x00, 0x00, 0x00, 0x01,
    0x28, 0x00, 0x00, 0x00, 0xbc, 0x01, 0x00, 0x00, 0x0c, 0x00, 0x00, 0x00,
    0x00, 0x00, 0x00, 0x09, 0xf4, 0x01, 0x00, 0x00, 0x00, 0x00, 0x12, 0x00,
    0x10, 0x00, 0x00, 0x00, 0x00, 0x00, 0x0c, 0x00, 0x08, 0x00, 0x00, 0x00,
    0x00, 0x00, 0x04, 0x00, 0x12, 0x00, 0x00, 0x00, 0x03, 0x00, 0x00, 0x00,
    0x08, 0x00, 0x00, 0x00, 0x08, 0x01, 0x00, 0x00, 0x20, 0x00, 0x00, 0x00,
    0x00, 0x00, 0x00, 0x00, 0x00, 0x00, 0x00, 0x00, 0x00, 0x00, 0x00, 0x00,
    0x00, 0x00, 0x00, 0x00, 0x00, 0x00, 0x00, 0x00, 0x00, 0x00, 0x00, 0x00,
    0x00, 0x00, 0x00, 0x00, 0x00, 0x00, 0x00, 0x00, 0x00, 0x00, 0x00, 0x00,
    0x00, 0x00, 0x00, 0x00, 0x00, 0x00, 0x00, 0x00, 0x00, 0x00, 0x00, 0x00,
    0x00, 0x00, 0x00, 0x00, 0x00, 0x00, 0x00, 0x00, 0x00, 0x00, 0x00, 0x00,
    0x00, 0x00, 0x00, 0x00, 0x00, 0x00, 0x00, 0x00, 0x00, 0x00, 0x00, 0x00,
    0x00, 0x00, 0x00, 0x00, 0x00, 0x00, 0x00, 0x00, 0x00, 0x00, 0x00, 0x00,
    0x00, 0x00, 0x00, 0x00, 0x00, 0x00, 0x00, 0x00, 0x00, 0x00, 0x00, 0x00,
    0x00, 0x00, 0x00, 0x00, 0x00, 0x00, 0x00, 0x00, 0x00, 0x00, 0x00, 0x00,
    0x00, 0x00, 0x00, 0x00, 0x00, 0x00, 0x00, 0x00, 0x00, 0x00, 0x00, 0x00,
    0x00, 0x00, 0x00, 0x00, 0x00, 0x00, 0x00, 0x00, 0x00, 0x00, 0x00, 0x00,
    0x00, 0x00, 0x00, 0x00, 0x00, 0x00, 0x00, 0x00, 0x00, 0x00, 0x00, 0x00,
    0x00, 0x00, 0x00, 0x00, 0x00, 0x00, 0x00, 0x00, 0x00, 0x00, 0x00, 0x00,
    0x00, 0x00, 0x00, 0x00, 0x00, 0x00, 0x00, 0x00, 0x00, 0x00, 0x00, 0x00,
    0x00, 0x00, 0x00, 0x00, 0x00, 0x00, 0x00, 0x00, 0x00, 0x00, 0x00, 0x00,
    0x00, 0x00, 0x00, 0x00, 0x00, 0x00, 0x00, 0x00, 0x00, 0x00, 0x00, 0x00,
    0x00, 0x00, 0x00, 0x00, 0x00, 0x00, 0x00, 0x00, 0x00, 0x00, 0x00, 0x00,
    0x00, 0x00, 0x00, 0x00, 0x00, 0x00, 0x00, 0x00, 0x00, 0x00, 0x00, 0x00,
    0x00, 0x00, 0x00, 0x00, 0x00, 0x00, 0x00, 0x00, 0x00, 0x00, 0x00, 0x00,
    0x00, 0x00, 0x00, 0x00, 0x00, 0x00, 0x00, 0x00, 0x00, 0x00, 0x00, 0x00,
    0x00, 0x00, 0x00, 0x00, 0x00, 0x00, 0x00, 0x00, 0x00, 0x00, 0x00, 0x00,
    0x00, 0x00, 0x00, 0x00, 0x20, 0x00, 0x00, 0x00, 0xc7, 0x48, 0x5d, 0x3a,
    0x52, 0x3f, 0xc2, 0x3a, 0xda, 0xc6, 0x9e, 0x3a, 0xfb, 0x0b, 0xa6, 0x3a,
    0x34, 0x8d, 0xb2, 0x3a, 0x04, 0x70, 0xad, 0x3a, 0x8e, 0x0c, 0x66, 0x3a,
    0xa6, 0xc8, 0xbd, 0x3a, 0x96, 0xc9, 0x7d, 0x3a, 0x5b, 0xf2, 0x9b, 0x3a,
    0x21, 0xfe, 0xa7, 0x3a, 0x26, 0xd2, 0xb1, 0x3a, 0x06, 0xf4, 0x8a, 0x3a,
    0xe1, 0x1c, 0xb9, 0x3a, 0x96, 0xf7, 0xb5, 0x3a, 0xed, 0xff, 0x9b, 0x3a,
    0x0e, 0x8f, 0x99, 0x3a, 0xd0, 0x05, 0xa7, 0x3a, 0x0c, 0x9e, 0xc1, 0x3a,
    0x18, 0x72, 0xa3, 0x3a, 0xd5, 0xa3, 0x8b, 0x3a, 0xc5, 0x89, 0xbb, 0x3a,
    0x87, 0xfc, 0x3b, 0x3a, 0xd5, 0x99, 0x95, 0x3a, 0x8b, 0x99, 0x99, 0x3a,
    0x88, 0x20, 0x99, 0x3a, 0x2d, 0x87, 0x96, 0x3a, 0x0e, 0x3a, 0x65, 0x3a,
    0x39, 0xcf, 0xb6, 0x3a, 0xa9, 0xf3, 0xfd, 0x3a, 0x04, 0xcf, 0xae, 0x3a,
    0x39, 0xda, 0xc1, 0x3a, 0x3c, 0x00, 0x00, 0x00, 0x66, 0x75, 0x6e, 0x63,
    0x74, 0x69, 0x6f, 0x6e, 0x61, 0x6c, 0x5f, 0x31, 0x2f, 0x73, 0x65, 0x70,
    0x61, 0x72, 0x61, 0x62, 0x6c, 0x65, 0x5f, 0x63, 0x6f, 0x6e, 0x76, 0x32,
    0x64, 0x5f, 0x31, 0x5f, 0x32, 0x2f, 0x73, 0x65, 0x70, 0x61, 0x72, 0x61,
    0x62, 0x6c, 0x65, 0x5f, 0x63, 0x6f, 0x6e, 0x76, 0x32, 0x64, 0x2f, 0x64,
    0x65, 0x70, 0x74, 0x68, 0x77, 0x69, 0x73, 0x65, 0x00, 0x00, 0x00, 0x00,
    0x04, 0x00, 0x00, 0x00, 0x01, 0x00, 0x00, 0x00, 0x03, 0x00, 0x00, 0x00,
    0x03, 0x00, 0x00, 0x00, 0x20, 0x00, 0x00, 0x00, 0x2a, 0xf2, 0xff, 0xff,
    0x00, 0x00, 0x00, 0x01, 0x14, 0x00, 0x00, 0x00, 0xa8, 0x01, 0x00, 0x00,
    0x0b, 0x00, 0x00, 0x00, 0x00, 0x00, 0x00, 0x02, 0xb0, 0x01, 0x00, 0x00,
    0x74, 0xf1, 0xff, 0xff, 0x08, 0x00, 0x00, 0x00, 0x0c, 0x01, 0x00, 0x00,
    0x20, 0x00, 0x00, 0x00, 0x00, 0x00, 0x00, 0x00, 0x00, 0x00, 0x00, 0x00,
    0x00, 0x00, 0x00, 0x00, 0x00, 0x00, 0x00, 0x00, 0x00, 0x00, 0x00, 0x00,
    0x00, 0x00, 0x00, 0x00, 0x00, 0x00, 0x00, 0x00, 0x00, 0x00, 0x00, 0x00,
    0x00, 0x00, 0x00, 0x00, 0x00, 0x00, 0x00, 0x00, 0x00, 0x00, 0x00, 0x00,
    0x00, 0x00, 0x00, 0x00, 0x00, 0x00, 0x00, 0x00, 0x00, 0x00, 0x00, 0x00,
    0x00, 0x00, 0x00, 0x00, 0x00, 0x00, 0x00, 0x00, 0x00, 0x00, 0x00, 0x00,
    0x00, 0x00, 0x00, 0x00, 0x00, 0x00, 0x00, 0x00, 0x00, 0x00, 0x00, 0x00,
    0x00, 0x00, 0x00, 0x00, 0x00, 0x00, 0x00, 0x00, 0x00, 0x00, 0x00, 0x00,
    0x00, 0x00, 0x00, 0x00, 0x00, 0x00, 0x00, 0x00, 0x00, 0x00, 0x00, 0x00,
    0x00, 0x00, 0x00, 0x00, 0x00, 0x00, 0x00, 0x00, 0x00, 0x00, 0x00, 0x00,
    0x00, 0x00, 0x00, 0x00, 0x00, 0x00, 0x00, 0x00, 0x00, 0x00, 0x00, 0x00,
    0x00, 0x00, 0x00, 0x00, 0x00, 0x00, 0x00, 0x00, 0x00, 0x00, 0x00, 0x00,
    0x00, 0x00, 0x00, 0x00, 0x00, 0x00, 0x00, 0x00, 0x00, 0x00, 0x00, 0x00,
    0x00, 0x00, 0x00, 0x00, 0x00, 0x00, 0x00, 0x00, 0x00, 0x00, 0x00, 0x00,
    0x00, 0x00, 0x00, 0x00, 0x00, 0x00, 0x00, 0x00, 0x00, 0x00, 0x00, 0x00,
    0x00, 0x00, 0x00, 0x00, 0x00, 0x00, 0x00, 0x00, 0x00, 0x00, 0x00, 0x00,
    0x00, 0x00, 0x00, 0x00, 0x00, 0x00, 0x00, 0x00, 0x00, 0x00, 0x00, 0x00,
    0x00, 0x00, 0x00, 0x00, 0x00, 0x00, 0x00, 0x00, 0x00, 0x00, 0x00, 0x00,
    0x00, 0x00, 0x00, 0x00, 0x00, 0x00, 0x00, 0x00, 0x00, 0x00, 0x00, 0x00,
    0x00, 0x00, 0x00, 0x00, 0x00, 0x00, 0x00, 0x00, 0x00, 0x00, 0x00, 0x00,
    0x00, 0x00, 0x00, 0x00, 0x00, 0x00, 0x00, 0x00, 0x00, 0x00, 0x00, 0x00,
    0x00, 0x00, 0x00, 0x00, 0x00, 0x00, 0x00, 0x00, 0x00, 0x00, 0x00, 0x00,
    0x20, 0x00, 0x00, 0x00, 0x7b, 0xbd, 0x5c, 0x38, 0x0b, 0xc5, 0xc1, 0x38,
    0xe7, 0x62, 0x9e, 0x38, 0x75, 0xa3, 0xa5, 0x38, 0xcf, 0x1c, 0xb2, 0x38,
    0xd7, 0x02, 0xad, 0x38, 0xbe, 0x7b, 0x65, 0x38, 0x2f, 0x51, 0xbd, 0x38,
    0xd5, 0x29, 0x7d, 0x38, 0x30, 0x90, 0x9b, 0x38, 0x61, 0x94, 0xa7, 0x38,
    0x36, 0x62, 0xb1, 0x38, 0x8e, 0x9c, 0x8a, 0x38, 0x5a, 0xa8, 0xb8, 0x38,
    0x0a, 0x85, 0xb5, 0x38, 0xba, 0x9d, 0x9b, 0x38, 0x64, 0x2e, 0x99, 0x38,
    0xad, 0x9c, 0xa6, 0x38, 0x2b, 0x24, 0xc1, 0x38, 0x35, 0x0b, 0xa3, 0x38,
    0xee, 0x4b, 0x8b, 0x38, 0xb8, 0x13, 0xbb, 0x38, 0x31, 0x86, 0x3b, 0x38,
    0xa9, 0x3b, 0x95, 0x38, 0xdb, 0x38, 0x99, 0x38, 0x24, 0xc0, 0x98, 0x38,
    0x6c, 0x28, 0x96, 0x38, 0xc2, 0xa9, 0x64, 0x38, 0x26, 0x5c, 0xb6, 0x38,
    0xcd, 0x53, 0xfd, 0x38, 0xfa, 0x60, 0xae, 0x38, 0x32, 0x60, 0xc1, 0x38,
    0x0e, 0x00, 0x00, 0x00, 0x61, 0x72, 0x69, 0x74, 0x68, 0x2e, 0x63, 0x6f,
    0x6e, 0x73, 0x74, 0x61, 0x6e, 0x74, 0x00, 0x00, 0x01, 0x00, 0x00, 0x00,
    0x20, 0x00, 0x00, 0x00, 0xfa, 0xf3, 0xff, 0xff, 0x00, 0x00, 0x00, 0x01,
    0x14, 0x00, 0x00, 0x00, 0x68, 0x02, 0x00, 0x00, 0x0a, 0x00, 0x00, 0x00,
    0x00, 0x00, 0x00, 0x09, 0x94, 0x02, 0x00, 0x00, 0x44, 0xf3, 0xff, 0xff,
    0x08, 0x00, 0x00, 0x00, 0x8c, 0x01, 0x00, 0x00, 0x30, 0x00, 0x00, 0x00,
    0x00, 0x00, 0x00, 0x00, 0x00, 0x00, 0x00, 0x00, 0x00, 0x00, 0x00, 0x00,
    0x00, 0x00, 0x00, 0x00, 0x00, 0x00, 0x00, 0x00, 0x00, 0x00, 0x00, 0x00,
    0x00, 0x00, 0x00, 0x00, 0x00, 0x00, 0x00, 0x00, 0x00, 0x00, 0x00, 0x00,
    0x00, 0x00, 0x00, 0x00, 0x00, 0x00, 0x00, 0x00, 0x00, 0x00, 0x00, 0x00,
    0x00, 0x00, 0x00, 0x00, 0x00, 0x00, 0x00, 0x00, 0x00, 0x00, 0x00, 0x00,
    0x00, 0x00, 0x00, 0x00, 0x00, 0x00, 0x00, 0x00, 0x00, 0x00, 0x00, 0x00,
    0x00, 0x00, 0x00, 0x00, 0x00, 0x00, 0x00, 0x00, 0x00, 0x00, 0x00, 0x00,
    0x00, 0x00, 0x00, 0x00, 0x00, 0x00, 0x00, 0x00, 0x00, 0x00, 0x00, 0x00,
    0x00, 0x00, 0x00, 0x00, 0x00, 0x00, 0x00, 0x00, 0x00, 0x00, 0x00, 0x00,
    0x00, 0x00, 0x00, 0x00, 0x00, 0x00, 0x00, 0x00, 0x00, 0x00, 0x00, 0x00,
    0x00, 0x00, 0x00, 0x00, 0x00, 0x00, 0x00, 0x00, 0x00, 0x00, 0x00, 0x00,
    0x00, 0x00, 0x00, 0x00, 0x00, 0x00, 0x00, 0x00, 0x00, 0x00, 0x00, 0x00,
    0x00, 0x00, 0x00, 0x00, 0x00, 0x00, 0x00, 0x00, 0x00, 0x00, 0x00, 0x00,
    0x00, 0x00, 0x00, 0x00, 0x00, 0x00, 0x00, 0x00, 0x00, 0x00, 0x00, 0x00,
    0x00, 0x00, 0x00, 0x00, 0x00, 0x00, 0x00, 0x00, 0x00, 0x00, 0x00, 0x00,
    0x00, 0x00, 0x00, 0x00, 0x00, 0x00, 0x00, 0x00, 0x00, 0x00, 0x00, 0x00,
    0x00, 0x00, 0x00, 0x00, 0x00, 0x00, 0x00, 0x00, 0x00, 0x00, 0x00, 0x00,
    0x00, 0x00, 0x00, 0x00, 0x00, 0x00, 0x00, 0x00, 0x00, 0x00, 0x00, 0x00,
    0x00, 0x00, 0x00, 0x00, 0x00, 0x00, 0x00, 0x00, 0x00, 0x00, 0x00, 0x00,
    0x00, 0x00, 0x00, 0x00, 0x00, 0x00, 0x00, 0x00, 0x00, 0x00, 0x00, 0x00,
    0x00, 0x00, 0x00, 0x00, 0x00, 0x00, 0x00, 0x00, 0x00, 0x00, 0x00, 0x00,
    0x00, 0x00, 0x00, 0x00, 0x00, 0x00, 0x00, 0x00, 0x00, 0x00, 0x00, 0x00,
    0x00, 0x00, 0x00, 0x00, 0x00, 0x00, 0x00, 0x00, 0x00, 0x00, 0x00, 0x00,
    0x00, 0x00, 0x00, 0x00, 0x00, 0x00, 0x00, 0x00, 0x00, 0x00, 0x00, 0x00,
    0x00, 0x00, 0x00, 0x00, 0x00, 0x00, 0x00, 0x00, 0x00, 0x00, 0x00, 0x00,
    0x00, 0x00, 0x00, 0x00, 0x00, 0x00, 0x00, 0x00, 0x00, 0x00, 0x00, 0x00,
    0x00, 0x00, 0x00, 0x00, 0x00, 0x00, 0x00, 0x00, 0x00, 0x00, 0x00, 0x00,
    0x00, 0x00, 0x00, 0x00, 0x00, 0x00, 0x00, 0x00, 0x00, 0x00, 0x00, 0x00,
    0x00, 0x00, 0x00, 0x00, 0x00, 0x00, 0x00, 0x00, 0x00, 0x00, 0x00, 0x00,
    0x00, 0x00, 0x00, 0x00, 0x00, 0x00, 0x00, 0x00, 0x00, 0x00, 0x00, 0x00,
    0x00, 0x00, 0x00, 0x00, 0x00, 0x00, 0x00, 0x00, 0x00, 0x00, 0x00, 0x00,
    0x00, 0x00, 0x00, 0x00, 0x00, 0x00, 0x00, 0x00, 0x00, 0x00, 0x00, 0x00,
    0x00, 0x00, 0x00, 0x00, 0x30, 0x00, 0x00, 0x00, 0xea, 0x7e, 0x1c, 0x3b,
    0xf9, 0xdc, 0x43, 0x3b, 0x14, 0x99, 0x37, 0x3b, 0xd8, 0xe0, 0x34, 0x3b,
    0xda, 0x26, 0x13, 0x3b, 0xd2, 0xa2, 0x34, 0x3b, 0xf1, 0xdb, 0x1c, 0x3b,
    0x56, 0xda, 0x1c, 0x3b, 0x42, 0xed, 0x3a, 0x3b, 0x4d, 0xd1, 0x14, 0x3b,
    0x0e, 0xbc, 0x49, 0x3b, 0x9b, 0x72, 0x1d, 0x3b, 0xc9, 0xac, 0x17, 0x3b,
    0x3b, 0x39, 0x38, 0x3b, 0x60, 0x1e, 0x21, 0x3b, 0x8d, 0x8a, 0x02, 0x3b,
    0x9c, 0x2e, 0x35, 0x3b, 0x1e, 0x79, 0x3f, 0x3b, 0xf8, 0x9b, 0x26, 0x3b,
    0x67, 0x44, 0x17, 0x3b, 0x5a, 0x22, 0x25, 0x3b, 0xba, 0xd4, 0x42, 0x3b,
    0x56, 0x67, 0x12, 0x3b, 0x99, 0x0d, 0x2d, 0x3b, 0x1f, 0x46, 0x17, 0x3b,
    0x83, 0x32, 0x17, 0x3b, 0x20, 0x62, 0x0f, 0x3b, 0xb0, 0x43, 0x28, 0x3b,
    0x0c, 0xad, 0x4d, 0x3b, 0x67, 0x9e, 0x09, 0x3b, 0xaa, 0xfe, 0x0d, 0x3b,
    0x7a, 0x28, 0x0c, 0x3b, 0xb5, 0xa7, 0x1f, 0x3b, 0x0b, 0x67, 0x3c, 0x3b,
    0x84, 0xe7, 0x2a, 0x3b, 0x76, 0xbd, 0x42, 0x3b, 0x1c, 0x6b, 0x1a, 0x3b,
    0xd2, 0xaf, 0x3c, 0x3b, 0x81, 0x5d, 0x1c, 0x3b, 0x8e, 0x9b, 0x2b, 0x3b,
    0x94, 0xce, 0x16, 0x3b, 0x81, 0x98, 0x25, 0x3b, 0xa0, 0xde, 0x21, 0x3b,
    0xad, 0x5f, 0x26, 0x3b, 0x55, 0xee, 0x2e, 0x3b, 0xb4, 0x16, 0x13, 0x3b,
    0x83, 0x29, 0x24, 0x3b, 0x34, 0xe8, 0x19, 0x3b, 0x32, 0x00, 0x00, 0x00,
    0x66, 0x75, 0x6e, 0x63, 0x74, 0x69, 0x6f, 0x6e, 0x61, 0x6c, 0x5f, 0x31,
    0x2f, 0x73, 0x65, 0x70, 0x61, 0x72, 0x61, 0x62, 0x6c, 0x65, 0x5f, 0x63,
    0x6f, 0x6e, 0x76, 0x32, 0x64, 0x5f, 0x31, 0x5f, 0x32, 0x2f, 0x73, 0x65,
    0x70, 0x61, 0x72, 0x61, 0x62, 0x6c, 0x65, 0x5f, 0x63, 0x6f, 0x6e, 0x76,
    0x32, 0x64, 0x00, 0x00, 0x04, 0x00, 0x00, 0x00, 0x30, 0x00, 0x00, 0x00,
    0x01, 0x00, 0x00, 0x00, 0x01, 0x00, 0x00, 0x00, 0x20, 0x00, 0x00, 0x00,
    0xba, 0xf6, 0xff, 0xff, 0x00, 0x00, 0x00, 0x01, 0x14, 0x00, 0x00, 0x00,
    0x68, 0x02, 0x00, 0x00, 0x09, 0x00, 0x00, 0x00, 0x00, 0x00, 0x00, 0x02,
    0x10, 0x03, 0x00, 0x00, 0x04, 0xf6, 0xff, 0xff, 0x08, 0x00, 0x00, 0x00,
    0x8c, 0x01, 0x00, 0x00, 0x30, 0x00, 0x00, 0x00, 0x00, 0x00, 0x00, 0x00,
    0x00, 0x00, 0x00, 0x00, 0x00, 0x00, 0x00, 0x00, 0x00, 0x00, 0x00, 0x00,
    0x00, 0x00, 0x00, 0x00, 0x00, 0x00, 0x00, 0x00, 0x00, 0x00, 0x00, 0x00,
    0x00, 0x00, 0x00, 0x00, 0x00, 0x00, 0x00, 0x00, 0x00, 0x00, 0x00, 0x00,
    0x00, 0x00, 0x00, 0x00, 0x00, 0x00, 0x00, 0x00, 0x00, 0x00, 0x00, 0x00,
    0x00, 0x00, 0x00, 0x00, 0x00, 0x00, 0x00, 0x00, 0x00, 0x00, 0x00, 0x00,
    0x00, 0x00, 0x00, 0x00, 0x00, 0x00, 0x00, 0x00, 0x00, 0x00, 0x00, 0x00,
    0x00, 0x00, 0x00, 0x00, 0x00, 0x00, 0x00, 0x00, 0x00, 0x00, 0x00, 0x00,
    0x00, 0x00, 0x00, 0x00, 0x00, 0x00, 0x00, 0x00, 0x00, 0x00, 0x00, 0x00,
    0x00, 0x00, 0x00, 0x00, 0x00, 0x00, 0x00, 0x00, 0x00, 0x00, 0x00, 0x00,
    0x00, 0x00, 0x00, 0x00, 0x00, 0x00, 0x00, 0x00, 0x00, 0x00, 0x00, 0x00,
    0x00, 0x00, 0x00, 0x00, 0x00, 0x00, 0x00, 0x00, 0x00, 0x00, 0x00, 0x00,
    0x00, 0x00, 0x00, 0x00, 0x00, 0x00, 0x00, 0x00, 0x00, 0x00, 0x00, 0x00,
    0x00, 0x00, 0x00, 0x00, 0x00, 0x00, 0x00, 0x00, 0x00, 0x00, 0x00, 0x00,
    0x00, 0x00, 0x00, 0x00, 0x00, 0x00, 0x00, 0x00, 0x00, 0x00, 0x00, 0x00,
    0x00, 0x00, 0x00, 0x00, 0x00, 0x00, 0x00, 0x00, 0x00, 0x00, 0x00, 0x00,
    0x00, 0x00, 0x00, 0x00, 0x00, 0x00, 0x00, 0x00, 0x00, 0x00, 0x00, 0x00,
    0x00, 0x00, 0x00, 0x00, 0x00, 0x00, 0x00, 0x00, 0x00, 0x00, 0x00, 0x00,
    0x00, 0x00, 0x00, 0x00, 0x00, 0x00, 0x00, 0x00, 0x00, 0x00, 0x00, 0x00,
    0x00, 0x00, 0x00, 0x00, 0x00, 0x00, 0x00, 0x00, 0x00, 0x00, 0x00, 0x00,
    0x00, 0x00, 0x00, 0x00, 0x00, 0x00, 0x00, 0x00, 0x00, 0x00, 0x00, 0x00,
    0x00, 0x00, 0x00, 0x00, 0x00, 0x00, 0x00, 0x00, 0x00, 0x00, 0x00, 0x00,
    0x00, 0x00, 0x00, 0x00, 0x00, 0x00, 0x00, 0x00, 0x00, 0x00, 0x00, 0x00,
    0x00, 0x00, 0x00, 0x00, 0x00, 0x00, 0x00, 0x00, 0x00, 0x00, 0x00, 0x00,
    0x00, 0x00, 0x00, 0x00, 0x00, 0x00, 0x00, 0x00, 0x00, 0x00, 0x00, 0x00,
    0x00, 0x00, 0x00, 0x00, 0x00, 0x00, 0x00, 0x00, 0x00, 0x00, 0x00, 0x00,
    0x00, 0x00, 0x00, 0x00, 0x00, 0x00, 0x00, 0x00, 0x00, 0x00, 0x00, 0x00,
    0x00, 0x00, 0x00, 0x00, 0x00, 0x00, 0x00, 0x00, 0x00, 0x00, 0x00, 0x00,
    0x00, 0x00, 0x00, 0x00, 0x00, 0x00, 0x00, 0x00, 0x00, 0x00, 0x00, 0x00,
    0x00, 0x00, 0x00, 0x00, 0x00, 0x00, 0x00, 0x00, 0x00, 0x00, 0x00, 0x00,
    0x00, 0x00, 0x00, 0x00, 0x00, 0x00, 0x00, 0x00, 0x00, 0x00, 0x00, 0x00,
    0x00, 0x00, 0x00, 0x00, 0x00, 0x00, 0x00, 0x00, 0x00, 0x00, 0x00, 0x00,
    0x00, 0x00, 0x00, 0x00, 0x00, 0x00, 0x00, 0x00, 0x00, 0x00, 0x00, 0x00,
    0x30, 0x00, 0x00, 0x00, 0xea, 0x00, 0xcb, 0x38, 0xff, 0x11, 0xfe, 0x38,
    0xfb, 0x28, 0xee, 0x38, 0xd6, 0xa1, 0xea, 0x38, 0xf9, 0xe1, 0xbe, 0x38,
    0x61, 0x51, 0xea, 0x38, 0x96, 0x79, 0xcb, 0x38, 0x81, 0x77, 0xcb, 0x38,
    0x69, 0x7a, 0xf2, 0x38, 0x27, 0x0b, 0xc1, 0x38, 0xe2, 0xd7, 0x02, 0x39,
    0x07, 0x3d, 0xcc, 0x38, 0x06, 0xc0, 0xc4, 0x38, 0xba, 0xf8, 0xee, 0x38,
    0x14, 0x00, 0xd1, 0x38, 0xf6, 0x55, 0xa9, 0x38, 0xb6, 0x06, 0xeb, 0x38,
    0x26, 0x60, 0xf8, 0x38, 0x64, 0x1f, 0xd8, 0x38, 0x9f, 0x38, 0xc4, 0x38,
    0x8d, 0x35, 0xd6, 0x38, 0x38, 0xbb, 0xfc, 0x38, 0x8a, 0xe9, 0xbd, 0x38,
    0x43, 0x7b, 0xe0, 0x38, 0xd9, 0x3a, 0xc4, 0x38, 0x69, 0x21, 0xc4, 0x38,
    0x8c, 0xfe, 0xb9, 0x38, 0x08, 0x45, 0xda, 0x38, 0x4f, 0x66, 0x05, 0x39,
    0x43, 0x84, 0xb2, 0x38, 0x73, 0x31, 0xb8, 0x38, 0x87, 0xcf, 0xb5, 0x38,
    0x11, 0x1a, 0xcf, 0x38, 0x78, 0x64, 0xf4, 0x38, 0xb4, 0xb1, 0xdd, 0x38,
    0x0a, 0x9d, 0xfc, 0x38, 0x11, 0x4f, 0xc8, 0x38, 0xe0, 0xc2, 0xf4, 0x38,
    0x93, 0xd5, 0xca, 0x38, 0x3f, 0x9b, 0xde, 0x38, 0xc8, 0x9f, 0xc3, 0x38,
    0xd1, 0xce, 0xd6, 0x38, 0x76, 0xf9, 0xd1, 0x38, 0x2e, 0xd1, 0xd7, 0x38,
    0xdc, 0xea, 0xe2, 0x38, 0x06, 0xcd, 0xbe, 0x38, 0xc3, 0xf2, 0xd4, 0x38,
    0x42, 0xa5, 0xc7, 0x38, 0xad, 0x00, 0x00, 0x00, 0x66, 0x75, 0x6e, 0x63,
    0x74, 0x69, 0x6f, 0x6e, 0x61, 0x6c, 0x5f, 0x31, 0x2f, 0x73, 0x65, 0x70,
    0x61, 0x72, 0x61, 0x62, 0x6c, 0x65, 0x5f, 0x63, 0x6f, 0x6e, 0x76, 0x32,
    0x64, 0x5f, 0x31, 0x5f, 0x32, 0x2f, 0x52, 0x65, 0x6c, 0x75, 0x3b, 0x66,
    0x75, 0x6e, 0x63, 0x74, 0x69, 0x6f, 0x6e, 0x61, 0x6c, 0x5f, 0x31, 0x2f,
    0x73, 0x65, 0x70, 0x61, 0x72, 0x61, 0x62, 0x6c, 0x65, 0x5f, 0x63, 0x6f,
    0x6e, 0x76, 0x32, 0x64, 0x5f, 0x31, 0x5f, 0x32, 0x2f, 0x42, 0x69, 0x61,
    0x73, 0x41, 0x64, 0x64, 0x3b, 0x66, 0x75, 0x6e, 0x63, 0x74, 0x69, 0x6f,
    0x6e, 0x61, 0x6c, 0x5f, 0x31, 0x2f, 0x73, 0x65, 0x70, 0x61, 0x72, 0x61,
    0x62, 0x6c, 0x65, 0x5f, 0x63, 0x6f, 0x6e, 0x76, 0x32, 0x64, 0x5f, 0x31,
    0x5f, 0x32, 0x2f, 0x73, 0x65, 0x70, 0x61, 0x72, 0x61, 0x62, 0x6c, 0x65,
    0x5f, 0x63, 0x6f, 0x6e, 0x76, 0x32, 0x64, 0x3b, 0x66, 0x75, 0x6e, 0x63,
    0x74, 0x69, 0x6f, 0x6e, 0x61, 0x6c, 0x5f, 0x31, 0x2f, 0x73, 0x65, 0x70,
    0x61, 0x72, 0x61, 0x62, 0x6c, 0x65, 0x5f, 0x63, 0x6f, 0x6e, 0x76, 0x32,
    0x64, 0x5f, 0x31, 0x5f, 0x32, 0x2f, 0x53, 0x71, 0x75, 0x65, 0x65, 0x7a,
    0x65, 0x00, 0x00, 0x00, 0x01, 0x00, 0x00, 0x00, 0x30, 0x00, 0x00, 0x00,
    0xea, 0xf9, 0xff, 0xff, 0x00, 0x00, 0x00, 0x01, 0x14, 0x00, 0x00, 0x00,
    0x34, 0x00, 0x00, 0x00, 0x08, 0x00, 0x00, 0x00, 0x00, 0x00, 0x00, 0x09,
    0x60, 0x00, 0x00, 0x00, 0x34, 0xf9, 0xff, 0xff, 0x08, 0x00, 0x00, 0x00,
    0x14, 0x00, 0x00, 0x00, 0x01, 0x00, 0x00, 0x00, 0x80, 0xff, 0xff, 0xff,
    0xff, 0xff, 0xff, 0xff, 0x00, 0x00, 0x00, 0x00, 0x01, 0x00, 0x00, 0x00,
    0xe0, 0xe3, 0xa8, 0x3d, 0x32, 0x00, 0x00, 0x00, 0x66, 0x75, 0x6e, 0x63,
    0x74, 0x69, 0x6f, 0x6e, 0x61, 0x6c, 0x5f, 0x31, 0x2f, 0x62, 0x61, 0x74,
    0x63, 0x68, 0x5f, 0x6e, 0x6f, 0x72, 0x6d, 0x61, 0x6c, 0x69, 0x7a, 0x61,
    0x74, 0x69, 0x6f, 0x6e, 0x5f, 0x32, 0x5f, 0x31, 0x2f, 0x62, 0x61, 0x74,
    0x63, 0x68, 0x6e, 0x6f, 0x72, 0x6d, 0x2f, 0x6d, 0x75, 0x6c, 0x00, 0x00,
    0x01, 0x00, 0x00, 0x00, 0x30, 0x00, 0x00, 0x00, 0x6a, 0xfa, 0xff, 0xff,
    0x00, 0x00, 0x00, 0x01, 0x14, 0x00, 0x00, 0x00, 0x34, 0x00, 0x00, 0x00,
    0x07, 0x00, 0x00, 0x00, 0x00, 0x00, 0x00, 0x09, 0x60, 0x00, 0x00, 0x00,
    0xb4, 0xf9, 0xff, 0xff, 0x08, 0x00, 0x00, 0x00, 0x14, 0x00, 0x00, 0x00,
    0x01, 0x00, 0x00, 0x00, 0x7f, 0x00, 0x00, 0x00, 0x00, 0x00, 0x00, 0x00,
    0x00, 0x00, 0x00, 0x00, 0x01, 0x00, 0x00, 0x00, 0x66, 0xec, 0x7e, 0x3b,
    0x32, 0x00, 0x00, 0x00, 0x66, 0x75, 0x6e, 0x63, 0x74, 0x69, 0x6f, 0x6e,
    0x61, 0x6c, 0x5f, 0x31, 0x2f, 0x62, 0x61, 0x74, 0x63, 0x68, 0x5f, 0x6e,
    0x6f, 0x72, 0x6d, 0x61, 0x6c, 0x69, 0x7a, 0x61, 0x74, 0x69, 0x6f, 0x6e,
    0x5f, 0x32, 0x5f, 0x31, 0x2f, 0x62, 0x61, 0x74, 0x63, 0x68, 0x6e, 0x6f,
    0x72, 0x6d, 0x2f, 0x73, 0x75, 0x62, 0x00, 0x00, 0x01, 0x00, 0x00, 0x00,
    0x30, 0x00, 0x00, 0x00, 0xea, 0xfa, 0xff, 0xff, 0x00, 0x00, 0x00, 0x01,
    0x14, 0x00, 0x00, 0x00, 0xa8, 0x01, 0x00, 0x00, 0x06, 0x00, 0x00, 0x00,
    0x00, 0x00, 0x00, 0x09, 0xbc, 0x01, 0x00, 0x00, 0x34, 0xfa, 0xff, 0xff,
    0x08, 0x00, 0x00, 0x00, 0x0c, 0x01, 0x00, 0x00, 0x20, 0x00, 0x00, 0x00,
    0x00, 0x00, 0x00, 0x00, 0x00, 0x00, 0x00, 0x00, 0x00, 0x00, 0x00, 0x00,
    0x00, 0x00, 0x00, 0x00, 0x00, 0x00, 0x00, 0x00, 0x00, 0x00, 0x00, 0x00,
    0x00, 0x00, 0x00, 0x00, 0x00, 0x00, 0x00, 0x00, 0x00, 0x00, 0x00, 0x00,
    0x00, 0x00, 0x00, 0x00, 0x00, 0x00, 0x00, 0x00, 0x00, 0x00, 0x00, 0x00,
    0x00, 0x00, 0x00, 0x00, 0x00, 0x00, 0x00, 0x00, 0x00, 0x00, 0x00, 0x00,
    0x00, 0x00, 0x00, 0x00, 0x00, 0x00, 0x00, 0x00, 0x00, 0x00, 0x00, 0x00,
    0x00, 0x00, 0x00, 0x00, 0x00, 0x00, 0x00, 0x00, 0x00, 0x00, 0x00, 0x00,
    0x00, 0x00, 0x00, 0x00, 0x00, 0x00, 0x00, 0x00, 0x00, 0x00, 0x00, 0x00,
    0x00, 0x00, 0x00, 0x00, 0x00, 0x00, 0x00, 0x00, 0x00, 0x00, 0x00, 0x00,
    0x00, 0x00, 0x00, 0x00, 0x00, 0x00, 0x00, 0x00, 0x00, 0x00, 0x00, 0x00,
    0x00, 0x00, 0x00, 0x00, 0x00, 0x00, 0x00, 0x00, 0x00, 0x00, 0x00, 0x00,
    0x00, 0x00, 0x00, 0x00, 0x00, 0x00, 0x00, 0x00, 0x00, 0x00, 0x00, 0x00,
    0x00, 0x00, 0x00, 0x00, 0x00, 0x00, 0x00, 0x00, 0x00, 0x00, 0x00, 0x00,
    0x00, 0x00, 0x00, 0x00, 0x00, 0x00, 0x00, 0x00, 0x00, 0x00, 0x00, 0x00,
    0x00, 0x00, 0x00, 0x00, 0x00, 0x00, 0x00, 0x00, 0x00, 0x00, 0x00, 0x00,
    0x00, 0x00, 0x00, 0x00, 0x00, 0x00, 0x00, 0x00, 0x00, 0x00, 0x00, 0x00,
    0x00, 0x00, 0x00, 0x00, 0x00, 0x00, 0x00, 0x00, 0x00, 0x00, 0x00, 0x00,
    0x00, 0x00, 0x00, 0x00, 0x00, 0x00, 0x00, 0x00, 0x00, 0x00, 0x00, 0x00,
    0x00, 0x00, 0x00, 0x00, 0x00, 0x00, 0x00, 0x00, 0x00, 0x00, 0x00, 0x00,
    0x00, 0x00, 0x00, 0x00, 0x00, 0x00, 0x00, 0x00, 0x00, 0x00, 0x00, 0x00,
    0x00, 0x00, 0x00, 0x00, 0x00, 0x00, 0x00, 0x00, 0x00, 0x00, 0x00, 0x00,
    0x00, 0x00, 0x00, 0x00, 0x00, 0x00, 0x00, 0x00, 0x20, 0x00, 0x00, 0x00,
    0x7e, 0x5e, 0x21, 0x3b, 0x47, 0xa7, 0x48, 0x3b, 0x56, 0x63, 0x29, 0x3b,
    0x6c, 0x53, 0x2a, 0x3b, 0x08, 0xb5, 0x8f, 0x3b, 0xc8, 0x39, 0x5a, 0x3b,
    0xa5, 0x1b, 0x1f, 0x3b, 0x2e, 0xfb, 0x42, 0x3b, 0x76, 0x1f, 0x43, 0x3b,
    0x12, 0x8a, 0x63, 0x3b, 0xd7, 0xa4, 0x26, 0x3b, 0x6d, 0xe2, 0x38, 0x3b,
    0x41, 0xc6, 0x53, 0x3b, 0x3c, 0x80, 0x69, 0x3b, 0x00, 0x35, 0x15, 0x3b,
    0x01, 0x3d, 0x52, 0x3b, 0x7c, 0xb6, 0x64, 0x3b, 0x4c, 0xd3, 0x21, 0x3b,
    0x53, 0xad, 0x40, 0x3b, 0x51, 0x17, 0x51, 0x3b, 0x2e, 0x16, 0x4f, 0x3b,
    0x5f, 0x68, 0x58, 0x3b, 0x52, 0x90, 0x2f, 0x3b, 0x34, 0x13, 0x5f, 0x3b,
    0x30, 0x24, 0x37, 0x3b, 0xe4, 0xd7, 0x52, 0x3b, 0xac, 0x1b, 0x36, 0x3b,
    0x5f, 0x82, 0x31, 0x3b, 0x83, 0x64, 0x57, 0x3b, 0x8e, 0x81, 0x6b, 0x3b,
    0x4a, 0x96, 0x45, 0x3b, 0xee, 0xbd, 0x57, 0x3b, 0x1b, 0x00, 0x00, 0x00,
    0x66, 0x75, 0x6e, 0x63, 0x74, 0x69, 0x6f, 0x6e, 0x61, 0x6c, 0x5f, 0x31,
    0x2f, 0x64, 0x65, 0x6e, 0x73, 0x65, 0x5f, 0x31, 0x2f, 0x4d, 0x61, 0x74,
    0x4d, 0x75, 0x6c, 0x00, 0x02, 0x00, 0x00, 0x00, 0x20, 0x00, 0x00, 0x00,
    0x30, 0x00, 0x00, 0x00, 0xca, 0xfc, 0xff, 0xff, 0x00, 0x00, 0x00, 0x01,
    0x14, 0x00, 0x00, 0x00, 0xa8, 0x01, 0x00, 0x00, 0x05, 0x00, 0x00, 0x00,
    0x00, 0x00, 0x00, 0x02, 0xd8, 0x01, 0x00, 0x00, 0x14, 0xfc, 0xff, 0xff,
    0x08, 0x00, 0x00, 0x00, 0x0c, 0x01, 0x00, 0x00, 0x20, 0x00, 0x00, 0x00,
    0x00, 0x00, 0x00, 0x00, 0x00, 0x00, 0x00, 0x00, 0x00, 0x00, 0x00, 0x00,
    0x00, 0x00, 0x00, 0x00, 0x00, 0x00, 0x00, 0x00, 0x00, 0x00, 0x00, 0x00,
    0x00, 0x00, 0x00, 0x00, 0x00, 0x00, 0x00, 0x00, 0x00, 0x00, 0x00, 0x00,
    0x00, 0x00, 0x00, 0x00, 0x00, 0x00, 0x00, 0x00, 0x00, 0x00, 0x00, 0x00,
    0x00, 0x00, 0x00, 0x00, 0x00, 0x00, 0x00, 0x00, 0x00, 0x00, 0x00, 0x00,
    0x00, 0x00, 0x00, 0x00, 0x00, 0x00, 0x00, 0x00, 0x00, 0x00, 0x00, 0x00,
    0x00, 0x00, 0x00, 0x00, 0x00, 0x00, 0x00, 0x00, 0x00, 0x00, 0x00, 0x00,
    0x00, 0x00, 0x00, 0x00, 0x00, 0x00, 0x00, 0x00, 0x00, 0x00, 0x00, 0x00,
    0x00, 0x00, 0x00, 0x00, 0x00, 0x00, 0x00, 0x00, 0x00, 0x00, 0x00, 0x00,
    0x00, 0x00, 0x00, 0x00, 0x00, 0x00, 0x00, 0x00, 0x00, 0x00, 0x00, 0x00,
    0x00, 0x00, 0x00, 0x00, 0x00, 0x00, 0x00, 0x00, 0x00, 0x00, 0x00, 0x00,
    0x00, 0x00, 0x00, 0x00, 0x00, 0x00, 0x00, 0x00, 0x00, 0x00, 0x00, 0x00,
    0x00, 0x00, 0x00, 0x00, 0x00, 0x00, 0x00, 0x00, 0x00, 0x00, 0x00, 0x00,
    0x00, 0x00, 0x00, 0x00, 0x00, 0x00, 0x00, 0x00, 0x00, 0x00, 0x00, 0x00,
    0x00, 0x00, 0x00, 0x00, 0x00, 0x00, 0x00, 0x00, 0x00, 0x00, 0x00, 0x00,
    0x00, 0x00, 0x00, 0x00, 0x00, 0x00, 0x00, 0x00, 0x00, 0x00, 0x00, 0x00,
    0x00, 0x00, 0x00, 0x00, 0x00, 0x00, 0x00, 0x00, 0x00, 0x00, 0x00, 0x00,
    0x00, 0x00, 0x00, 0x00, 0x00, 0x00, 0x00, 0x00, 0x00, 0x00, 0x00, 0x00,
    0x00, 0x00, 0x00, 0x00, 0x00, 0x00, 0x00, 0x00, 0x00, 0x00, 0x00, 0x00,
    0x00, 0x00, 0x00, 0x00, 0x00, 0x00, 0x00, 0x00, 0x00, 0x00, 0x00, 0x00,
    0x00, 0x00, 0x00, 0x00, 0x00, 0x00, 0x00, 0x00, 0x00, 0x00, 0x00, 0x00,
    0x00, 0x00, 0x00, 0x00, 0x00, 0x00, 0x00, 0x00, 0x20, 0x00, 0x00, 0x00,
    0xff, 0xff, 0xa3, 0x38, 0xbd, 0xec, 0xcb, 0x38, 0x4e, 0x26, 0xac, 0x38,
    0x4f, 0x1a, 0xad, 0x38, 0xd1, 0x0c, 0x12, 0x39, 0x96, 0xc8, 0xdd, 0x38,
    0xb6, 0xb3, 0xa1, 0x38, 0xf8, 0x28, 0xc6, 0x38, 0xd7, 0x4d, 0xc6, 0x38,
    0xbf, 0x3f, 0xe7, 0x38, 0x5c, 0x5c, 0xa9, 0x38, 0x13, 0xe6, 0xbb, 0x38,
    0x22, 0x3a, 0xd7, 0x38, 0xcb, 0x4e, 0xed, 0x38, 0xbe, 0xa3, 0x97, 0x38,
    0x78, 0xaa, 0xd5, 0x38, 0x0f, 0x71, 0xe8, 0x38, 0xb4, 0x76, 0xa4, 0x38,
    0x7f, 0xd1, 0xc3, 0x38, 0xff, 0x7f, 0xd4, 0x38, 0x7e, 0x76, 0xd2, 0x38,
    0x96, 0xef, 0xdb, 0x38, 0x11, 0x6d, 0xb2, 0x38, 0x3f, 0xb6, 0xe2, 0x38,
    0x8f, 0x20, 0xba, 0x38, 0xe2, 0x47, 0xd6, 0x38, 0xbb, 0x13, 0xb9, 0x38,
    0x3d, 0x67, 0xb4, 0x38, 0x7e, 0xe7, 0xda, 0x38, 0x7b, 0x58, 0xef, 0x38,
    0xf4, 0xce, 0xc8, 0x38, 0x5e, 0x42, 0xdb, 0x38, 0x36, 0x00, 0x00, 0x00,
    0x66, 0x75, 0x6e, 0x63, 0x74, 0x69, 0x6f, 0x6e, 0x61, 0x6c, 0x5f, 0x31,
    0x2f, 0x64, 0x65, 0x6e, 0x73, 0x65, 0x5f, 0x31, 0x2f, 0x52, 0x65, 0x6c,
    0x75, 0x3b, 0x66, 0x75, 0x6e, 0x63, 0x74, 0x69, 0x6f, 0x6e, 0x61, 0x6c,
    0x5f, 0x31, 0x2f, 0x64, 0x65, 0x6e, 0x73, 0x65, 0x5f, 0x31, 0x2f, 0x42,
    0x69, 0x61, 0x73, 0x41, 0x64, 0x64, 0x00, 0x00, 0x01, 0x00, 0x00, 0x00,
    0x20, 0x00, 0x00, 0x00, 0xc2, 0xfe, 0xff, 0xff, 0x00, 0x00, 0x00, 0x01,
    0x14, 0x00, 0x00, 0x00, 0x64, 0x00, 0x00, 0x00, 0x04, 0x00, 0x00, 0x00,
    0x00, 0x00, 0x00, 0x09, 0x7c, 0x00, 0x00, 0x00, 0x0c, 0xfe, 0xff, 0xff,
    0x08, 0x00, 0x00, 0x00, 0x34, 0x00, 0x00, 0x00, 0x05, 0x00, 0x00, 0x00,
    0x00, 0x00, 0x00, 0x00, 0x00, 0x00, 0x00, 0x00, 0x00, 0x00, 0x00, 0x00,
    0x00, 0x00, 0x00, 0x00, 0x00, 0x00, 0x00, 0x00, 0x00, 0x00, 0x00, 0x00,
    0x00, 0x00, 0x00, 0x00, 0x00, 0x00, 0x00, 0x00, 0x00, 0x00, 0x00, 0x00,
    0x00, 0x00, 0x00, 0x00, 0x00, 0x00, 0x00, 0x00, 0x05, 0x00, 0x00, 0x00,
    0x6e, 0x99, 0x8d, 0x3b, 0x83, 0x9e, 0x76, 0x3b, 0x04, 0x19, 0x9c, 0x3b,
    0x89, 0x59, 0x85, 0x3b, 0x2c, 0x9a, 0x95, 0x3b, 0x1d, 0x00, 0x00, 0x00,
    0x66, 0x75, 0x6e, 0x63, 0x74, 0x69, 0x6f, 0x6e, 0x61, 0x6c, 0x5f, 0x31,
    0x2f, 0x64, 0x65, 0x6e, 0x73, 0x65, 0x5f, 0x31, 0x5f, 0x32, 0x2f, 0x4d,
    0x61, 0x74, 0x4d, 0x75, 0x6c, 0x00, 0x00, 0x00, 0x02, 0x00, 0x00, 0x00,
    0x05, 0x00, 0x00, 0x00, 0x20, 0x00, 0x00, 0x00, 0x62, 0xff, 0xff, 0xff,
    0x00, 0x00, 0x00, 0x01, 0x14, 0x00, 0x00, 0x00, 0x64, 0x00, 0x00, 0x00,
    0x03, 0x00, 0x00, 0x00, 0x00, 0x00, 0x00, 0x02, 0x7c, 0x00, 0x00, 0x00,
    0xac, 0xfe, 0xff, 0xff, 0x08, 0x00, 0x00, 0x00, 0x34, 0x00, 0x00, 0x00,
    0x05, 0x00, 0x00, 0x00, 0x00, 0x00, 0x00, 0x00, 0x00, 0x00, 0x00, 0x00,
    0x00, 0x00, 0x00, 0x00, 0x00, 0x00, 0x00, 0x00, 0x00, 0x00, 0x00, 0x00,
    0x00, 0x00, 0x00, 0x00, 0x00, 0x00, 0x00, 0x00, 0x00, 0x00, 0x00, 0x00,
    0x00, 0x00, 0x00, 0x00, 0x00, 0x00, 0x00, 0x00, 0x00, 0x00, 0x00, 0x00,
    0x05, 0x00, 0x00, 0x00, 0x02, 0x8c, 0x1d, 0x39, 0x82, 0x32, 0x09, 0x39,
    0x9c, 0xad, 0x2d, 0x39, 0x43, 0x5e, 0x14, 0x39, 0x7d, 0x73, 0x26, 0x39,
    0x1e, 0x00, 0x00, 0x00, 0x66, 0x75, 0x6e, 0x63, 0x74, 0x69, 0x6f, 0x6e,
    0x61, 0x6c, 0x5f, 0x31, 0x2f, 0x64, 0x65, 0x6e, 0x73, 0x65, 0x5f, 0x31,
    0x5f, 0x32, 0x2f, 0x42, 0x69, 0x61, 0x73, 0x41, 0x64, 0x64, 0x00, 0x00,
    0x01, 0x00, 0x00, 0x00, 0x05, 0x00, 0x00, 0x00, 0x00, 0x00, 0x16, 0x00,
    0x1c, 0x00, 0x18, 0x00, 0x17, 0x00, 0x10, 0x00, 0x0c, 0x00, 0x08, 0x00,
    0x00, 0x00, 0x00, 0x00, 0x00, 0x00, 0x07, 0x00, 0x16, 0x00, 0x00, 0x00,
    0x00, 0x00, 0x00, 0x01, 0x18, 0x00, 0x00, 0x00, 0x18, 0x00, 0x00, 0x00,
    0x02, 0x00, 0x00, 0x00, 0x00, 0x00, 0x00, 0x02, 0x50, 0x00, 0x00, 0x00,
    0x04, 0x00, 0x04, 0x00, 0x04, 0x00, 0x00, 0x00, 0x3e, 0x00, 0x00, 0x00,
    0x66, 0x75, 0x6e, 0x63, 0x74, 0x69, 0x6f, 0x6e, 0x61, 0x6c, 0x5f, 0x31,
    0x2f, 0x67, 0x6c, 0x6f, 0x62, 0x61, 0x6c, 0x5f, 0x61, 0x76, 0x65, 0x72,
    0x61, 0x67, 0x65, 0x5f, 0x70, 0x6f, 0x6f, 0x6c, 0x69, 0x6e, 0x67, 0x32,
    0x64, 0x5f, 0x31, 0x2f, 0x4d, 0x65, 0x61, 0x6e, 0x2f, 0x72, 0x65, 0x64,
    0x75, 0x63, 0x74, 0x69, 0x6f, 0x6e, 0x5f, 0x69, 0x6e, 0x64, 0x69, 0x63,
    0x65, 0x73, 0x00, 0x00, 0x01, 0x00, 0x00, 0x00, 0x02, 0x00, 0x00, 0x00,
    0x00, 0x00, 0x16, 0x00, 0x20, 0x00, 0x1c, 0x00, 0x1b, 0x00, 0x14, 0x00,
    0x10, 0x00, 0x0c, 0x00, 0x00, 0x00, 0x00, 0x00, 0x08, 0x00, 0x07, 0x00,
    0x16, 0x00, 0x00, 0x00, 0x00, 0x00, 0x00, 0x01, 0x18, 0x00, 0x00, 0x00,
    0x34, 0x00, 0x00, 0x00, 0x54, 0x00, 0x00, 0x00, 0x01, 0x00, 0x00, 0x00,
    0x00, 0x00, 0x00, 0x09, 0x6c, 0x00, 0x00, 0x00, 0x04, 0x00, 0x00, 0x00,
    0xff, 0xff, 0xff, 0xff, 0x20, 0x00, 0x00, 0x00, 0x20, 0x00, 0x00, 0x00,
    0x01, 0x00, 0x00, 0x00, 0x0c, 0x00, 0x0c, 0x00, 0x00, 0x00, 0x00, 0x00,
    0x08, 0x00, 0x04, 0x00, 0x0c, 0x00, 0x00, 0x00, 0x08, 0x00, 0x00, 0x00,
    0x14, 0x00, 0x00, 0x00, 0x01, 0x00, 0x00, 0x00, 0x80, 0xff, 0xff, 0xff,
    0xff, 0xff, 0xff, 0xff, 0x00, 0x00, 0x00, 0x00, 0x01, 0x00, 0x00, 0x00,
    0x80, 0x80, 0x80, 0x3b, 0x1d, 0x00, 0x00, 0x00, 0x73, 0x65, 0x72, 0x76,
    0x69, 0x6e, 0x67, 0x5f, 0x64, 0x65, 0x66, 0x61, 0x75, 0x6c, 0x74, 0x5f,
    0x69, 0x6e, 0x70, 0x75, 0x74, 0x5f, 0x6c, 0x61, 0x79, 0x65, 0x72, 0x3a,
    0x30, 0x00, 0x00, 0x00, 0x04, 0x00, 0x00, 0x00, 0x01, 0x00, 0x00, 0x00,
    0x20, 0x00, 0x00, 0x00, 0x20, 0x00, 0x00, 0x00, 0x01, 0x00, 0x00, 0x00,
    0x08, 0x00, 0x00, 0x00, 0xa8, 0x00, 0x00, 0x00, 0x88, 0x00, 0x00, 0x00,
    0x7c, 0x00, 0x00, 0x00, 0x60, 0x00, 0x00, 0x00, 0x40, 0x00, 0x00, 0x00,
    0x2c, 0x00, 0x00, 0x00, 0x18, 0x00, 0x00, 0x00, 0x04, 0x00, 0x00, 0x00,
    0x84, 0xff, 0xff, 0xff, 0x19, 0x00, 0x00, 0x00, 0x02, 0x00, 0x00, 0x00,
    0x00, 0x00, 0x00, 0x19, 0x94, 0xff, 0xff, 0xff, 0x09, 0x00, 0x00, 0x00,
    0x04, 0x00, 0x00, 0x00, 0x00, 0x00, 0x00, 0x09, 0xa4, 0xff, 0xff, 0xff,
    0x28, 0x00, 0x00, 0x00, 0x02, 0x00, 0x00, 0x00, 0x00, 0x00, 0x00, 0x28,
    0xb4, 0xff, 0xff, 0xff, 0x04, 0x00, 0x00, 0x00, 0x03, 0x00, 0x00, 0x00,
    0x00, 0x00, 0x00, 0x04, 0x0c, 0x00, 0x0e, 0x00, 0x0d, 0x00, 0x00, 0x00,
    0x08, 0x00, 0x04, 0x00, 0x0c, 0x00, 0x00, 0x00, 0x11, 0x00, 0x00, 0x00,
    0x02, 0x00, 0x00, 0x00, 0x00, 0x11, 0x0a, 0x00, 0x08, 0x00, 0x00, 0x00,
    0x00, 0x00, 0x04, 0x00, 0x0a, 0x00, 0x00, 0x00, 0x02, 0x00, 0x00, 0x00,
    0xf0, 0xff, 0xff, 0xff, 0x12, 0x00, 0x00, 0x00, 0x02, 0x00, 0x00, 0x00,
    0x00, 0x00, 0x00, 0x12, 0x0c, 0x00, 0x10, 0x00, 0x0f, 0x00, 0x00, 0x00,
    0x08, 0x00, 0x04, 0x00, 0x0c, 0x00, 0x00, 0x00, 0x03, 0x00, 0x00, 0x00,
    0x03, 0x00, 0x00, 0x00, 0x00, 0x00, 0x00, 0x03
};

const unsigned int model_tflite_len = 18344;

#endif // MODEL_DATA_H
