#ifndef MODEL_DATA_H
#define MODEL_DATA_H

// Model size: 18128 bytes
alignas(16) const unsigned char model_tflite[] = {
    0x20, 0x00, 0x00, 0x00, 0x54, 0x46, 0x4c, 0x33, 0x00, 0x00, 0x00, 0x00,
    0x14, 0x00, 0x20, 0x00, 0x1c, 0x00, 0x18, 0x00, 0x14, 0x00, 0x10, 0x00,
    0x0c, 0x00, 0x00, 0x00, 0x08, 0x00, 0x04, 0x00, 0x14, 0x00, 0x00, 0x00,
    0x1c, 0x00, 0x00, 0x00, 0x94, 0x00, 0x00, 0x00, 0xec, 0x00, 0x00, 0x00,
    0xb0, 0x22, 0x00, 0x00, 0xc0, 0x22, 0x00, 0x00, 0xf0, 0x45, 0x00, 0x00,
    0x03, 0x00, 0x00, 0x00, 0x01, 0x00, 0x00, 0x00, 0x10, 0x00, 0x00, 0x00,
    0x00, 0x00, 0x0a, 0x00, 0x10, 0x00, 0x0c, 0x00, 0x08, 0x00, 0x04, 0x00,
    0x0a, 0x00, 0x00, 0x00, 0x0c, 0x00, 0x00, 0x00, 0x1c, 0x00, 0x00, 0x00,
    0x3c, 0x00, 0x00, 0x00, 0x0f, 0x00, 0x00, 0x00, 0x73, 0x65, 0x72, 0x76,
    0x69, 0x6e, 0x67, 0x5f, 0x64, 0x65, 0x66, 0x61, 0x75, 0x6c, 0x74, 0x00,
    0x01, 0x00, 0x00, 0x00, 0x04, 0x00, 0x00, 0x00, 0x94, 0xff, 0xff, 0xff,
    0x21, 0x00, 0x00, 0x00, 0x04, 0x00, 0x00, 0x00, 0x08, 0x00, 0x00, 0x00,
    0x6f, 0x75, 0x74, 0x70, 0x75, 0x74, 0x5f, 0x30, 0x00, 0x00, 0x00, 0x00,
    0x01, 0x00, 0x00, 0x00, 0x04, 0x00, 0x00, 0x00, 0x16, 0xdd, 0xff, 0xff,
    0x04, 0x00, 0x00, 0x00, 0x0b, 0x00, 0x00, 0x00, 0x69, 0x6e, 0x70, 0x75,
    0x74, 0x5f, 0x6c, 0x61, 0x79, 0x65, 0x72, 0x00, 0x02, 0x00, 0x00, 0x00,
    0x34, 0x00, 0x00, 0x00, 0x04, 0x00, 0x00, 0x00, 0xdc, 0xff, 0xff, 0xff,
    0x24, 0x00, 0x00, 0x00, 0x04, 0x00, 0x00, 0x00, 0x13, 0x00, 0x00, 0x00,
    0x43, 0x4f, 0x4e, 0x56, 0x45, 0x52, 0x53, 0x49, 0x4f, 0x4e, 0x5f, 0x4d,
    0x45, 0x54, 0x41, 0x44, 0x41, 0x54, 0x41, 0x00, 0x08, 0x00, 0x0c, 0x00,
    0x08, 0x00, 0x04, 0x00, 0x08, 0x00, 0x00, 0x00, 0x23, 0x00, 0x00, 0x00,
    0x04, 0x00, 0x00, 0x00, 0x13, 0x00, 0x00, 0x00, 0x6d, 0x69, 0x6e, 0x5f,
    0x72, 0x75, 0x6e, 0x74, 0x69, 0x6d, 0x65, 0x5f, 0x76, 0x65, 0x72, 0x73,
    0x69, 0x6f, 0x6e, 0x00, 0x25, 0x00, 0x00, 0x00, 0xc0, 0x21, 0x00, 0x00,
    0xb8, 0x21, 0x00, 0x00, 0xa0, 0x21, 0x00, 0x00, 0x3c, 0x21, 0x00, 0x00,
    0x8c, 0x1e, 0x00, 0x00, 0xfc, 0x1d, 0x00, 0x00, 0xec, 0x19, 0x00, 0x00,
    0xbc, 0x19, 0x00, 0x00, 0x8c, 0x19, 0x00, 0x00, 0xfc, 0x18, 0x00, 0x00,
    0xec, 0x06, 0x00, 0x00, 0xcc, 0x06, 0x00, 0x00, 0xac, 0x06, 0x00, 0x00,
    0x5c, 0x06, 0x00, 0x00, 0xcc, 0x01, 0x00, 0x00, 0xb4, 0x01, 0x00, 0x00,
    0x9c, 0x01, 0x00, 0x00, 0x6c, 0x01, 0x00, 0x00, 0x14, 0x01, 0x00, 0x00,
    0x0c, 0x01, 0x00, 0x00, 0x04, 0x01, 0x00, 0x00, 0xfc, 0x00, 0x00, 0x00,
    0xf4, 0x00, 0x00, 0x00, 0xec, 0x00, 0x00, 0x00, 0xe4, 0x00, 0x00, 0x00,
    0xdc, 0x00, 0x00, 0x00, 0xd4, 0x00, 0x00, 0x00, 0xcc, 0x00, 0x00, 0x00,
    0xc4, 0x00, 0x00, 0x00, 0xbc, 0x00, 0x00, 0x00, 0xb4, 0x00, 0x00, 0x00,
    0xac, 0x00, 0x00, 0x00, 0xa4, 0x00, 0x00, 0x00, 0x9c, 0x00, 0x00, 0x00,
    0x94, 0x00, 0x00, 0x00, 0x74, 0x00, 0x00, 0x00, 0x04, 0x00, 0x00, 0x00,
    0x22, 0xde, 0xff, 0xff, 0x04, 0x00, 0x00, 0x00, 0x60, 0x00, 0x00, 0x00,
    0x0c, 0x00, 0x00, 0x00, 0x08, 0x00, 0x0e, 0x00, 0x08, 0x00, 0x04, 0x00,
    0x08, 0x00, 0x00, 0x00, 0x10, 0x00, 0x00, 0x00, 0x28, 0x00, 0x00, 0x00,
    0x00, 0x00, 0x06, 0x00, 0x08, 0x00, 0x04, 0x00, 0x06, 0x00, 0x00, 0x00,
    0x04, 0x00, 0x00, 0x00, 0x01, 0x00, 0x00, 0x00, 0xeb, 0x03, 0x00, 0x00,
    0x0c, 0x00, 0x18, 0x00, 0x14, 0x00, 0x10, 0x00, 0x0c, 0x00, 0x04, 0x00,
    0x0c, 0x00, 0x00, 0x00, 0x6c, 0xd5, 0xc7, 0x86, 0x44, 0x8e, 0x63, 0x18,
    0x02, 0x00, 0x00, 0x00, 0x02, 0x00, 0x00, 0x00, 0x04, 0x00, 0x00, 0x00,
    0x06, 0x00, 0x00, 0x00, 0x32, 0x2e, 0x32, 0x31, 0x2e, 0x30, 0x00, 0x00,
    0x8e, 0xde, 0xff, 0xff, 0x04, 0x00, 0x00, 0x00, 0x10, 0x00, 0x00, 0x00,
    0x31, 0x2e, 0x31, 0x34, 0x2e, 0x30, 0x00, 0x00, 0x00, 0x00, 0x00, 0x00,
    0x00, 0x00, 0x00, 0x00, 0x14, 0xbd, 0xff, 0xff, 0x18, 0xbd, 0xff, 0xff,
    0x1c, 0xbd, 0xff, 0xff, 0x20, 0xbd, 0xff, 0xff, 0x24, 0xbd, 0xff, 0xff,
    0x28, 0xbd, 0xff, 0xff, 0x2c, 0xbd, 0xff, 0xff, 0x30, 0xbd, 0xff, 0xff,
    0x34, 0xbd, 0xff, 0xff, 0x38, 0xbd, 0xff, 0xff, 0x3c, 0xbd, 0xff, 0xff,
    0x40, 0xbd, 0xff, 0xff, 0x44, 0xbd, 0xff, 0xff, 0x48, 0xbd, 0xff, 0xff,
    0x4c, 0xbd, 0xff, 0xff, 0x50, 0xbd, 0xff, 0xff, 0xea, 0xde, 0xff, 0xff,
    0x04, 0x00, 0x00, 0x00, 0x48, 0x00, 0x00, 0x00, 0x38, 0x69, 0x03, 0x7f,
    0x5a, 0x3a, 0xf4, 0x61, 0x9d, 0x23, 0x08, 0xff, 0x67, 0x51, 0xa9, 0x5c,
    0x81, 0x82, 0xf2, 0xc4, 0xb4, 0x29, 0x3c, 0x6f, 0x1a, 0xdf, 0x81, 0xae,
    0x61, 0x04, 0x71, 0x23, 0xb2, 0x81, 0xa9, 0x12, 0x9e, 0xf2, 0x81, 0xc4,
    0xeb, 0x05, 0x75, 0xa8, 0x5a, 0x37, 0x7f, 0xd2, 0xa8, 0x55, 0x2e, 0xc9,
    0xa4, 0x95, 0x39, 0x2c, 0x52, 0x22, 0x37, 0x43, 0xae, 0x61, 0x81, 0x1b,
    0x73, 0xf0, 0x28, 0x25, 0x7f, 0xc4, 0x83, 0x2d, 0x3e, 0xdf, 0xff, 0xff,
    0x04, 0x00, 0x00, 0x00, 0x20, 0x00, 0x00, 0x00, 0x49, 0x02, 0x00, 0x00,
    0x59, 0xfe, 0xff, 0xff, 0x0f, 0xff, 0xff, 0xff, 0x01, 0x00, 0x00, 0x00,
    0x59, 0x01, 0x00, 0x00, 0xad, 0xfe, 0xff, 0xff, 0xda, 0x00, 0x00, 0x00,
    0x5a, 0x03, 0x00, 0x00, 0x6a, 0xdf, 0xff, 0xff, 0x04, 0x00, 0x00, 0x00,
    0x08, 0x00, 0x00, 0x00, 0x7f, 0x7b, 0x7d, 0x7e, 0x7d, 0x7b, 0x7a, 0x7b,
    0x7e, 0xdf, 0xff, 0xff, 0x04, 0x00, 0x00, 0x00, 0x08, 0x00, 0x00, 0x00,
    0x88, 0x5e, 0x3b, 0x4d, 0x5c, 0x7f, 0x80, 0x1d, 0x92, 0xdf, 0xff, 0xff,
    0x04, 0x00, 0x00, 0x00, 0x80, 0x04, 0x00, 0x00, 0x06, 0xcf, 0x22, 0xd9,
    0x35, 0x37, 0xdf, 0x93, 0xea, 0xf7, 0x64, 0xf2, 0x90, 0xcb, 0xf7, 0x3d,
    0xa9, 0x35, 0xb8, 0x5c, 0xdf, 0xcf, 0x1c, 0xf8, 0x7f, 0xba, 0xa3, 0x84,
    0x99, 0x17, 0xa6, 0x7a, 0x37, 0x0d, 0x45, 0x8d, 0x9d, 0xe2, 0x3d, 0x17,
    0x38, 0x0d, 0x90, 0xb3, 0x6d, 0xfd, 0x92, 0x75, 0x56, 0x43, 0x15, 0x27,
    0x41, 0x08, 0x95, 0x41, 0x86, 0x78, 0x0f, 0xf5, 0x73, 0x06, 0x4b, 0xd5,
    0x76, 0xf4, 0xf5, 0x1b, 0x7b, 0xd5, 0x4f, 0x40, 0x50, 0x0a, 0xf6, 0xc2,
    0x10, 0x27, 0x14, 0xde, 0xa3, 0xac, 0xbf, 0xde, 0x99, 0x34, 0x14, 0x9a,
    0x56, 0xfc, 0x0c, 0x4b, 0x1c, 0x48, 0xac, 0xab, 0xc0, 0x51, 0x07, 0x2f,
    0x43, 0xb2, 0x5d, 0x74, 0x67, 0xa6, 0x6c, 0xbf, 0x49, 0xd7, 0x60, 0x7f,
    0x9b, 0x54, 0x0d, 0x3c, 0x8d, 0x22, 0x3a, 0x3a, 0x47, 0x4c, 0xff, 0x08,
    0x20, 0xe6, 0x9e, 0xe9, 0x57, 0x03, 0x26, 0xf8, 0x45, 0xfc, 0xd5, 0xc8,
    0x33, 0x03, 0x2e, 0xa2, 0x91, 0x04, 0xac, 0xec, 0x78, 0x85, 0x51, 0x2e,
    0x08, 0xc5, 0x90, 0xab, 0x1e, 0xc3, 0x5e, 0xd7, 0xd3, 0xd3, 0x9d, 0xe8,
    0xc7, 0xfe, 0xdc, 0x3d, 0xdd, 0x49, 0x90, 0x5a, 0x30, 0xaa, 0xab, 0x99,
    0x59, 0x5b, 0x02, 0x1d, 0xfa, 0x02, 0x12, 0xa2, 0xb3, 0x08, 0x6e, 0x79,
    0x3a, 0xcb, 0xa6, 0x4e, 0x10, 0x71, 0xc1, 0xc8, 0xb7, 0x40, 0xbe, 0x33,
    0xdf, 0x24, 0xed, 0xaf, 0x91, 0x33, 0xa4, 0xc1, 0xbd, 0xe3, 0xed, 0xa1,
    0x7f, 0x8d, 0xda, 0x75, 0x8e, 0x38, 0x4a, 0x5e, 0x4c, 0xe0, 0x8a, 0xf4,
    0xa3, 0xb7, 0x50, 0x9d, 0x7d, 0xc6, 0x49, 0xcc, 0xac, 0x3b, 0x96, 0x08,
    0x4b, 0x9b, 0x6f, 0x30, 0x8f, 0xc7, 0x18, 0xcf, 0x7f, 0x3b, 0x84, 0x59,
    0x58, 0xa3, 0x3a, 0xa1, 0x5f, 0x45, 0x64, 0xa0, 0x51, 0x02, 0x06, 0x7c,
    0x4e, 0x93, 0xf7, 0x73, 0x4c, 0x31, 0x91, 0x40, 0xfe, 0xca, 0x8c, 0x96,
    0x7a, 0x8b, 0x6d, 0xd6, 0x51, 0xe9, 0xda, 0x69, 0x59, 0x7f, 0xe5, 0xe8,
    0x13, 0xd7, 0x1d, 0x19, 0xcf, 0x3c, 0x73, 0xe3, 0x24, 0x7b, 0xfa, 0x44,
    0x8b, 0x59, 0x4a, 0xb6, 0xba, 0x29, 0x53, 0x3b, 0xb4, 0x97, 0xaa, 0xcb,
    0x53, 0x24, 0x8e, 0x58, 0x9d, 0xed, 0xc1, 0x15, 0x70, 0xe0, 0xae, 0x8f,
    0x3d, 0xa6, 0xab, 0xb7, 0x12, 0x06, 0x4a, 0x86, 0x3b, 0x40, 0x40, 0xb4,
    0xc7, 0xfe, 0x6c, 0x45, 0x38, 0xc2, 0x20, 0x31, 0x8b, 0x5e, 0xe9, 0x4e,
    0x31, 0x55, 0x9f, 0xba, 0x0d, 0x0d, 0x7b, 0x99, 0x7f, 0xaf, 0xd9, 0x35,
    0xbd, 0x36, 0x00, 0x9f, 0xad, 0x6b, 0x71, 0xd1, 0x81, 0xc2, 0x69, 0x79,
    0x18, 0xd7, 0xf9, 0x2b, 0xa9, 0x2c, 0x16, 0x59, 0xa7, 0x9c, 0xf7, 0xa5,
    0x9c, 0x18, 0x62, 0x71, 0xe2, 0xfd, 0x2d, 0x04, 0xcd, 0x4a, 0xf4, 0xa3,
    0x01, 0xcf, 0xb8, 0x0e, 0x9c, 0x47, 0x7a, 0x61, 0xe2, 0x25, 0x94, 0xdb,
    0x41, 0x3d, 0xb6, 0xb2, 0xec, 0x4b, 0x3d, 0x8b, 0x51, 0x74, 0x42, 0x25,
    0xd2, 0x05, 0x3d, 0xa8, 0x27, 0x37, 0x41, 0x4f, 0x0b, 0x4e, 0xdf, 0x43,
    0xfa, 0x71, 0x2b, 0xab, 0x46, 0x9b, 0xeb, 0x72, 0x9a, 0x3f, 0x7f, 0xfb,
    0xeb, 0x9f, 0xcc, 0xb7, 0xcd, 0x66, 0x13, 0x91, 0x99, 0xde, 0x97, 0x79,
    0x43, 0xf7, 0x91, 0xb9, 0xcf, 0x72, 0x99, 0x33, 0x1f, 0xa9, 0x7c, 0x2d,
    0x32, 0xc0, 0x2d, 0xf9, 0xf2, 0xad, 0x6f, 0x0a, 0x11, 0xdf, 0xeb, 0xe6,
    0x76, 0xa2, 0xea, 0x04, 0x99, 0x50, 0x74, 0xcb, 0xb4, 0x9c, 0x99, 0x1b,
    0x2b, 0x76, 0x90, 0x8e, 0xbe, 0xa7, 0x41, 0xec, 0x76, 0x24, 0x02, 0x26,
    0xf9, 0xb9, 0x5b, 0x79, 0xaa, 0xb8, 0x22, 0xeb, 0x48, 0xf3, 0xf3, 0x1f,
    0xb4, 0x66, 0xb3, 0x01, 0x38, 0x78, 0x8e, 0xda, 0xae, 0x99, 0xd4, 0x4b,
    0xac, 0xf3, 0xe4, 0xf6, 0x6c, 0xb1, 0xbb, 0x18, 0x28, 0x51, 0x7f, 0x8d,
    0x4a, 0x4f, 0x75, 0xba, 0xd8, 0x88, 0xc7, 0x13, 0xca, 0x61, 0x21, 0xf0,
    0x67, 0x1b, 0x17, 0x05, 0xe3, 0xf8, 0x6f, 0xec, 0xec, 0xed, 0xa1, 0x0f,
    0x8f, 0x0e, 0x88, 0x22, 0xc8, 0x23, 0xb2, 0x2d, 0x4f, 0x98, 0x5e, 0x38,
    0x98, 0x73, 0xc7, 0x97, 0x9e, 0xed, 0xc0, 0xc6, 0x9f, 0xdb, 0x46, 0x1b,
    0xde, 0x5e, 0x8d, 0x3a, 0x4f, 0xb9, 0x47, 0x23, 0x70, 0xa1, 0x27, 0xb1,
    0xed, 0xc9, 0x86, 0x50, 0x5c, 0x6b, 0x0f, 0xcd, 0x32, 0x28, 0x1d, 0xf0,
    0x4a, 0x3f, 0xa3, 0xfb, 0x77, 0x37, 0x82, 0x29, 0xda, 0xee, 0x1c, 0x5f,
    0x4b, 0xc7, 0xd4, 0x3f, 0x64, 0x2b, 0xf4, 0xc8, 0x7f, 0xbb, 0xe7, 0x8f,
    0x69, 0xef, 0xb8, 0xee, 0x2b, 0x14, 0xf8, 0x91, 0x36, 0xe9, 0xf3, 0x74,
    0x0f, 0x97, 0x0f, 0x35, 0x4a, 0x95, 0xb2, 0x36, 0xad, 0xe8, 0x46, 0x85,
    0x1f, 0xd9, 0x3e, 0x11, 0xc0, 0x68, 0xaa, 0x7c, 0xa0, 0xc6, 0x25, 0xde,
    0xe1, 0x46, 0x07, 0xd5, 0x67, 0x1e, 0x04, 0x07, 0xa9, 0x6f, 0x92, 0xb8,
    0x3d, 0x7c, 0x3d, 0xb8, 0xe6, 0x42, 0x6a, 0xa1, 0xd4, 0xfa, 0xf8, 0x56,
    0x5b, 0x9f, 0x29, 0xe9, 0x22, 0x30, 0x2d, 0x01, 0x04, 0xd6, 0xd8, 0x52,
    0xd8, 0x22, 0xbf, 0x42, 0xed, 0x3a, 0x3c, 0xf0, 0xa0, 0xaa, 0x31, 0x60,
    0xc8, 0xdb, 0x94, 0x7f, 0x31, 0x36, 0x5b, 0x3c, 0x42, 0xf9, 0x7c, 0x1b,
    0xe6, 0xe0, 0x7f, 0xc5, 0xb3, 0x6d, 0x5d, 0xad, 0xae, 0x78, 0x33, 0xa5,
    0xef, 0x91, 0x4b, 0x79, 0xb2, 0x14, 0xd4, 0x2b, 0xfd, 0x9f, 0xa8, 0xc8,
    0x66, 0x6f, 0x45, 0x01, 0xae, 0x8c, 0x67, 0x8b, 0xc3, 0x6f, 0xf2, 0x6e,
    0xcf, 0xcb, 0x0d, 0x4b, 0xe5, 0x39, 0x25, 0x5f, 0x93, 0x18, 0x61, 0x47,
    0xf8, 0x64, 0xdb, 0x3f, 0xc8, 0x30, 0xa0, 0x1b, 0xda, 0xa0, 0x72, 0xd5,
    0xb8, 0x1d, 0x3d, 0x76, 0x34, 0xcb, 0x5b, 0xd8, 0x2b, 0xda, 0x24, 0x81,
    0xa6, 0x24, 0x15, 0xfa, 0xbd, 0x07, 0x68, 0xd9, 0xe0, 0x51, 0x43, 0xf1,
    0x8d, 0x88, 0x3a, 0xba, 0x7c, 0xbe, 0x18, 0x4a, 0x53, 0xe3, 0xb3, 0x95,
    0x1e, 0xac, 0xe8, 0xbb, 0x56, 0x1a, 0x8f, 0xf8, 0xb3, 0x85, 0x10, 0x0a,
    0x13, 0xad, 0xb0, 0x9a, 0x27, 0x2e, 0xdc, 0x51, 0x05, 0x99, 0x24, 0x2a,
    0x48, 0xb2, 0xf0, 0xcf, 0x20, 0x20, 0xf1, 0x40, 0xb3, 0x3e, 0xd2, 0x64,
    0x35, 0xc6, 0x03, 0x01, 0x98, 0xb8, 0xc5, 0xa0, 0x2f, 0x20, 0x23, 0xd6,
    0x20, 0x11, 0x0b, 0x81, 0x2e, 0x88, 0xef, 0xd6, 0x74, 0x55, 0x1d, 0x0d,
    0xbd, 0x9a, 0xf4, 0x27, 0x1b, 0x4f, 0x35, 0xc8, 0x9f, 0x9f, 0x20, 0x32,
    0x8d, 0x39, 0x10, 0xed, 0xdd, 0x8c, 0x3f, 0x61, 0xc0, 0x87, 0x52, 0xd6,
    0xe7, 0xd2, 0x12, 0x05, 0x42, 0x9b, 0x03, 0x39, 0x14, 0x31, 0x10, 0x38,
    0xf7, 0xdd, 0xe7, 0x03, 0xe3, 0xaf, 0xcf, 0x62, 0x6c, 0x27, 0xba, 0xe6,
    0x69, 0xd0, 0xd2, 0x94, 0x70, 0x08, 0xa3, 0xd9, 0xc3, 0xb3, 0xc6, 0xeb,
    0xd1, 0xfe, 0xe4, 0x62, 0xb2, 0xab, 0xad, 0x63, 0x8b, 0x00, 0x44, 0x09,
    0xfe, 0x48, 0xaf, 0x62, 0xf5, 0x2e, 0x2a, 0x71, 0x46, 0x0b, 0x27, 0xd3,
    0xeb, 0x29, 0x1a, 0x43, 0x4c, 0xd5, 0x64, 0xa1, 0xcf, 0x85, 0xee, 0x46,
    0x3d, 0x60, 0x5d, 0x4f, 0x40, 0x3f, 0x3a, 0x2b, 0x18, 0xf4, 0x9d, 0xef,
    0x53, 0xe2, 0x1e, 0xb5, 0x7f, 0x09, 0x32, 0x8d, 0x6d, 0xef, 0x8b, 0x28,
    0xdb, 0x53, 0x01, 0xe5, 0x02, 0x2d, 0xa2, 0xc8, 0xdf, 0x8b, 0x86, 0x52,
    0x34, 0xcf, 0x2e, 0xfb, 0x52, 0xb6, 0x28, 0xbe, 0x27, 0x2e, 0xfa, 0xe7,
    0x0b, 0x8a, 0xe5, 0x8a, 0x89, 0x9c, 0x84, 0x1f, 0xc1, 0x66, 0xf8, 0x26,
    0xac, 0xad, 0x8c, 0x62, 0x1d, 0x56, 0xf0, 0x11, 0xc1, 0x25, 0x4a, 0x8c,
    0x07, 0xe5, 0x4b, 0xb4, 0x62, 0xd0, 0xce, 0x08, 0x9a, 0xd4, 0xe6, 0x02,
    0x3a, 0x74, 0x57, 0x50, 0x33, 0x2f, 0xb0, 0x27, 0xff, 0xb1, 0xa7, 0x62,
    0x8d, 0x8e, 0x81, 0x68, 0x8e, 0xc4, 0xa0, 0xc7, 0x11, 0x76, 0x65, 0x39,
    0x9b, 0x78, 0xd4, 0x77, 0x6f, 0xc7, 0xea, 0x46, 0x5e, 0xd1, 0x6f, 0x3b,
    0xba, 0xff, 0xba, 0x0c, 0x03, 0x93, 0x5b, 0xfe, 0x5f, 0x8e, 0x00, 0xbd,
    0xdc, 0x9f, 0x5d, 0x8e, 0x7f, 0x53, 0x4f, 0x41, 0x72, 0xff, 0x08, 0xc4,
    0x98, 0xad, 0x40, 0x5a, 0x39, 0x98, 0xbb, 0xeb, 0x09, 0x4f, 0x2e, 0x85,
    0x18, 0xe2, 0xe0, 0x6e, 0x48, 0x50, 0x0a, 0x52, 0x53, 0x0b, 0xbf, 0x8d,
    0xe5, 0x65, 0x89, 0x3c, 0x33, 0xad, 0xbc, 0x3a, 0x1e, 0xe4, 0xff, 0xff,
    0x04, 0x00, 0x00, 0x00, 0x40, 0x00, 0x00, 0x00, 0x3f, 0xfc, 0xff, 0xff,
    0xb7, 0xff, 0xff, 0xff, 0x92, 0x06, 0x00, 0x00, 0xb7, 0xf7, 0xff, 0xff,
    0x0e, 0xfb, 0xff, 0xff, 0x5e, 0x04, 0x00, 0x00, 0x9e, 0xfc, 0xff, 0xff,
    0x93, 0x00, 0x00, 0x00, 0x9b, 0x06, 0x00, 0x00, 0x82, 0x04, 0x00, 0x00,
    0x2e, 0xfd, 0xff, 0xff, 0x84, 0x09, 0x00, 0x00, 0x86, 0xf5, 0xff, 0xff,
    0x44, 0x06, 0x00, 0x00, 0x57, 0xf9, 0xff, 0xff, 0xcf, 0x07, 0x00, 0x00,
    0x6a, 0xe4, 0xff, 0xff, 0x04, 0x00, 0x00, 0x00, 0x10, 0x00, 0x00, 0x00,
    0x7b, 0x79, 0x7b, 0x77, 0x7b, 0x78, 0x7d, 0x7a, 0x7b, 0x7d, 0x79, 0x7b,
    0x7b, 0x76, 0x7f, 0x79, 0x86, 0xe4, 0xff, 0xff, 0x04, 0x00, 0x00, 0x00,
    0x10, 0x00, 0x00, 0x00, 0xc4, 0x05, 0x5a, 0xba, 0xca, 0x80, 0x09, 0x26,
    0x51, 0xbf, 0x12, 0x59, 0x2c, 0xdb, 0x3a, 0xf3, 0xa2, 0xe4, 0xff, 0xff,
    0x04, 0x00, 0x00, 0x00, 0x00, 0x12, 0x00, 0x00, 0x0a, 0x3b, 0x26, 0xb1,
    0xd5, 0x3e, 0x63, 0x2d, 0x45, 0x11, 0x4b, 0x17, 0x63, 0x6f, 0x56, 0x94,
    0x09, 0x2f, 0xb0, 0x43, 0xd3, 0x57, 0x65, 0x3a, 0x03, 0x5b, 0xf1, 0xdf,
    0xf0, 0x23, 0xb7, 0x1b, 0xc3, 0xed, 0xd5, 0x2c, 0x1d, 0x43, 0xf5, 0x69,
    0x78, 0xee, 0xbb, 0xbc, 0xaf, 0x1b, 0x5a, 0x59, 0x18, 0x53, 0x60, 0x74,
    0x52, 0xb6, 0xe8, 0x55, 0xd9, 0x9e, 0x03, 0x7f, 0xf2, 0xbb, 0x4c, 0x12,
    0x58, 0x07, 0x0c, 0xa8, 0xc1, 0x3d, 0x2e, 0xdf, 0x6c, 0x88, 0x93, 0x6f,
    0x54, 0xa8, 0xeb, 0x90, 0x2b, 0x68, 0xe5, 0x41, 0x98, 0x9b, 0x5a, 0x95,
    0x4c, 0xa3, 0xae, 0x67, 0xb6, 0xad, 0x73, 0xcd, 0x41, 0xb9, 0x5b, 0x72,
    0x21, 0x0a, 0x35, 0x20, 0x37, 0x40, 0x8f, 0x00, 0x31, 0x50, 0x97, 0xb9,
    0x14, 0xa0, 0x58, 0xb7, 0xed, 0x06, 0x16, 0x8a, 0xed, 0xa4, 0x9e, 0x56,
    0xf6, 0x42, 0xaa, 0x4f, 0xaf, 0x1f, 0x69, 0x75, 0xd2, 0x25, 0xc5, 0xbe,
    0xb0, 0xe1, 0x25, 0x69, 0x68, 0x3a, 0xf9, 0x4c, 0x02, 0x38, 0xfb, 0xd3,
    0x1b, 0xd1, 0x30, 0x4c, 0x8f, 0x49, 0x16, 0x6a, 0x07, 0xfb, 0x0b, 0xe1,
    0x6d, 0xda, 0xd9, 0x01, 0x15, 0xd8, 0xa7, 0xec, 0xc0, 0x1b, 0xf1, 0x63,
    0xce, 0x4e, 0xf8, 0xfc, 0x65, 0x3b, 0x8d, 0xc5, 0x49, 0xce, 0x20, 0x5b,
    0x16, 0x2e, 0x12, 0x86, 0x0d, 0x46, 0x24, 0xef, 0xa8, 0x73, 0x9d, 0x66,
    0xca, 0x0f, 0x5a, 0xa7, 0x21, 0xa5, 0x92, 0xf2, 0xea, 0xa0, 0x46, 0xad,
    0x62, 0x46, 0x39, 0x26, 0x29, 0x58, 0xa9, 0xde, 0xe3, 0x63, 0x1d, 0xfc,
    0x48, 0x70, 0xa4, 0x0c, 0xcd, 0x00, 0x23, 0x2c, 0x5b, 0x70, 0x3e, 0xa3,
    0x5e, 0x3e, 0x02, 0xc0, 0x14, 0x02, 0xcc, 0x6c, 0x43, 0xa5, 0x95, 0x38,
    0xac, 0x32, 0x87, 0xad, 0xd2, 0x02, 0xdb, 0xae, 0xe9, 0x05, 0xa8, 0x63,
    0xef, 0x00, 0x97, 0x7f, 0xfd, 0x31, 0xf4, 0x5f, 0x90, 0x2b, 0x29, 0xdd,
    0xdc, 0xac, 0x50, 0xdd, 0x3a, 0x02, 0xaf, 0x70, 0x19, 0x0a, 0x94, 0x3d,
    0x66, 0x61, 0x2b, 0xcd, 0x4c, 0x59, 0x55, 0x2b, 0x75, 0x9f, 0x7b, 0x24,
    0xf6, 0xc9, 0x8b, 0x2f, 0x97, 0x3e, 0x43, 0xea, 0x38, 0x34, 0x91, 0x42,
    0x60, 0x39, 0x44, 0x17, 0x3b, 0x89, 0xa5, 0xad, 0xca, 0xa7, 0x5f, 0xc5,
    0x46, 0xd5, 0x2d, 0x1a, 0x8b, 0x7d, 0xf4, 0xbe, 0x00, 0x04, 0x64, 0xef,
    0xb3, 0x72, 0x29, 0xb2, 0x25, 0x26, 0xfa, 0x2e, 0x8d, 0x8d, 0xfc, 0x2e,
    0x1f, 0xda, 0xe7, 0xfb, 0xab, 0x2c, 0xe5, 0x95, 0xdd, 0x53, 0xbd, 0x14,
    0x10, 0xe0, 0xef, 0xc5, 0x5d, 0x91, 0x5b, 0x10, 0x1f, 0xd9, 0x9e, 0xe8,
    0x1a, 0x5d, 0x43, 0x62, 0x0f, 0x43, 0xa0, 0x5e, 0xf1, 0xa6, 0x18, 0x3b,
    0xc2, 0xb4, 0x7f, 0x41, 0x8d, 0x69, 0x4b, 0x70, 0x1e, 0x76, 0x0e, 0x72,
    0x59, 0xce, 0xde, 0x54, 0xa9, 0xf7, 0x23, 0x3f, 0xe0, 0xcc, 0x43, 0x22,
    0x6f, 0xb9, 0x1b, 0xeb, 0xfb, 0xe7, 0xab, 0x91, 0xc9, 0xbf, 0x8a, 0x0c,
    0x43, 0x04, 0x64, 0x1f, 0x0e, 0x55, 0x5f, 0xae, 0x53, 0x34, 0x75, 0x1d,
    0x7d, 0x9b, 0x5b, 0x02, 0x3e, 0x1a, 0x08, 0xca, 0x63, 0xae, 0xc3, 0x0c,
    0xb9, 0x87, 0xbb, 0x50, 0x91, 0x14, 0x97, 0x36, 0x07, 0xb5, 0x42, 0x0b,
    0x60, 0xae, 0xed, 0x3c, 0x72, 0x41, 0x6f, 0xfa, 0x66, 0x36, 0x90, 0xa9,
    0x48, 0xb2, 0xc6, 0xec, 0xe2, 0x46, 0x61, 0xe9, 0x04, 0xec, 0x85, 0x2f,
    0x0c, 0xc2, 0xdf, 0xf5, 0x7a, 0x93, 0x03, 0x3a, 0x09, 0x4a, 0x15, 0xd7,
    0xdd, 0xc4, 0x72, 0x2a, 0x5e, 0xc2, 0x92, 0xf6, 0x91, 0x79, 0x94, 0xde,
    0x72, 0xbe, 0x8f, 0x9b, 0xc0, 0x8e, 0x5e, 0xbc, 0xfd, 0x4a, 0x93, 0x31,
    0x47, 0x4f, 0xdb, 0x44, 0x3d, 0x5b, 0xa7, 0xcd, 0x9f, 0xde, 0xf4, 0x29,
    0x7f, 0xe5, 0xf5, 0x88, 0x0c, 0xbe, 0xd2, 0x6e, 0x5b, 0x37, 0x0d, 0x6d,
    0x42, 0xc8, 0xcf, 0x4c, 0xf0, 0x05, 0x6f, 0xe9, 0x81, 0xef, 0x51, 0xe9,
    0xd2, 0x5a, 0x74, 0x5d, 0x87, 0xb7, 0x83, 0xf5, 0x8e, 0xbc, 0xa2, 0xc6,
    0x09, 0x06, 0x54, 0x13, 0x19, 0x0e, 0xb6, 0xaf, 0x98, 0xd8, 0xb6, 0x38,
    0xac, 0xa5, 0xce, 0xb1, 0xf4, 0xa2, 0x5e, 0xb2, 0x36, 0xaa, 0x60, 0x79,
    0x28, 0x67, 0xbd, 0x14, 0xcf, 0xdf, 0x27, 0x97, 0x9b, 0xf8, 0xe6, 0x20,
    0x7c, 0x58, 0xa4, 0x6a, 0xe8, 0x92, 0xfe, 0xec, 0x6e, 0xae, 0xac, 0x88,
    0x92, 0x2a, 0x10, 0xbc, 0x7c, 0xca, 0x13, 0x30, 0x5e, 0x8b, 0x7d, 0x55,
    0x57, 0x35, 0x02, 0xed, 0xd4, 0xc8, 0xab, 0xdf, 0xfd, 0xa7, 0x16, 0x7a,
    0xc0, 0xef, 0x41, 0xf3, 0xc5, 0xe3, 0x17, 0xa3, 0x13, 0x33, 0x7d, 0x66,
    0xb1, 0xbf, 0x2b, 0xde, 0x5b, 0xb7, 0xa2, 0x0d, 0xa4, 0x4b, 0xab, 0x42,
    0x0a, 0xc7, 0xa1, 0x17, 0xce, 0xb8, 0xee, 0xf0, 0xbc, 0x1b, 0x26, 0x90,
    0x95, 0x58, 0xf5, 0xa0, 0xaf, 0x04, 0xc4, 0x23, 0xd6, 0x7f, 0xc4, 0xf8,
    0x02, 0xa6, 0x8a, 0x7c, 0x8d, 0x91, 0xae, 0x0f, 0xe1, 0xfb, 0x93, 0x8e,
    0xa9, 0x38, 0x0c, 0xa1, 0x71, 0x3c, 0xdf, 0xad, 0x93, 0x0f, 0x23, 0x16,
    0xe7, 0x1c, 0x23, 0xb4, 0x90, 0xdc, 0xee, 0x74, 0x4e, 0x66, 0x72, 0xe0,
    0xa7, 0x1c, 0x21, 0xe3, 0xd7, 0x0c, 0xe6, 0xc0, 0xee, 0xf1, 0x2b, 0x5e,
    0x41, 0xa4, 0x6b, 0x2b, 0xf5, 0x59, 0x6a, 0x93, 0xa8, 0xa2, 0x03, 0x08,
    0xdf, 0x67, 0x1a, 0x0c, 0xf8, 0x49, 0x6d, 0x6f, 0x4c, 0xc5, 0xfa, 0xfe,
    0xbe, 0xe8, 0x06, 0xfe, 0x65, 0xe2, 0x90, 0x30, 0xc9, 0xc0, 0x96, 0xc6,
    0x4a, 0xa3, 0xae, 0x44, 0x5c, 0x63, 0x38, 0xe4, 0x93, 0x24, 0x6d, 0x91,
    0x27, 0xa6, 0x4a, 0x4e, 0x48, 0x9d, 0xb4, 0x69, 0x45, 0xfe, 0x5d, 0xdf,
    0xdd, 0x97, 0x96, 0x60, 0x99, 0x74, 0x4a, 0x9d, 0xdd, 0x81, 0x47, 0x66,
    0x88, 0x3a, 0xa3, 0x0a, 0x9a, 0xa9, 0x46, 0x24, 0xaf, 0xbf, 0x0b, 0xe3,
    0x59, 0xde, 0x26, 0xf1, 0xe9, 0x35, 0x05, 0x15, 0xd0, 0x26, 0x7a, 0xf8,
    0x9b, 0x01, 0xa1, 0x44, 0xde, 0xb7, 0xf2, 0xa7, 0x9a, 0x03, 0x1d, 0x08,
    0x01, 0x94, 0xdd, 0x35, 0x5a, 0x5d, 0xa4, 0x53, 0xfb, 0xe4, 0xa6, 0xeb,
    0x50, 0x87, 0x33, 0x87, 0xed, 0x9e, 0x9f, 0xd2, 0xe6, 0xa5, 0xe3, 0x60,
    0x2b, 0x9e, 0x29, 0xfb, 0xca, 0x3b, 0xdb, 0x93, 0xfb, 0x97, 0xc1, 0x91,
    0xb5, 0xb7, 0x6a, 0x72, 0x97, 0x4a, 0x68, 0xf4, 0x10, 0x05, 0xa3, 0x78,
    0xf9, 0x10, 0xd7, 0xc8, 0x3b, 0xe3, 0x06, 0x2e, 0xa7, 0x25, 0x5f, 0xdd,
    0x7d, 0xae, 0x10, 0xf7, 0xe4, 0x95, 0x57, 0xc4, 0x9b, 0x48, 0x2a, 0x35,
    0x20, 0x60, 0x15, 0xbb, 0xb1, 0xb5, 0xab, 0xda, 0xd3, 0xe3, 0x1d, 0x41,
    0x18, 0x2c, 0x13, 0x52, 0x9f, 0x0d, 0xed, 0x99, 0xad, 0x2e, 0xf1, 0x52,
    0x97, 0xae, 0xd8, 0xa1, 0x01, 0x59, 0x27, 0x62, 0x31, 0x9d, 0x11, 0xe1,
    0x7e, 0x35, 0x69, 0x3b, 0xbd, 0x68, 0x54, 0x08, 0xdc, 0xdc, 0x52, 0x69,
    0xe5, 0xe7, 0xd8, 0x89, 0x3e, 0x43, 0x73, 0x05, 0x1e, 0xa2, 0xd8, 0x42,
    0x28, 0x02, 0xae, 0xf5, 0x9b, 0x9f, 0xa9, 0x64, 0xcd, 0xef, 0x96, 0x7e,
    0x5b, 0x1a, 0x2d, 0x91, 0xd6, 0x7f, 0x78, 0x97, 0xa3, 0xc8, 0xb2, 0x3b,
    0x9d, 0x24, 0x55, 0xa1, 0x66, 0x76, 0xbf, 0x5f, 0x72, 0x05, 0x48, 0x60,
    0xdd, 0x58, 0xe6, 0x44, 0xe9, 0x67, 0x91, 0x29, 0x48, 0xf9, 0x2e, 0xce,
    0x03, 0xe5, 0x19, 0xc9, 0xf9, 0x97, 0xef, 0x3e, 0xeb, 0x47, 0x81, 0xdf,
    0x7d, 0xa1, 0x74, 0x40, 0x29, 0xa9, 0x2a, 0x2f, 0xee, 0xa5, 0x17, 0x75,
    0x44, 0xcf, 0x88, 0x5a, 0xd1, 0x7b, 0x01, 0x52, 0x2c, 0xb2, 0x3f, 0xe2,
    0x43, 0x36, 0x3e, 0xb6, 0xb2, 0x7e, 0x54, 0x52, 0x09, 0xea, 0x86, 0x2f,
    0x18, 0x10, 0xeb, 0x2b, 0x07, 0x0d, 0x24, 0x0e, 0x9e, 0xc8, 0xd5, 0x6b,
    0x74, 0x55, 0x26, 0x06, 0x2d, 0x2f, 0xb5, 0x05, 0x2a, 0xcb, 0xa9, 0xbe,
    0xd6, 0xc8, 0xe1, 0xdb, 0x17, 0x6a, 0xa9, 0xab, 0xbd, 0xb5, 0x3f, 0xb7,
    0x85, 0x7a, 0xd8, 0xf9, 0xee, 0xd7, 0x22, 0x4e, 0x45, 0x02, 0xe3, 0x5a,
    0x6d, 0xcd, 0x10, 0x89, 0xe4, 0xaf, 0x04, 0xda, 0x62, 0x69, 0x0f, 0x09,
    0xcd, 0x18, 0x83, 0x91, 0x1e, 0xdb, 0x36, 0x41, 0xac, 0xc5, 0xfe, 0x49,
    0xf0, 0x56, 0xb0, 0xc7, 0xf1, 0xc0, 0xb7, 0x7c, 0x41, 0x02, 0x42, 0x30,
    0xc6, 0xa7, 0x10, 0xbc, 0x36, 0xda, 0xe9, 0x3f, 0xd7, 0xd7, 0x31, 0x41,
    0xb4, 0xc0, 0xa5, 0x75, 0xf5, 0xe6, 0x2b, 0x6d, 0x5e, 0xe2, 0x93, 0x30,
    0x1c, 0xfe, 0x0b, 0x22, 0xba, 0x35, 0xd5, 0xc1, 0x66, 0x06, 0x17, 0x6c,
    0xfc, 0x5a, 0x6f, 0x59, 0xd4, 0x0e, 0x81, 0x60, 0x01, 0xb8, 0xd0, 0x27,
    0xcc, 0xd7, 0xf1, 0x1d, 0x39, 0x2c, 0x08, 0x49, 0x21, 0x6c, 0x0c, 0xfd,
    0xb1, 0xe7, 0xe1, 0xaa, 0xb9, 0x52, 0x2d, 0x3c, 0xab, 0xc9, 0xf5, 0x00,
    0xcf, 0x94, 0xac, 0x9c, 0x88, 0xfc, 0xe9, 0xb9, 0xa9, 0x59, 0x0c, 0x64,
    0xc9, 0xed, 0x4e, 0xdd, 0x75, 0x1d, 0xcf, 0xcd, 0xf6, 0x64, 0xed, 0x55,
    0xe1, 0xfa, 0xf1, 0x0a, 0x90, 0x1d, 0x4e, 0x6f, 0xc4, 0x58, 0x06, 0xa1,
    0x16, 0x06, 0xaf, 0x72, 0x2d, 0xe6, 0x2b, 0x0d, 0xf5, 0x2f, 0x30, 0xdb,
    0x46, 0x16, 0xc8, 0x4f, 0x1a, 0xb6, 0xb0, 0xdd, 0xf7, 0xab, 0xa0, 0x66,
    0x3e, 0xe3, 0xca, 0x88, 0xeb, 0x9b, 0x59, 0x06, 0x50, 0x6b, 0x32, 0xe9,
    0xa2, 0x31, 0xcc, 0x57, 0x60, 0x00, 0xb1, 0xbe, 0x33, 0x9a, 0xdc, 0x4c,
    0xed, 0xd8, 0xfa, 0x09, 0xd1, 0xe3, 0x78, 0xe3, 0x3a, 0xc9, 0x90, 0x56,
    0x68, 0x42, 0x56, 0xc7, 0x9e, 0xfe, 0x76, 0x11, 0xc3, 0xbf, 0x73, 0xae,
    0x1c, 0xa3, 0x0e, 0x2d, 0x5b, 0xf6, 0x88, 0xc2, 0xe6, 0x53, 0x98, 0x8b,
    0x33, 0xd1, 0x97, 0x99, 0xe7, 0x10, 0x5b, 0x6f, 0xb1, 0x69, 0x28, 0x3d,
    0x0e, 0x98, 0x14, 0xf6, 0x7d, 0xe0, 0x12, 0xae, 0x36, 0xf6, 0x40, 0x38,
    0x06, 0x59, 0x31, 0xe0, 0xdb, 0x0d, 0x66, 0x83, 0x97, 0x6c, 0x79, 0x5d,
    0xb6, 0x24, 0x47, 0xf3, 0x20, 0xc2, 0xe2, 0xe6, 0x11, 0x5f, 0xa0, 0xdc,
    0x71, 0x4a, 0xbd, 0x77, 0x51, 0x64, 0xee, 0x37, 0x1b, 0x68, 0x2b, 0x89,
    0xe5, 0x1a, 0x56, 0x58, 0xf2, 0x1b, 0xb2, 0xd2, 0x59, 0x8c, 0xbd, 0xca,
    0x3e, 0x57, 0xff, 0x24, 0x14, 0x43, 0x73, 0x14, 0x66, 0xd3, 0xa4, 0x7f,
    0xaa, 0x0c, 0x47, 0x82, 0x64, 0xa9, 0x59, 0xb9, 0xe3, 0x53, 0x78, 0x81,
    0x3a, 0x11, 0x55, 0x1c, 0x34, 0xe6, 0x67, 0xc4, 0x90, 0x33, 0x77, 0xed,
    0x49, 0xf1, 0x00, 0xed, 0xaf, 0x67, 0x6b, 0xb7, 0x13, 0x26, 0xea, 0x7f,
    0x5c, 0x9f, 0xc4, 0xed, 0x23, 0xda, 0x5b, 0x8a, 0x2b, 0xff, 0xdd, 0x9e,
    0xe4, 0xd6, 0x0e, 0x9d, 0xe7, 0xe8, 0x13, 0x12, 0x2c, 0xce, 0x59, 0xa6,
    0x65, 0x4d, 0x04, 0x48, 0xb6, 0xae, 0x61, 0xa0, 0x45, 0x99, 0x59, 0x44,
    0xb0, 0xc7, 0x58, 0x93, 0x0c, 0xe5, 0x18, 0x46, 0x0f, 0xfd, 0x5d, 0xf8,
    0x62, 0x46, 0xd7, 0x69, 0xab, 0xb2, 0x0f, 0xcd, 0x73, 0xba, 0x3f, 0x12,
    0x55, 0x52, 0x0d, 0x42, 0xc5, 0xdd, 0xcb, 0x26, 0xbd, 0xec, 0x57, 0x16,
    0x79, 0x23, 0xf4, 0x92, 0x70, 0xc5, 0x18, 0x97, 0xeb, 0x6f, 0x31, 0x08,
    0x27, 0x9c, 0x6d, 0x23, 0x4c, 0x6d, 0xd8, 0x38, 0xa7, 0xf7, 0x56, 0x50,
    0x92, 0xea, 0xbb, 0x90, 0x1f, 0x73, 0x12, 0x4d, 0x2a, 0xbf, 0x99, 0xba,
    0x40, 0x16, 0xdb, 0xb8, 0x54, 0xe0, 0x67, 0x9a, 0x0a, 0xe0, 0x28, 0x93,
    0x1b, 0x6a, 0x20, 0x0c, 0x9c, 0xe6, 0x68, 0x17, 0x02, 0x7c, 0x73, 0xdd,
    0x96, 0xad, 0x2e, 0xf2, 0xf4, 0x5f, 0x88, 0x40, 0xb5, 0x21, 0x6b, 0xec,
    0xbd, 0x33, 0xfc, 0x0f, 0x11, 0x0d, 0x95, 0x4e, 0x4f, 0xa9, 0x10, 0xbf,
    0xaf, 0x33, 0x18, 0x29, 0x87, 0x29, 0x38, 0x75, 0x4d, 0x38, 0x05, 0xac,
    0xe8, 0x02, 0x71, 0x26, 0x3a, 0x48, 0x43, 0xaa, 0x6a, 0x49, 0x6a, 0xb8,
    0xdd, 0x41, 0x7f, 0x90, 0xcb, 0x00, 0x36, 0x1d, 0xfe, 0x12, 0x7a, 0x08,
    0x28, 0x50, 0x49, 0x31, 0x44, 0xcf, 0xcb, 0x52, 0x6c, 0xe0, 0xc6, 0x8d,
    0xe0, 0xdb, 0x3b, 0x99, 0x92, 0xe3, 0x50, 0xd4, 0x7b, 0x88, 0x8d, 0x59,
    0x2c, 0x92, 0xb0, 0x3f, 0xab, 0x93, 0xa8, 0x34, 0x99, 0xd8, 0x71, 0xfe,
    0x48, 0x3b, 0x25, 0x7c, 0xcb, 0x3a, 0x62, 0x34, 0x15, 0x53, 0xec, 0x1b,
    0x82, 0x2d, 0x19, 0x60, 0xdf, 0xc8, 0x73, 0x0b, 0xf7, 0x13, 0x10, 0x85,
    0x0b, 0xfd, 0x5d, 0x58, 0xe7, 0x4b, 0x1d, 0x89, 0x50, 0x67, 0xe7, 0x02,
    0xe9, 0xa8, 0x2f, 0xad, 0x7f, 0xd5, 0x2e, 0x30, 0x0a, 0x2b, 0x5b, 0x01,
    0xcf, 0x63, 0xe1, 0x65, 0xe7, 0x17, 0x55, 0x7b, 0xb2, 0x44, 0x72, 0x34,
    0x0e, 0x03, 0x04, 0x9b, 0x5d, 0x2c, 0xee, 0xc3, 0x6b, 0xa2, 0xce, 0x45,
    0x76, 0x86, 0xe7, 0x9a, 0xd5, 0xfd, 0x1f, 0x66, 0x21, 0x3f, 0x55, 0xf5,
    0x17, 0xf0, 0xaa, 0x18, 0x9f, 0x4d, 0x3f, 0x58, 0xfa, 0xc5, 0x34, 0xfa,
    0x6f, 0x2b, 0x9b, 0xaf, 0x30, 0xe3, 0x46, 0x25, 0x71, 0x2e, 0xfd, 0x68,
    0xb1, 0x61, 0x06, 0x34, 0x18, 0x4c, 0x1f, 0x55, 0xd4, 0xbc, 0x4f, 0x5c,
    0xb6, 0x51, 0x3b, 0x74, 0xe9, 0x1f, 0x91, 0x19, 0x69, 0x28, 0x46, 0x6c,
    0xa8, 0xcd, 0x2e, 0x3f, 0x85, 0x4e, 0x20, 0x5a, 0xcb, 0x90, 0x73, 0xf4,
    0x59, 0xe0, 0x88, 0x7f, 0x1e, 0x95, 0x9d, 0x4f, 0x06, 0x4d, 0x36, 0xa3,
    0x8a, 0x48, 0x8a, 0x21, 0xd9, 0x12, 0xd4, 0xe8, 0xf0, 0x29, 0x19, 0x2a,
    0xdd, 0x3f, 0x23, 0x2f, 0x95, 0x1d, 0x3d, 0x14, 0x96, 0x03, 0x14, 0x70,
    0x69, 0xdb, 0x15, 0xb4, 0x2c, 0x6d, 0x92, 0xfe, 0x49, 0xa4, 0x97, 0x84,
    0x57, 0x15, 0x04, 0xe9, 0xc5, 0x13, 0xf2, 0x75, 0xed, 0x1f, 0x01, 0x8c,
    0x19, 0x59, 0x1c, 0x22, 0x66, 0xd2, 0xf2, 0xb1, 0x5e, 0x5f, 0x29, 0x79,
    0xb1, 0xe6, 0xc6, 0xaf, 0x69, 0xb5, 0xf0, 0xa3, 0x72, 0x0e, 0x29, 0xaf,
    0x41, 0xc7, 0xdc, 0x91, 0x39, 0x33, 0xf7, 0x28, 0x95, 0x45, 0xf3, 0xd6,
    0xe6, 0x13, 0x6e, 0xfd, 0xf7, 0x5f, 0xca, 0x28, 0xff, 0x6d, 0x5c, 0x2d,
    0xd9, 0xc2, 0x25, 0x66, 0xbf, 0x0b, 0x8e, 0x8c, 0x1f, 0x47, 0xd2, 0x6b,
    0x57, 0x88, 0xa7, 0xc3, 0x1a, 0xf7, 0x11, 0x22, 0xee, 0x6d, 0xc6, 0xa2,
    0xaa, 0x50, 0xa9, 0xa8, 0x45, 0x36, 0x99, 0xa1, 0x49, 0x09, 0x4d, 0xff,
    0x5c, 0xe4, 0x57, 0x9d, 0xbf, 0x81, 0x83, 0x05, 0xbd, 0x45, 0x17, 0x9b,
    0x52, 0xe9, 0x1b, 0x91, 0x8a, 0x9b, 0xe8, 0x20, 0xee, 0x39, 0x27, 0x64,
    0xf1, 0x0b, 0xaa, 0x1e, 0x89, 0xb4, 0x20, 0xa0, 0xac, 0xc4, 0xa9, 0x59,
    0xa8, 0x09, 0x5d, 0x15, 0xc5, 0x81, 0x6e, 0xc9, 0x2b, 0x10, 0xc1, 0xda,
    0xf4, 0xb1, 0x24, 0xf0, 0xf2, 0xa1, 0xe0, 0xfe, 0xb2, 0xd0, 0xeb, 0xa6,
    0xa4, 0xe8, 0x1f, 0xcb, 0x27, 0xc7, 0x02, 0xaa, 0xbf, 0xd9, 0x49, 0x1f,
    0xac, 0xb7, 0xf9, 0x9d, 0xc8, 0x2e, 0x18, 0x1d, 0xe0, 0x12, 0x6c, 0xc8,
    0x70, 0xaf, 0x0f, 0xa6, 0x46, 0xe8, 0xb5, 0x2b, 0xa5, 0x94, 0xd1, 0xac,
    0x5a, 0x3d, 0x43, 0x8a, 0x67, 0x4a, 0x14, 0xc1, 0xf2, 0x85, 0xa5, 0xbd,
    0x12, 0xde, 0xa4, 0x62, 0x97, 0xec, 0xf9, 0xeb, 0x40, 0x5a, 0x81, 0xb2,
    0x6e, 0x94, 0xe9, 0x95, 0x66, 0x38, 0x35, 0xbd, 0xfd, 0x19, 0xe8, 0x1e,
    0x0d, 0x25, 0xd7, 0xa3, 0x59, 0x02, 0xba, 0xc2, 0x54, 0x23, 0x32, 0xfd,
    0xa8, 0xcd, 0x8d, 0xc1, 0xc5, 0x70, 0x49, 0xb7, 0x1f, 0xa5, 0x60, 0x91,
    0xb8, 0xa8, 0x20, 0x2e, 0x11, 0x44, 0x2b, 0xe6, 0xe4, 0x49, 0x97, 0xc1,
    0xfd, 0x6c, 0xcf, 0x2b, 0x39, 0x52, 0x4c, 0x0c, 0xcf, 0xcd, 0xa1, 0x64,
    0xfe, 0x9b, 0xca, 0xec, 0x49, 0x24, 0x97, 0x3b, 0xb4, 0xeb, 0xbc, 0x71,
    0x59, 0x40, 0x99, 0x2a, 0x9f, 0x0d, 0x6f, 0x6e, 0x98, 0x2d, 0x17, 0xb0,
    0xf0, 0xb6, 0x4d, 0x58, 0xb0, 0x4b, 0x8b, 0xec, 0x63, 0x23, 0xc8, 0x16,
    0x3f, 0xe6, 0x87, 0x78, 0x32, 0x33, 0xd4, 0x51, 0x70, 0x08, 0x53, 0xcc,
    0xc2, 0xe8, 0xdf, 0x31, 0xd8, 0x70, 0xa4, 0xd5, 0x52, 0x75, 0xeb, 0xcb,
    0x64, 0xf2, 0xb1, 0x84, 0xc5, 0xb0, 0xe8, 0x8a, 0x63, 0xfb, 0xb7, 0xc6,
    0xba, 0xda, 0x4b, 0xdd, 0x5a, 0x1c, 0xd3, 0xd0, 0x1a, 0x92, 0xc5, 0x5f,
    0x6f, 0x2f, 0xda, 0xe0, 0x20, 0x01, 0xb8, 0x1f, 0x37, 0x94, 0xad, 0x3b,
    0x57, 0x0a, 0x4e, 0x92, 0x13, 0xc6, 0x19, 0x2b, 0x5c, 0x55, 0xe4, 0x36,
    0x25, 0x92, 0x51, 0xa0, 0x91, 0x9f, 0x3b, 0x36, 0xd5, 0x7b, 0x29, 0x9d,
    0x7f, 0x0b, 0x8c, 0x37, 0x12, 0x09, 0x01, 0x04, 0x41, 0xf0, 0xaa, 0xbb,
    0x96, 0x6a, 0xad, 0xf3, 0x70, 0xed, 0xf5, 0x4e, 0x36, 0xdc, 0x4b, 0x01,
    0xb5, 0x2b, 0xd8, 0x35, 0xb7, 0xbc, 0x85, 0x15, 0x15, 0xab, 0x0e, 0xc7,
    0xc2, 0x6f, 0x87, 0x95, 0x55, 0x46, 0x24, 0xca, 0x08, 0x98, 0xc2, 0x03,
    0x08, 0x3c, 0x21, 0xd6, 0x9f, 0x5d, 0xc8, 0x0a, 0x40, 0xd7, 0x03, 0xd5,
    0x67, 0xe9, 0x06, 0x4c, 0x32, 0x8b, 0xcc, 0x1a, 0x54, 0xea, 0xb9, 0x5b,
    0x4d, 0x6b, 0x6c, 0xab, 0x8d, 0xd2, 0x3e, 0xb8, 0x2d, 0x4d, 0x4c, 0x41,
    0x50, 0xea, 0x3d, 0x1b, 0xd0, 0x11, 0xf9, 0xac, 0x2d, 0xdf, 0x4f, 0x65,
    0x38, 0x24, 0x69, 0xd0, 0xfe, 0x5c, 0x17, 0x98, 0xdb, 0x70, 0x7f, 0x2b,
    0x19, 0x1e, 0x32, 0x3c, 0x3a, 0x22, 0x19, 0x3e, 0xc5, 0xa2, 0xd7, 0x1a,
    0x03, 0xa3, 0x30, 0xd0, 0xb1, 0x3a, 0x4c, 0x12, 0xd2, 0x89, 0xb7, 0x44,
    0xa6, 0xbd, 0xd8, 0x3d, 0x0d, 0x9a, 0x28, 0x1a, 0xc8, 0x39, 0x45, 0xff,
    0x16, 0x20, 0xe3, 0xac, 0xa8, 0x66, 0x8b, 0xeb, 0x06, 0xf3, 0x0c, 0x2c,
    0xca, 0xb4, 0x14, 0x4b, 0x45, 0xc6, 0xe9, 0x84, 0x9f, 0xd7, 0xb8, 0xb1,
    0x58, 0x4e, 0x00, 0x68, 0xae, 0xfb, 0xe0, 0x6a, 0x68, 0x2c, 0x2d, 0x60,
    0x19, 0xed, 0x7d, 0x52, 0x9f, 0xef, 0xc8, 0xbd, 0x27, 0x11, 0xc2, 0x85,
    0x6c, 0x1c, 0xb0, 0x2d, 0xfd, 0x2f, 0x95, 0xcb, 0x2a, 0xba, 0x22, 0x0c,
    0x39, 0x50, 0x59, 0xba, 0x00, 0x2b, 0x31, 0x83, 0x3c, 0x98, 0xc9, 0x56,
    0xbb, 0x18, 0xad, 0x25, 0xbe, 0x48, 0xd0, 0xf7, 0x86, 0xc8, 0x06, 0x54,
    0x11, 0x66, 0x11, 0x8b, 0x20, 0x70, 0x38, 0xd4, 0x08, 0x4a, 0x61, 0x56,
    0x21, 0xcb, 0x6f, 0x24, 0xef, 0x26, 0xce, 0x85, 0x46, 0x66, 0x99, 0x65,
    0xd4, 0xfb, 0x5f, 0xb9, 0xb0, 0x8d, 0xf2, 0xf8, 0x96, 0xca, 0x9d, 0xb4,
    0xc6, 0xf6, 0x9c, 0xd9, 0xe6, 0xc7, 0x33, 0x65, 0x44, 0xd9, 0x7f, 0x29,
    0xfb, 0xb9, 0xe8, 0xec, 0x31, 0xfd, 0xa3, 0x74, 0xbd, 0xe9, 0x98, 0x06,
    0x65, 0x5f, 0xf2, 0xf3, 0x77, 0x0d, 0x79, 0xde, 0x93, 0xa0, 0x19, 0x12,
    0x18, 0x81, 0x68, 0x0c, 0x94, 0x8d, 0xd7, 0xfd, 0xa9, 0xe6, 0x7a, 0xf8,
    0xa6, 0xcd, 0x3f, 0xd5, 0xe6, 0xa4, 0x16, 0x30, 0x7d, 0x8b, 0x33, 0xb8,
    0xc8, 0x21, 0x9f, 0xae, 0x90, 0x3b, 0xfc, 0xfe, 0xfa, 0x95, 0x91, 0x91,
    0xb2, 0x39, 0xb7, 0xb1, 0xd4, 0x56, 0xd5, 0x42, 0x56, 0xca, 0xa1, 0xc6,
    0x28, 0x63, 0xc4, 0xd3, 0x5c, 0x8b, 0x5e, 0x0a, 0x94, 0x82, 0x0d, 0x86,
    0xfd, 0x40, 0x0e, 0xcb, 0x2b, 0x5a, 0x77, 0x82, 0x1e, 0x66, 0x05, 0xee,
    0x5e, 0xf9, 0x71, 0x38, 0x26, 0xbf, 0x28, 0xaa, 0xdb, 0x85, 0x6a, 0xd5,
    0x61, 0x03, 0x7a, 0x3d, 0xb8, 0xcf, 0xe6, 0xea, 0xa4, 0xae, 0x5d, 0x44,
    0xf5, 0x1c, 0x75, 0x00, 0x92, 0x6b, 0x2f, 0xa8, 0x26, 0x75, 0x13, 0x41,
    0x02, 0x91, 0x05, 0x0e, 0xdc, 0x02, 0xe1, 0x3c, 0xa4, 0xfa, 0x4b, 0x41,
    0x79, 0xe2, 0xcc, 0xfe, 0x46, 0x45, 0x0e, 0xcb, 0x34, 0xc2, 0x21, 0x12,
    0xd5, 0x66, 0xce, 0xd4, 0xa0, 0xf7, 0x9b, 0xec, 0x9c, 0x7f, 0xac, 0xd9,
    0x3e, 0x2e, 0x47, 0x8d, 0x60, 0x2b, 0xe4, 0x10, 0xd7, 0x07, 0x10, 0x2a,
    0xf6, 0x7b, 0xd4, 0x48, 0x9b, 0x3d, 0x14, 0xce, 0x23, 0xbf, 0x97, 0x5e,
    0xaa, 0xb6, 0xf1, 0xce, 0xc7, 0xa1, 0x67, 0xb2, 0xb2, 0xbd, 0xb5, 0xc4,
    0x88, 0xd6, 0xc5, 0x37, 0x2a, 0x6a, 0x32, 0xc6, 0x48, 0x72, 0x5e, 0x2b,
    0xb2, 0xc7, 0xf6, 0x9f, 0xcf, 0xf1, 0xc7, 0x5a, 0x0f, 0xac, 0xf0, 0x6e,
    0xe4, 0x24, 0x76, 0x90, 0x31, 0x8c, 0x4c, 0xc6, 0x38, 0x71, 0x0a, 0xad,
    0x1e, 0xdf, 0x52, 0xb0, 0x65, 0x96, 0x05, 0x6e, 0x5f, 0xcc, 0x9d, 0xd2,
    0x4a, 0xf5, 0xcc, 0xae, 0xf2, 0x1f, 0xa6, 0x20, 0x01, 0x2a, 0xf8, 0xed,
    0x70, 0x31, 0x06, 0x09, 0xc2, 0x11, 0x41, 0x9b, 0x48, 0x4a, 0x7f, 0xf1,
    0x06, 0xa4, 0xd4, 0x44, 0x4d, 0xdf, 0xc0, 0x89, 0xe6, 0x61, 0xf5, 0x34,
    0x18, 0x58, 0x5e, 0x0d, 0x11, 0x1b, 0x06, 0xac, 0x5a, 0xb1, 0xe4, 0x34,
    0xbe, 0x25, 0x3e, 0x9a, 0x50, 0xa6, 0x4f, 0x6f, 0xc9, 0x69, 0x5e, 0xb8,
    0x18, 0x35, 0x8c, 0xfe, 0xda, 0x01, 0xd4, 0xc6, 0x22, 0x6b, 0x50, 0x5a,
    0x4c, 0x6c, 0x67, 0xd0, 0x95, 0xe9, 0x9c, 0x6d, 0x12, 0xb8, 0x30, 0x73,
    0xf2, 0x46, 0x22, 0x9a, 0xa7, 0xd1, 0x4e, 0xb2, 0x30, 0xed, 0x9b, 0xbc,
    0x02, 0x6b, 0xa0, 0xa1, 0xe4, 0x91, 0x24, 0x62, 0xed, 0xaf, 0xad, 0xc4,
    0x11, 0x7b, 0xcc, 0xec, 0xf9, 0x35, 0x08, 0x56, 0x94, 0x54, 0x50, 0x21,
    0x53, 0x6d, 0xcc, 0x02, 0x45, 0x07, 0x4d, 0xd9, 0x20, 0xfd, 0x91, 0x9e,
    0xff, 0xa3, 0x94, 0xb5, 0x3b, 0x5e, 0xea, 0x48, 0x55, 0xc3, 0x2d, 0x6c,
    0x43, 0x75, 0x05, 0x0d, 0x40, 0x2c, 0x02, 0xef, 0xbf, 0xdd, 0x25, 0xd3,
    0xdd, 0xa0, 0x30, 0x15, 0xa7, 0x30, 0x9a, 0xc7, 0x38, 0xc3, 0x39, 0x45,
    0xfd, 0x21, 0x69, 0x06, 0x8c, 0x7f, 0xf3, 0xd3, 0x28, 0xc5, 0xe9, 0x31,
    0x4e, 0xc1, 0xe1, 0x0f, 0x15, 0x17, 0x0b, 0xef, 0xc7, 0xa6, 0x01, 0xb5,
    0x77, 0x39, 0x0f, 0x48, 0x4a, 0x0f, 0x6e, 0x73, 0x06, 0x21, 0x60, 0xb8,
    0xcd, 0x64, 0x97, 0x32, 0x74, 0x1b, 0xd2, 0xa3, 0x08, 0xed, 0xfd, 0x19,
    0xcb, 0x98, 0xf5, 0x90, 0xc9, 0x2e, 0x9c, 0x0a, 0xad, 0x4e, 0x81, 0x7f,
    0x22, 0x68, 0xc5, 0xc6, 0x5c, 0xf5, 0x8e, 0xb8, 0x4d, 0x1b, 0x0b, 0x92,
    0x76, 0x1f, 0x8e, 0xe4, 0xc8, 0xc2, 0x22, 0x18, 0x99, 0x4a, 0x55, 0x70,
    0xa8, 0x67, 0xa0, 0xe0, 0xae, 0xba, 0xbe, 0x4e, 0x3d, 0x4f, 0x52, 0x29,
    0xe0, 0xaa, 0xa0, 0xed, 0x5e, 0xdd, 0xd8, 0xa5, 0x31, 0xb1, 0x00, 0x6b,
    0xe3, 0x3b, 0x8b, 0xfd, 0xde, 0xc5, 0x5d, 0x31, 0x89, 0x1e, 0x19, 0xa7,
    0xdc, 0x16, 0x85, 0xa8, 0x3d, 0x94, 0x54, 0x49, 0x63, 0xc6, 0xf1, 0xbd,
    0x25, 0x08, 0x29, 0x73, 0x61, 0x60, 0x1e, 0xa4, 0x3a, 0xbd, 0xf4, 0xb4,
    0x0b, 0x58, 0x06, 0x53, 0x46, 0x6d, 0xdd, 0xce, 0xb1, 0xe4, 0x00, 0x58,
    0x61, 0x91, 0x40, 0xaf, 0xdb, 0x0b, 0x65, 0x1d, 0xcd, 0x0c, 0xa6, 0x5d,
    0x12, 0x4e, 0xa6, 0x44, 0xe3, 0x1a, 0xb9, 0x11, 0x34, 0x74, 0xae, 0xca,
    0x26, 0xe1, 0xb0, 0x0c, 0xe0, 0x02, 0x32, 0xcd, 0x86, 0xd7, 0x66, 0x6b,
    0xb0, 0xc7, 0xe4, 0x6c, 0x63, 0xd5, 0x17, 0x2e, 0xa2, 0x47, 0x2b, 0x03,
    0x20, 0x39, 0x8f, 0xf5, 0xda, 0xbf, 0xf8, 0x86, 0x81, 0xb2, 0xe1, 0x97,
    0x0f, 0xfe, 0x5a, 0x55, 0x9d, 0x4c, 0xf4, 0x0d, 0x86, 0xf9, 0x06, 0xc6,
    0xfe, 0xe4, 0x3f, 0x26, 0xc4, 0xd4, 0xeb, 0x13, 0xb6, 0xaf, 0x9f, 0xa7,
    0xfc, 0x92, 0xb3, 0x40, 0x5d, 0xdc, 0x56, 0x5a, 0xd6, 0xfa, 0x56, 0x5b,
    0xf5, 0x32, 0x2d, 0x1f, 0x36, 0x1e, 0x51, 0xbb, 0x41, 0x3e, 0xd4, 0xaa,
    0x18, 0x3a, 0x54, 0x38, 0x74, 0x29, 0x6e, 0x9c, 0xff, 0xec, 0xca, 0x03,
    0x36, 0xed, 0x63, 0x17, 0xbc, 0x15, 0x34, 0xd3, 0x67, 0x0c, 0xf3, 0x4a,
    0x09, 0x0b, 0x5d, 0x6e, 0xf2, 0xc0, 0x1e, 0xa9, 0x7a, 0x5e, 0x0a, 0x98,
    0x46, 0x3e, 0xc5, 0x97, 0x62, 0x0e, 0x25, 0x51, 0x9d, 0x69, 0xd7, 0x39,
    0x2a, 0xb5, 0x81, 0x1c, 0x87, 0xe8, 0xc0, 0xde, 0xce, 0xd8, 0x00, 0x37,
    0xd9, 0xf6, 0x9b, 0x1a, 0x6a, 0xb5, 0xfe, 0x38, 0xd8, 0x12, 0x88, 0x75,
    0xc8, 0x22, 0xc9, 0x5d, 0x20, 0x43, 0x60, 0xc7, 0x44, 0xa8, 0x2a, 0xb7,
    0xb6, 0x64, 0xfc, 0xee, 0x35, 0x6f, 0xb5, 0x05, 0x54, 0x3a, 0x79, 0xbe,
    0x10, 0x53, 0xbf, 0xbe, 0xf1, 0x77, 0xf0, 0xb0, 0x4b, 0x46, 0x0e, 0x2e,
    0x09, 0xd1, 0xcb, 0x1f, 0x36, 0xb7, 0xfa, 0x64, 0x4d, 0x3c, 0x53, 0x0a,
    0x5d, 0xd4, 0xd9, 0xb4, 0x5a, 0x94, 0x42, 0xac, 0x28, 0x32, 0xc5, 0x8b,
    0x3b, 0x4a, 0xfb, 0xd5, 0xfd, 0x88, 0xc8, 0xa2, 0x7f, 0x15, 0xa7, 0xe0,
    0x1d, 0x9c, 0xed, 0x43, 0x68, 0x45, 0xfe, 0xb7, 0x19, 0xbf, 0x69, 0xd5,
    0xa5, 0xfd, 0x5e, 0xf1, 0xdf, 0xf8, 0x38, 0xe3, 0x4b, 0x7a, 0xff, 0x1f,
    0xe9, 0x24, 0x13, 0x3e, 0x41, 0xdf, 0x51, 0x2b, 0x52, 0xa8, 0x24, 0x2a,
    0xfe, 0x2b, 0xd2, 0x67, 0xd0, 0xa2, 0xae, 0x0d, 0x1f, 0x8d, 0x33, 0xe9,
    0x3a, 0x40, 0xa4, 0x59, 0xbc, 0x66, 0xdf, 0xb9, 0x20, 0xf2, 0x53, 0x65,
    0x9a, 0x34, 0xdd, 0x05, 0xf1, 0x39, 0xc4, 0x81, 0xa9, 0x2b, 0x3d, 0xdb,
    0xd3, 0x68, 0xd9, 0x57, 0x19, 0x0b, 0x41, 0xf2, 0x72, 0x74, 0xb0, 0x96,
    0x23, 0xc4, 0xa7, 0x12, 0x6b, 0xcc, 0xa0, 0x09, 0x6e, 0x03, 0x07, 0x72,
    0x4f, 0x35, 0x01, 0x7d, 0x2f, 0xad, 0x00, 0x6e, 0x30, 0xd2, 0x59, 0xfd,
    0x96, 0x3e, 0x22, 0xb7, 0x31, 0xf7, 0x18, 0xd0, 0x12, 0x26, 0x20, 0x71,
    0x91, 0xa3, 0x0d, 0xb7, 0x0c, 0x5b, 0x39, 0xd2, 0xa5, 0xad, 0xd8, 0xcd,
    0xae, 0xa9, 0x81, 0x72, 0x75, 0xa4, 0x20, 0x96, 0x51, 0xfd, 0x93, 0xd0,
    0xcb, 0xdf, 0x4e, 0xef, 0x18, 0x6e, 0xde, 0x19, 0xc8, 0x63, 0xc2, 0x11,
    0x07, 0xdb, 0x0c, 0xbd, 0x79, 0xf7, 0x51, 0xf5, 0xad, 0xa9, 0x46, 0xe4,
    0x3d, 0x5b, 0xdb, 0x09, 0x46, 0xd4, 0xe6, 0xd4, 0x36, 0xf0, 0x5d, 0xac,
    0x3a, 0x3e, 0x57, 0xac, 0xf6, 0x65, 0xcd, 0x1a, 0x69, 0xb3, 0x0b, 0xc5,
    0xfd, 0x27, 0xfd, 0x1c, 0xf2, 0x5d, 0x3e, 0xfa, 0xc5, 0x4c, 0x6d, 0x02,
    0x19, 0xdf, 0x82, 0xd6, 0xde, 0x26, 0xba, 0xeb, 0xea, 0xa0, 0x56, 0x1d,
    0x9e, 0x55, 0x1a, 0x51, 0xe7, 0x4b, 0x9c, 0xa1, 0x81, 0xc5, 0xc7, 0x8b,
    0x3f, 0x8a, 0x2c, 0x09, 0x90, 0xa1, 0x04, 0x02, 0x00, 0x9a, 0x41, 0x3e,
    0x27, 0xf7, 0x6e, 0x96, 0xae, 0x01, 0x74, 0xee, 0xc2, 0x5c, 0xbb, 0x8e,
    0x6d, 0xd7, 0x31, 0x36, 0xa5, 0x62, 0xd1, 0xb9, 0x12, 0xcd, 0xc4, 0x41,
    0x55, 0x5d, 0xf8, 0xb2, 0xf1, 0xe8, 0xdb, 0x70, 0xcb, 0x9e, 0x51, 0x57,
    0x62, 0x4e, 0x4c, 0x01, 0x2a, 0x3a, 0x41, 0x4d, 0x6b, 0x4b, 0xf6, 0x12,
    0xf3, 0xd7, 0x75, 0xf4, 0xcb, 0x2a, 0x1b, 0x1c, 0x17, 0xb4, 0xce, 0x6e,
    0x18, 0x09, 0x1a, 0xea, 0x35, 0xa0, 0x39, 0x9e, 0x26, 0x16, 0x08, 0xe5,
    0x91, 0x9b, 0xa4, 0x07, 0x62, 0x42, 0xde, 0x9b, 0xb5, 0xb7, 0x23, 0x97,
    0x1a, 0xa8, 0x29, 0xf4, 0x68, 0xca, 0xba, 0x0a, 0x2d, 0xc4, 0x22, 0x5a,
    0xb6, 0xdc, 0x50, 0x8e, 0x08, 0x2e, 0x43, 0x5d, 0xf0, 0xce, 0x17, 0xe7,
    0xc9, 0x2d, 0x2f, 0x3d, 0x21, 0xe3, 0xca, 0x1c, 0x5d, 0xd3, 0x29, 0xd4,
    0x8a, 0xfe, 0x38, 0xf9, 0x10, 0xca, 0x1f, 0x01, 0x37, 0xb6, 0x6d, 0x23,
    0xbe, 0xef, 0xe4, 0xb5, 0xe8, 0x16, 0x52, 0x5e, 0x57, 0xf7, 0xb3, 0xb7,
    0x2f, 0x91, 0x09, 0x66, 0xf5, 0x6e, 0xb2, 0x3b, 0x4f, 0x24, 0x96, 0xbf,
    0x7b, 0x63, 0x23, 0xa7, 0xc4, 0x6b, 0xae, 0x6b, 0x3c, 0x50, 0x08, 0x8c,
    0xb3, 0xab, 0xa9, 0xce, 0x66, 0x01, 0xe2, 0xc9, 0x4f, 0xbc, 0xeb, 0xd6,
    0x3d, 0x6c, 0xdd, 0xaf, 0x73, 0xab, 0xba, 0x3c, 0xd2, 0x82, 0xa6, 0xaf,
    0x32, 0x8e, 0xf6, 0x60, 0x3b, 0xef, 0x26, 0x45, 0x9a, 0x9a, 0xaa, 0xbb,
    0x29, 0xb2, 0x74, 0xc2, 0x8d, 0x58, 0x93, 0xb5, 0x04, 0xaf, 0x6c, 0x22,
    0x9f, 0xe8, 0x49, 0xb8, 0xda, 0x5d, 0x4d, 0x4e, 0x8a, 0x8d, 0xda, 0x2f,
    0xbd, 0xcc, 0xa9, 0x6b, 0xa4, 0xec, 0x5b, 0xe1, 0x1b, 0x1a, 0x7f, 0x9e,
    0xbc, 0x63, 0x14, 0x20, 0x73, 0x0f, 0x3a, 0xbd, 0xe0, 0x84, 0xca, 0xef,
    0x47, 0xc9, 0x26, 0xef, 0x44, 0x51, 0x2d, 0x02, 0x68, 0x4b, 0xab, 0xb9,
    0x04, 0xcd, 0x94, 0x65, 0xca, 0xc5, 0x02, 0xac, 0xe2, 0x64, 0xce, 0xaa,
    0x6f, 0xec, 0x48, 0x28, 0xb8, 0xa3, 0x26, 0xa5, 0x6f, 0xde, 0xc9, 0x46,
    0x72, 0xc4, 0xc4, 0xd2, 0xc3, 0x7d, 0xfa, 0xef, 0xe6, 0xb5, 0x44, 0x7b,
    0x67, 0x31, 0x7a, 0xec, 0xae, 0x30, 0x59, 0xba, 0xf9, 0x43, 0x06, 0x64,
    0x86, 0x73, 0xad, 0x06, 0xde, 0x77, 0xd1, 0xc3, 0x0c, 0x03, 0x89, 0xa1,
    0xae, 0xe2, 0x34, 0x72, 0x8e, 0x6a, 0x1e, 0x30, 0xad, 0x20, 0xf2, 0x86,
    0x8a, 0x05, 0x23, 0x46, 0x28, 0xaa, 0xda, 0xb5, 0xb3, 0x69, 0x4f, 0x46,
    0xc7, 0xa9, 0xd6, 0x66, 0x0b, 0x9e, 0x9d, 0x88, 0x10, 0x5f, 0xa8, 0xe9,
    0x70, 0x81, 0xb0, 0xbd, 0xd5, 0x13, 0xf9, 0xef, 0x2d, 0xaa, 0x00, 0x47,
    0xda, 0xf1, 0x53, 0xe4, 0xc2, 0xc8, 0x12, 0xea, 0x78, 0x09, 0xca, 0x77,
    0x28, 0x24, 0xe3, 0x8e, 0xbd, 0x7e, 0x3b, 0xf3, 0x4e, 0x50, 0x3f, 0x48,
    0x9f, 0x34, 0x7d, 0x22, 0x9a, 0xff, 0xc1, 0x0a, 0x6f, 0x0c, 0x89, 0x0c,
    0xd6, 0xb6, 0xab, 0xae, 0x8a, 0x9b, 0xb4, 0x58, 0x9c, 0x2a, 0xa8, 0xab,
    0x08, 0xa5, 0x5e, 0x44, 0x4c, 0xc2, 0x9b, 0xed, 0xf3, 0xc7, 0xf4, 0xa4,
    0x07, 0x99, 0xa9, 0x19, 0x27, 0xed, 0x2e, 0xce, 0x1e, 0xe8, 0x5f, 0x70,
    0x6a, 0xfb, 0x20, 0x1c, 0x47, 0x06, 0x03, 0x45, 0xe4, 0xf1, 0x09, 0x2e,
    0xbe, 0x43, 0x13, 0xce, 0xde, 0xea, 0xf7, 0x34, 0x07, 0x49, 0x99, 0x38,
    0x29, 0xe3, 0xe5, 0x46, 0x7a, 0x39, 0x64, 0x35, 0xb8, 0xc3, 0xc9, 0x52,
    0xf5, 0x6c, 0x76, 0xad, 0xce, 0x23, 0x68, 0x64, 0x55, 0x53, 0xeb, 0x08,
    0x06, 0xee, 0xaf, 0xc6, 0xce, 0x89, 0x4f, 0xd1, 0xe2, 0x00, 0xda, 0x43,
    0x2b, 0xd2, 0x73, 0xe6, 0x50, 0x3b, 0x5b, 0xc6, 0xa8, 0x0b, 0x6c, 0x7a,
    0x69, 0x49, 0x5e, 0x94, 0x6c, 0x7f, 0x91, 0xf4, 0xb8, 0xbd, 0x29, 0xaa,
    0xf0, 0xfa, 0xf9, 0x24, 0x85, 0xb2, 0xd8, 0xf9, 0x64, 0x92, 0x2b, 0xc7,
    0x32, 0xed, 0x93, 0x51, 0x53, 0xa6, 0x31, 0x5d, 0xa5, 0xb8, 0x48, 0xf0,
    0xf6, 0xaf, 0xc3, 0xc2, 0x59, 0x56, 0x45, 0x1b, 0x81, 0x77, 0xc9, 0x1a,
    0x79, 0x0b, 0x98, 0x59, 0x6b, 0x19, 0x1b, 0x57, 0x14, 0x97, 0x4b, 0x18,
    0x95, 0x74, 0x5f, 0x6d, 0x6a, 0x5c, 0x4f, 0x5a, 0xab, 0xbe, 0x15, 0x60,
    0xdc, 0xb4, 0x6d, 0xbd, 0x96, 0x55, 0xc5, 0x65, 0xfd, 0xc0, 0xcb, 0x84,
    0x21, 0x6c, 0xd8, 0x8e, 0x74, 0xb1, 0xe8, 0x9a, 0x53, 0x62, 0x64, 0x37,
    0x0b, 0xec, 0x02, 0x21, 0x8a, 0xc8, 0x8d, 0xf2, 0x14, 0x02, 0x2f, 0x94,
    0x53, 0x2b, 0x7b, 0x93, 0xfe, 0x9e, 0x2c, 0xff, 0xa8, 0xdc, 0x66, 0x95,
    0x56, 0x3b, 0x76, 0x0d, 0x67, 0x46, 0x93, 0xd6, 0xbe, 0x2d, 0x56, 0x6d,
    0xfe, 0x61, 0xb7, 0xa4, 0x96, 0xb6, 0x70, 0x56, 0x73, 0x9a, 0x5a, 0x48,
    0x44, 0xd4, 0x92, 0xe1, 0xaf, 0x29, 0x3e, 0xc4, 0xd9, 0xcd, 0xb1, 0x0d,
    0x6e, 0xce, 0xc2, 0x04, 0xce, 0x51, 0xc3, 0xd4, 0x94, 0x4b, 0x5a, 0x26,
    0x8e, 0x16, 0xcd, 0xbe, 0x7c, 0x1c, 0x10, 0x01, 0xc1, 0x59, 0xb5, 0x22,
    0xe3, 0xbb, 0x5c, 0x42, 0x23, 0xa6, 0x22, 0x8c, 0x1d, 0x4b, 0xb3, 0xf3,
    0x3b, 0x21, 0x91, 0x07, 0xb9, 0xd1, 0x2b, 0x19, 0x5f, 0x3a, 0x2f, 0x9f,
    0x18, 0x48, 0x60, 0x00, 0x2c, 0x0b, 0x1a, 0x3e, 0x25, 0xee, 0xf1, 0x46,
    0xa4, 0x42, 0xb3, 0x9d, 0x1b, 0xdf, 0x51, 0x27, 0xc1, 0xd0, 0xf9, 0xd5,
    0x1c, 0x34, 0x58, 0xe7, 0x43, 0x5a, 0x44, 0xaa, 0x36, 0x79, 0xda, 0xc4,
    0x10, 0xac, 0x08, 0x12, 0xc6, 0x98, 0x38, 0x85, 0xb2, 0x6d, 0x70, 0x4a,
    0x7f, 0x5d, 0x16, 0x55, 0xd0, 0xc4, 0x28, 0xb5, 0x84, 0x9c, 0xfe, 0x51,
    0x6d, 0xd4, 0x8e, 0x2d, 0xb9, 0xbf, 0x88, 0xf9, 0x0a, 0x02, 0xc0, 0xe3,
    0x08, 0xd1, 0xea, 0x8a, 0x2e, 0x77, 0x03, 0xca, 0xa7, 0x45, 0xe2, 0x09,
    0x1c, 0x9e, 0x5b, 0x48, 0x2f, 0xb8, 0x8b, 0xd4, 0x04, 0xfd, 0x91, 0x28,
    0xca, 0xab, 0xc3, 0xc4, 0xa0, 0x65, 0xeb, 0x55, 0x28, 0x76, 0xc4, 0xed,
    0x53, 0x3f, 0x67, 0x46, 0xbc, 0xa4, 0x77, 0xdf, 0xb2, 0x3f, 0x11, 0xf1,
    0xef, 0x56, 0x46, 0xbd, 0x9a, 0xa2, 0xdd, 0x04, 0x17, 0xe8, 0x17, 0x06,
    0xa4, 0x22, 0x2c, 0xd3, 0xc7, 0xb0, 0x30, 0x1f, 0xfe, 0x21, 0xa4, 0x12,
    0x05, 0xc7, 0x96, 0x43, 0x25, 0x62, 0x18, 0x8a, 0x9f, 0x35, 0xd0, 0xf9,
    0x11, 0x52, 0x35, 0xc2, 0x34, 0x0b, 0x9d, 0xc5, 0x11, 0xc3, 0x0c, 0x8f,
    0x6f, 0xbc, 0x51, 0x71, 0x22, 0xe9, 0x57, 0x43, 0x97, 0x6c, 0x0d, 0x81,
    0xe4, 0x53, 0x3e, 0x10, 0xcd, 0x1d, 0xff, 0xa4, 0x28, 0xbf, 0xaa, 0xf3,
    0x57, 0xa8, 0xb6, 0x3f, 0x94, 0x07, 0xe4, 0x6b, 0x9e, 0xd0, 0x93, 0x95,
    0x09, 0x83, 0xee, 0xb8, 0x14, 0x09, 0xc5, 0x2e, 0x0a, 0x2b, 0x0e, 0x3e,
    0xa9, 0xf5, 0xac, 0xce, 0x50, 0xb8, 0x1a, 0xb6, 0x94, 0xff, 0x74, 0x1a,
    0xae, 0xee, 0x79, 0x04, 0xb6, 0x29, 0xe1, 0xdf, 0x62, 0x5d, 0xfc, 0x4e,
    0x9e, 0x71, 0x16, 0xd7, 0x71, 0x7d, 0x52, 0xb9, 0xbf, 0xd6, 0x13, 0xea,
    0xda, 0x20, 0x04, 0xb2, 0x2d, 0xf9, 0x3e, 0x68, 0x55, 0xdd, 0xb1, 0xab,
    0x0a, 0xf5, 0x6a, 0xcf, 0x32, 0x45, 0x7c, 0x0c, 0xae, 0xf6, 0xff, 0xff,
    0x04, 0x00, 0x00, 0x00, 0x80, 0x00, 0x00, 0x00, 0x54, 0x04, 0x00, 0x00,
    0xdb, 0xf7, 0xff, 0xff, 0xd6, 0x04, 0x00, 0x00, 0x5d, 0xf9, 0xff, 0xff,
    0xe5, 0xfd, 0xff, 0xff, 0x92, 0x04, 0x00, 0x00, 0x14, 0xf9, 0xff, 0xff,
    0xfa, 0x0c, 0x00, 0x00, 0x04, 0x00, 0x00, 0x00, 0xc2, 0x05, 0x00, 0x00,
    0xb6, 0xf6, 0xff, 0xff, 0x32, 0x02, 0x00, 0x00, 0xe7, 0x01, 0x00, 0x00,
    0x2e, 0xfb, 0xff, 0xff, 0xb6, 0xf2, 0xff, 0xff, 0xa4, 0xf1, 0xff, 0xff,
    0x9a, 0x02, 0x00, 0x00, 0x06, 0x05, 0x00, 0x00, 0xcb, 0xfb, 0xff, 0xff,
    0xe0, 0xf0, 0xff, 0xff, 0x08, 0xf5, 0xff, 0xff, 0xcd, 0x08, 0x00, 0x00,
    0x44, 0x0c, 0x00, 0x00, 0x9f, 0xf3, 0xff, 0xff, 0x03, 0x12, 0x00, 0x00,
    0x4d, 0xf5, 0xff, 0xff, 0xaf, 0xf5, 0xff, 0xff, 0x4f, 0xf6, 0xff, 0xff,
    0x30, 0x0a, 0x00, 0x00, 0xe4, 0xf4, 0xff, 0xff, 0x4f, 0x10, 0x00, 0x00,
    0x45, 0xf0, 0xff, 0xff, 0x3a, 0xf7, 0xff, 0xff, 0x04, 0x00, 0x00, 0x00,
    0x20, 0x00, 0x00, 0x00, 0x70, 0x70, 0x74, 0x76, 0x7e, 0x7e, 0x78, 0x75,
    0x79, 0x71, 0x76, 0x6f, 0x6c, 0x7b, 0x7a, 0x77, 0x72, 0x79, 0x7a, 0x74,
    0x75, 0x7f, 0x7a, 0x74, 0x7a, 0x6d, 0x79, 0x7d, 0x74, 0x75, 0x7f, 0x7b,
    0x66, 0xf7, 0xff, 0xff, 0x04, 0x00, 0x00, 0x00, 0x20, 0x00, 0x00, 0x00,
    0xb9, 0xce, 0xe6, 0x06, 0x62, 0x42, 0xf9, 0x06, 0xfa, 0xca, 0x1b, 0xa2,
    0x80, 0x48, 0x4d, 0x15, 0xde, 0x2c, 0x26, 0xfd, 0x09, 0x49, 0x24, 0xf9,
    0x3a, 0xb6, 0x2c, 0x58, 0xee, 0xed, 0x58, 0x34, 0x92, 0xf7, 0xff, 0xff,
    0x04, 0x00, 0x00, 0x00, 0x00, 0x04, 0x00, 0x00, 0x61, 0x5b, 0x84, 0x1e,
    0x3d, 0x0e, 0x7e, 0x03, 0xa5, 0xfb, 0xea, 0xfd, 0xdc, 0x8c, 0xde, 0x49,
    0xa0, 0x7f, 0x56, 0x57, 0x3f, 0x2f, 0xe0, 0x0d, 0x88, 0xdc, 0xf5, 0xc0,
    0x1e, 0x04, 0xd1, 0x24, 0x15, 0x81, 0x86, 0xf7, 0x38, 0xdf, 0x2e, 0x57,
    0x0e, 0x0d, 0x92, 0xf0, 0x41, 0x73, 0x60, 0x6f, 0xd6, 0xf0, 0x5c, 0x6d,
    0x56, 0x2d, 0x12, 0x28, 0xa0, 0xe3, 0x3f, 0x84, 0x2d, 0xe1, 0xa9, 0x66,
    0x3c, 0x49, 0x3f, 0xbe, 0x21, 0x29, 0x76, 0xb1, 0xb1, 0x81, 0x04, 0xd8,
    0xbc, 0xe3, 0xdc, 0xa2, 0xdb, 0x01, 0xfe, 0xc6, 0x06, 0x64, 0x39, 0xa5,
    0x36, 0x65, 0xe5, 0x4f, 0xe7, 0x90, 0x37, 0xcc, 0xbe, 0xf4, 0x9d, 0x7b,
    0xa7, 0xc0, 0xba, 0x7e, 0x81, 0x06, 0xb9, 0x99, 0xb1, 0x90, 0x41, 0xbf,
    0xa2, 0xca, 0xa5, 0x44, 0x88, 0x66, 0x10, 0xb6, 0xe4, 0xe3, 0x76, 0x84,
    0xe2, 0x21, 0xea, 0xcf, 0xac, 0x4c, 0xe9, 0xe6, 0xad, 0x60, 0x7f, 0xf4,
    0x0d, 0x04, 0xb5, 0x4c, 0x54, 0xea, 0x4f, 0xe7, 0x25, 0x52, 0x13, 0xee,
    0x16, 0xd1, 0x24, 0x29, 0x94, 0xb9, 0x8a, 0xaa, 0x01, 0xdb, 0x64, 0xc4,
    0xfc, 0xb0, 0x40, 0xdd, 0xde, 0x52, 0x55, 0x53, 0x4f, 0xd1, 0xc7, 0x14,
    0xf5, 0x40, 0x33, 0xe1, 0x9f, 0x0d, 0x1d, 0x90, 0xb3, 0x26, 0xfb, 0x97,
    0x7f, 0xa7, 0xbb, 0x83, 0xc8, 0x74, 0x9e, 0x78, 0xb8, 0x2d, 0x9d, 0x81,
    0x1d, 0x05, 0x0b, 0x36, 0xa7, 0x03, 0xc4, 0xba, 0xad, 0x36, 0x74, 0x9c,
    0xae, 0xcd, 0x97, 0xc5, 0x00, 0x1d, 0xd6, 0xcc, 0x39, 0xb7, 0xe4, 0x0f,
    0xee, 0xdb, 0x5c, 0x8f, 0x18, 0xdc, 0x71, 0x7d, 0x49, 0x03, 0xc9, 0xd5,
    0x05, 0xe5, 0xb5, 0x29, 0xb3, 0x34, 0x87, 0x26, 0x72, 0x6a, 0x8b, 0x7f,
    0x39, 0xca, 0xfd, 0x26, 0x3b, 0xe7, 0x8d, 0x16, 0xe5, 0xd1, 0xf5, 0x36,
    0x76, 0x73, 0xff, 0x68, 0x49, 0x4a, 0x65, 0xf5, 0x8a, 0x75, 0xf3, 0x28,
    0x13, 0xb5, 0x6b, 0x20, 0xef, 0xea, 0x7a, 0x17, 0x31, 0x87, 0x82, 0xd2,
    0x88, 0x25, 0x2a, 0x4c, 0x8b, 0x42, 0xa7, 0x81, 0xd6, 0xdc, 0x27, 0x56,
    0x07, 0xf0, 0x77, 0x30, 0xe9, 0xf3, 0xdc, 0xdb, 0xdb, 0xaf, 0x2b, 0x69,
    0xf5, 0xd9, 0x9e, 0x7f, 0x3e, 0xd9, 0xcf, 0x45, 0x13, 0x39, 0xcd, 0x73,
    0xda, 0x63, 0xd0, 0x19, 0x2c, 0x00, 0x0e, 0x1e, 0x7f, 0x53, 0xa6, 0x0a,
    0x39, 0x69, 0x0d, 0xa2, 0x9d, 0x32, 0x55, 0xd1, 0xfd, 0xfe, 0x4c, 0xdc,
    0xda, 0x1b, 0xa0, 0xbe, 0x6d, 0x7e, 0x8f, 0xa1, 0x29, 0x8b, 0x0e, 0x55,
    0x98, 0xf8, 0xc6, 0x7b, 0x65, 0xc2, 0xc0, 0x26, 0xe5, 0xb3, 0xce, 0x5d,
    0x81, 0x0e, 0x26, 0xee, 0x39, 0xc9, 0xb8, 0x0a, 0x36, 0xcc, 0xa4, 0xd6,
    0x7c, 0x4f, 0x20, 0xb8, 0x28, 0xec, 0xad, 0x96, 0xc4, 0xe2, 0x73, 0x9e,
    0x82, 0x9a, 0xa9, 0x2a, 0x39, 0x6d, 0xfc, 0x34, 0x89, 0x65, 0x0d, 0x65,
    0x65, 0x49, 0x41, 0x85, 0x00, 0xed, 0xa1, 0x4f, 0xc3, 0x58, 0x97, 0x39,
    0xde, 0xdb, 0x27, 0x81, 0xe8, 0xfa, 0x58, 0xf6, 0x06, 0x2f, 0x1c, 0xea,
    0xaf, 0xa2, 0x82, 0xed, 0x5b, 0x32, 0x0d, 0x97, 0xa0, 0x5c, 0x06, 0x50,
    0xb3, 0x94, 0xe0, 0xee, 0x02, 0xc9, 0x7f, 0x02, 0x96, 0x03, 0x1b, 0xb9,
    0xd6, 0x41, 0xc9, 0xf4, 0x64, 0x14, 0x7f, 0xea, 0x25, 0x8a, 0x34, 0x65,
    0xfe, 0x26, 0x10, 0x54, 0xf5, 0x1b, 0x5a, 0x68, 0x5c, 0xe5, 0xc0, 0x1e,
    0xfe, 0x77, 0xf2, 0xce, 0x5b, 0x0a, 0x97, 0xfc, 0x7b, 0xe2, 0x49, 0x2a,
    0x05, 0x55, 0x46, 0xdd, 0x0b, 0x34, 0xb9, 0xa0, 0x51, 0x87, 0xe6, 0x3c,
    0xd9, 0xe8, 0xf2, 0x6e, 0xdb, 0x70, 0xca, 0x13, 0xcf, 0x62, 0x1c, 0x33,
    0x75, 0x09, 0x37, 0x7f, 0xf9, 0x6b, 0xc5, 0x1e, 0x7f, 0xc9, 0x2b, 0x83,
    0xe2, 0xc2, 0x4c, 0x2b, 0xec, 0x73, 0xec, 0x58, 0x70, 0x9b, 0xfa, 0x45,
    0x1e, 0x89, 0xe1, 0xe4, 0xdd, 0xc2, 0x92, 0xb3, 0x84, 0xe1, 0xe3, 0x5c,
    0x1e, 0x61, 0x38, 0x9a, 0xad, 0x03, 0x8d, 0xf0, 0xa5, 0x5c, 0xce, 0xad,
    0xbb, 0x3e, 0x4c, 0xc0, 0x16, 0x9d, 0xd1, 0x95, 0x45, 0x81, 0x5e, 0x11,
    0x90, 0x39, 0x25, 0x6f, 0xbd, 0x5a, 0xc6, 0x12, 0x32, 0xac, 0x3c, 0x74,
    0x40, 0xd7, 0x0d, 0xdc, 0x55, 0x12, 0x90, 0x11, 0xd4, 0xe4, 0x06, 0xe9,
    0xbf, 0x1a, 0xcb, 0xd0, 0x3a, 0xa7, 0xcd, 0xf7, 0x36, 0x4d, 0x78, 0x81,
    0xb3, 0x91, 0x40, 0x81, 0xd4, 0x3f, 0x9f, 0xce, 0x8a, 0x8b, 0x1f, 0x86,
    0xab, 0x89, 0x58, 0xd9, 0x39, 0xeb, 0x86, 0x9a, 0x65, 0x7f, 0x8a, 0x82,
    0xba, 0xa7, 0xc8, 0x6c, 0xb8, 0x28, 0xc2, 0x7e, 0xb4, 0x95, 0xf3, 0xa2,
    0x20, 0xa4, 0xd9, 0xed, 0x51, 0x63, 0xde, 0x3c, 0x48, 0x35, 0xa8, 0x65,
    0x50, 0x1a, 0x4c, 0x1c, 0xb3, 0xdb, 0x45, 0x50, 0x87, 0xcb, 0xdd, 0x10,
    0x9d, 0x2a, 0xa7, 0x4f, 0x45, 0x20, 0x2f, 0x81, 0xd6, 0x64, 0xe1, 0x7f,
    0x1d, 0x76, 0x21, 0xc7, 0x51, 0xe0, 0xc2, 0x33, 0x0a, 0x36, 0x17, 0xe8,
    0xab, 0x0a, 0xf5, 0x97, 0xf4, 0xd9, 0xe7, 0xb1, 0x5d, 0x4d, 0xdc, 0xe3,
    0x26, 0x2a, 0x2b, 0xc0, 0x2d, 0x7f, 0xbf, 0x1a, 0xa7, 0x09, 0xb7, 0x47,
    0xe1, 0x9d, 0x83, 0x3d, 0x1a, 0x65, 0x51, 0x6a, 0x49, 0xf6, 0x62, 0xff,
    0xff, 0x9e, 0x97, 0x2f, 0xaa, 0x72, 0x09, 0xa3, 0x2f, 0x2b, 0x9e, 0x49,
    0xf7, 0xee, 0x22, 0x14, 0x25, 0xac, 0x95, 0x81, 0xb2, 0x9f, 0xab, 0x47,
    0x8c, 0x7e, 0x88, 0x8b, 0x96, 0x83, 0xc6, 0x18, 0xa1, 0x46, 0xf1, 0xfd,
    0xd0, 0x59, 0xd5, 0xc3, 0x8d, 0xe0, 0xd5, 0x68, 0xd3, 0x5c, 0x0e, 0x6c,
    0xb0, 0x9d, 0x0d, 0xd6, 0xd1, 0x09, 0xd3, 0x43, 0x43, 0x5e, 0x6b, 0x0f,
    0x59, 0x1c, 0x60, 0x3a, 0x7c, 0x0e, 0x00, 0x69, 0x4b, 0x72, 0x2c, 0xbe,
    0x60, 0x57, 0x81, 0x22, 0x6d, 0x64, 0x28, 0xa1, 0x0e, 0xe7, 0xa0, 0xe9,
    0x7c, 0x34, 0xe3, 0x07, 0xcf, 0xd9, 0x21, 0x3d, 0x19, 0xca, 0x95, 0xc8,
    0xf3, 0x7f, 0x19, 0x8f, 0x5c, 0x79, 0x35, 0x89, 0x61, 0xf0, 0x8b, 0x53,
    0x7a, 0xba, 0x99, 0x22, 0xe7, 0x90, 0xb7, 0xc8, 0xe3, 0x2e, 0x77, 0xbb,
    0xa9, 0x49, 0x19, 0x0d, 0xa8, 0x02, 0x97, 0x65, 0xe4, 0x95, 0x7d, 0x5d,
    0x4f, 0xf2, 0xa7, 0x61, 0xca, 0x7f, 0xcc, 0xdd, 0xea, 0xe0, 0x40, 0x34,
    0xfa, 0x42, 0xc7, 0xb9, 0xcc, 0xb0, 0x29, 0x6f, 0x17, 0x53, 0x75, 0xf1,
    0x5d, 0x7f, 0x05, 0x62, 0x96, 0x83, 0xab, 0xfb, 0x8a, 0x1f, 0x6d, 0xa8,
    0xb4, 0x62, 0xe4, 0x7b, 0xce, 0x7f, 0x1f, 0xc0, 0x36, 0x0c, 0x2e, 0x46,
    0x20, 0x99, 0xd2, 0x2f, 0xd2, 0xdc, 0xdf, 0xe2, 0x0d, 0x4f, 0x7a, 0xa2,
    0xcf, 0x10, 0xf3, 0x43, 0x7c, 0x0e, 0xb1, 0x87, 0xbb, 0x93, 0x62, 0xd3,
    0x0e, 0xca, 0x10, 0x0a, 0x0b, 0x6e, 0xaf, 0xbd, 0xf0, 0x56, 0xc2, 0x9c,
    0xa9, 0xff, 0xb7, 0xc6, 0xe3, 0x58, 0xd7, 0x93, 0x4c, 0xf2, 0x1b, 0x6b,
    0x8b, 0x6d, 0x7f, 0xb9, 0x30, 0xb6, 0xeb, 0xf5, 0x81, 0x4e, 0xdf, 0x40,
    0xd3, 0x74, 0x66, 0x0e, 0x1b, 0xef, 0xb1, 0xce, 0xab, 0x07, 0xbe, 0xc9,
    0x19, 0x48, 0xfc, 0x56, 0x0d, 0x90, 0x0e, 0x2f, 0x24, 0xfb, 0x23, 0x58,
    0x8c, 0x60, 0x46, 0xd9, 0x03, 0x1e, 0xb7, 0x5c, 0xc3, 0x46, 0x5f, 0x4d,
    0x4b, 0x82, 0x7f, 0xf5, 0xb5, 0x20, 0x88, 0xec, 0x52, 0xdb, 0xc3, 0xeb,
    0x62, 0x3d, 0xc1, 0xd6, 0x1a, 0x00, 0x5d, 0x7f, 0x60, 0xc3, 0xb4, 0xba,
    0x9e, 0xfb, 0xff, 0xff, 0x04, 0x00, 0x00, 0x00, 0x80, 0x00, 0x00, 0x00,
    0x76, 0xfc, 0xff, 0xff, 0xbd, 0xf6, 0xff, 0xff, 0x9c, 0x01, 0x00, 0x00,
    0xd9, 0xff, 0xff, 0xff, 0x76, 0x03, 0x00, 0x00, 0x20, 0xfd, 0xff, 0xff,
    0xb6, 0xfd, 0xff, 0xff, 0x4c, 0xf9, 0xff, 0xff, 0x56, 0xf5, 0xff, 0xff,
    0xe9, 0xfd, 0xff, 0xff, 0xa3, 0x01, 0x00, 0x00, 0xca, 0x08, 0x00, 0x00,
    0xeb, 0xf6, 0xff, 0xff, 0x60, 0xfd, 0xff, 0xff, 0x2d, 0xf3, 0xff, 0xff,
    0xa6, 0xfe, 0xff, 0xff, 0x43, 0x02, 0x00, 0x00, 0x08, 0xf5, 0xff, 0xff,
    0x4d, 0xfb, 0xff, 0xff, 0x00, 0x00, 0x00, 0x00, 0x33, 0x02, 0x00, 0x00,
    0x02, 0x01, 0x00, 0x00, 0x3a, 0xfd, 0xff, 0xff, 0x37, 0xfd, 0xff, 0xff,
    0x47, 0xf4, 0xff, 0xff, 0x38, 0xfd, 0xff, 0xff, 0xdf, 0xfd, 0xff, 0xff,
    0xc1, 0xf6, 0xff, 0xff, 0x94, 0x06, 0x00, 0x00, 0x69, 0x07, 0x00, 0x00,
    0xb3, 0x03, 0x00, 0x00, 0xe3, 0xf5, 0xff, 0xff, 0x2a, 0xfc, 0xff, 0xff,
    0x04, 0x00, 0x00, 0x00, 0xa0, 0x02, 0x00, 0x00, 0x71, 0x7f, 0xf5, 0xf2,
    0x87, 0x9c, 0xa0, 0x1f, 0xc8, 0xa4, 0xfe, 0x12, 0x2c, 0xc0, 0x0b, 0x15,
    0xff, 0xce, 0xed, 0xd7, 0x93, 0x56, 0xa9, 0x0d, 0x7b, 0xa8, 0xe6, 0x3d,
    0xde, 0x18, 0xfd, 0xc3, 0xc9, 0xd0, 0x5c, 0x0c, 0x32, 0x37, 0x32, 0x3a,
    0xd0, 0x9b, 0xd4, 0xb3, 0xab, 0x24, 0x2d, 0x3f, 0x34, 0x5e, 0x22, 0xba,
    0x68, 0x30, 0x81, 0x1a, 0x37, 0x07, 0x1e, 0x4d, 0xd8, 0xe3, 0xe7, 0xdf,
    0x85, 0x88, 0x57, 0xff, 0xb4, 0xed, 0x7c, 0x02, 0x89, 0xdd, 0x47, 0x33,
    0x2d, 0x2d, 0xfe, 0x2a, 0x92, 0x53, 0x0e, 0xfa, 0x70, 0x45, 0xd6, 0x74,
    0x50, 0x32, 0xd4, 0xdb, 0x18, 0x07, 0x85, 0x81, 0x44, 0x18, 0xf2, 0xf5,
    0xd5, 0xb0, 0x87, 0xde, 0x17, 0x3b, 0xdd, 0x8f, 0xc1, 0xc0, 0x61, 0xd6,
    0x7a, 0x0e, 0xf4, 0x7f, 0x52, 0xe8, 0x26, 0x1c, 0x3c, 0xcd, 0x87, 0x7c,
    0x1d, 0xc2, 0x20, 0xd9, 0x0e, 0x16, 0x93, 0xff, 0xb5, 0x39, 0x94, 0x85,
    0xd6, 0x03, 0xa8, 0xe8, 0xa0, 0xdf, 0x7d, 0x6a, 0x04, 0xa6, 0x61, 0x40,
    0xa5, 0x7c, 0x81, 0xfa, 0xb4, 0x90, 0x12, 0x4e, 0xc3, 0xbe, 0x4c, 0xd8,
    0x87, 0x91, 0x22, 0xcc, 0xd0, 0x24, 0xf1, 0x1d, 0x69, 0x37, 0x58, 0x90,
    0x3a, 0xa6, 0x19, 0xd7, 0x02, 0x23, 0x7a, 0xc9, 0x0a, 0x8f, 0x96, 0xc8,
    0xe8, 0x83, 0x54, 0xf8, 0x34, 0x21, 0x7f, 0xa4, 0x4a, 0xf2, 0x28, 0xea,
    0xe8, 0x92, 0x7f, 0x04, 0x65, 0x32, 0x91, 0x9b, 0xe9, 0x4e, 0x35, 0xf7,
    0x65, 0xac, 0x31, 0x99, 0x92, 0x69, 0x17, 0xe0, 0xa1, 0x1e, 0xdf, 0x40,
    0x42, 0xdf, 0xc5, 0x4e, 0x6d, 0x86, 0xf6, 0x84, 0xd1, 0x2e, 0x85, 0x20,
    0x89, 0xf0, 0x81, 0x39, 0xfe, 0xa6, 0x32, 0xb6, 0x2b, 0x9e, 0xd3, 0xac,
    0x39, 0x29, 0x20, 0x72, 0x75, 0xee, 0x08, 0x59, 0xcb, 0x96, 0xa1, 0x1f,
    0xeb, 0x71, 0xac, 0x82, 0xd0, 0x25, 0x81, 0xbf, 0xc7, 0xd3, 0x6e, 0xae,
    0xf7, 0x1a, 0x53, 0x90, 0x8c, 0x53, 0x12, 0xc1, 0xee, 0xbb, 0x16, 0x20,
    0x57, 0x2f, 0x8d, 0x9a, 0xb7, 0xc6, 0x47, 0x5b, 0x5c, 0xd6, 0xf4, 0x4d,
    0x09, 0xb1, 0xed, 0x74, 0xb4, 0x93, 0x3f, 0x6a, 0xe1, 0x58, 0xa8, 0x44,
    0xf7, 0xa9, 0xce, 0xf2, 0x56, 0x07, 0xbd, 0x7a, 0x81, 0x53, 0xaa, 0xd5,
    0x8e, 0x9d, 0xdf, 0xd8, 0xe5, 0xb3, 0xfc, 0x48, 0x11, 0x60, 0xaa, 0x5b,
    0xcd, 0x7e, 0x20, 0x95, 0xad, 0x09, 0x86, 0xed, 0xb5, 0xb6, 0x46, 0x84,
    0x16, 0x91, 0x25, 0x1e, 0xa6, 0xc5, 0xbb, 0x95, 0xc4, 0x9a, 0x26, 0x7f,
    0xd1, 0x31, 0x16, 0x89, 0x4c, 0x81, 0xa8, 0xfe, 0xe1, 0xe8, 0x57, 0xf2,
    0xd1, 0x5e, 0xc7, 0xa2, 0x6d, 0x51, 0x4a, 0x85, 0xec, 0x52, 0xa1, 0x3a,
    0x14, 0xf5, 0xfd, 0x8a, 0x0e, 0xd9, 0x30, 0xd9, 0x5e, 0xfa, 0x32, 0x68,
    0x3b, 0x7f, 0x2f, 0xc5, 0x77, 0xcb, 0xfb, 0x5d, 0xe8, 0xff, 0xe4, 0xee,
    0x61, 0x4d, 0x14, 0x13, 0xe1, 0x4c, 0x8f, 0x82, 0xca, 0xaa, 0x83, 0xca,
    0x9a, 0x52, 0x46, 0xa4, 0x3e, 0xf3, 0x87, 0x98, 0x5a, 0x03, 0x9c, 0x42,
    0x34, 0xc9, 0xc1, 0xb5, 0x56, 0x8e, 0x81, 0xec, 0xb6, 0x78, 0xc0, 0x6e,
    0xd5, 0x33, 0x71, 0xb5, 0x3f, 0xc5, 0xd9, 0x0f, 0xff, 0xdf, 0x3a, 0x5a,
    0x74, 0xb1, 0x19, 0x2c, 0x52, 0xc3, 0x01, 0xa6, 0xe3, 0x27, 0x4f, 0xe7,
    0x01, 0x81, 0x72, 0xc8, 0x06, 0x7a, 0xbb, 0xbe, 0xcc, 0xfa, 0x1e, 0xda,
    0x36, 0xca, 0xae, 0x23, 0x63, 0xf5, 0xba, 0x69, 0x20, 0xc8, 0xb3, 0x3e,
    0xa1, 0xed, 0xa3, 0x0e, 0x5a, 0x58, 0x56, 0xff, 0x49, 0x81, 0x45, 0xc4,
    0xc8, 0xb8, 0x2c, 0x0f, 0x19, 0x85, 0xeb, 0x0d, 0x1d, 0x05, 0xbc, 0x42,
    0x8a, 0xdf, 0x3b, 0x72, 0xb0, 0xe3, 0x81, 0x87, 0x59, 0xd3, 0x1f, 0xb1,
    0xfe, 0x3d, 0x1a, 0xe7, 0x0d, 0x1a, 0xc1, 0x4a, 0x90, 0xb2, 0xcd, 0xa9,
    0x3b, 0xa0, 0x91, 0xac, 0x8b, 0x55, 0x36, 0xbf, 0xd1, 0x9a, 0x78, 0x0a,
    0x3d, 0xaa, 0x81, 0xad, 0xc9, 0x0e, 0x8c, 0x26, 0xa6, 0xae, 0x94, 0x64,
    0x30, 0x1b, 0x68, 0xff, 0x48, 0xc4, 0x07, 0xe9, 0xe4, 0x4f, 0x15, 0xf6,
    0x4b, 0xf4, 0xfd, 0xb2, 0x5c, 0x88, 0x03, 0xdd, 0xc2, 0x9d, 0x63, 0xe3,
    0x07, 0x9d, 0x69, 0x6c, 0x3e, 0x0f, 0x6b, 0xeb, 0x51, 0x81, 0x7d, 0xd4,
    0x10, 0x79, 0xe5, 0xf1, 0x0d, 0xd5, 0x22, 0xcd, 0x16, 0x1a, 0xcd, 0x51,
    0x07, 0x01, 0x92, 0x92, 0xf8, 0xf4, 0x05, 0xdf, 0x99, 0xb6, 0x03, 0x91,
    0xd5, 0xe5, 0x7d, 0xb3, 0xd6, 0x0c, 0xc4, 0xf8, 0x5f, 0xb3, 0xc4, 0x1d,
    0x7b, 0x02, 0x81, 0x75, 0x8c, 0xe2, 0x51, 0x18, 0x42, 0x5f, 0x66, 0x19,
    0x49, 0x84, 0x1a, 0x2f, 0xd9, 0xe9, 0x2f, 0x65, 0xba, 0x5e, 0x81, 0x57,
    0x92, 0x4b, 0x95, 0x76, 0x6f, 0x26, 0xba, 0xcb, 0xc7, 0x2b, 0x2a, 0xac,
    0x56, 0x93, 0xd5, 0x76, 0xc6, 0xa2, 0x58, 0xdd, 0xd6, 0xfe, 0xff, 0xff,
    0x04, 0x00, 0x00, 0x00, 0x54, 0x00, 0x00, 0x00, 0x4b, 0xf9, 0xff, 0xff,
    0xe0, 0xf1, 0xff, 0xff, 0x83, 0x04, 0x00, 0x00, 0x00, 0xeb, 0xff, 0xff,
    0xd1, 0x02, 0x00, 0x00, 0x7c, 0x0c, 0x00, 0x00, 0x23, 0x06, 0x00, 0x00,
    0xf1, 0xff, 0xff, 0xff, 0x8f, 0xf1, 0xff, 0xff, 0x86, 0x0e, 0x00, 0x00,
    0x4e, 0x0e, 0x00, 0x00, 0x34, 0x0d, 0x00, 0x00, 0xf8, 0x08, 0x00, 0x00,
    0x3c, 0xf7, 0xff, 0xff, 0xee, 0xfa, 0xff, 0xff, 0x30, 0xf4, 0xff, 0xff,
    0xaf, 0x0d, 0x00, 0x00, 0x36, 0xfb, 0xff, 0xff, 0x10, 0xf6, 0xff, 0xff,
    0x63, 0x0d, 0x00, 0x00, 0xba, 0xf9, 0xff, 0xff, 0x36, 0xff, 0xff, 0xff,
    0x04, 0x00, 0x00, 0x00, 0x08, 0x00, 0x00, 0x00, 0x01, 0x00, 0x00, 0x00,
    0x02, 0x00, 0x00, 0x00, 0xb4, 0xdd, 0xff, 0xff, 0xb8, 0xdd, 0xff, 0xff,
    0x0f, 0x00, 0x00, 0x00, 0x4d, 0x4c, 0x49, 0x52, 0x20, 0x43, 0x6f, 0x6e,
    0x76, 0x65, 0x72, 0x74, 0x65, 0x64, 0x2e, 0x00, 0x01, 0x00, 0x00, 0x00,
    0x14, 0x00, 0x00, 0x00, 0x00, 0x00, 0x0e, 0x00, 0x18, 0x00, 0x14, 0x00,
    0x10, 0x00, 0x0c, 0x00, 0x08, 0x00, 0x04, 0x00, 0x0e, 0x00, 0x00, 0x00,
    0x14, 0x00, 0x00, 0x00, 0x1c, 0x00, 0x00, 0x00, 0x18, 0x04, 0x00, 0x00,
    0x1c, 0x04, 0x00, 0x00, 0x20, 0x04, 0x00, 0x00, 0x04, 0x00, 0x00, 0x00,
    0x6d, 0x61, 0x69, 0x6e, 0x00, 0x00, 0x00, 0x00, 0x10, 0x00, 0x00, 0x00,
    0xb4, 0x03, 0x00, 0x00, 0x70, 0x03, 0x00, 0x00, 0x2c, 0x03, 0x00, 0x00,
    0xd8, 0x02, 0x00, 0x00, 0x88, 0x02, 0x00, 0x00, 0x54, 0x02, 0x00, 0x00,
    0x20, 0x02, 0x00, 0x00, 0xdc, 0x01, 0x00, 0x00, 0x9c, 0x01, 0x00, 0x00,
    0x68, 0x01, 0x00, 0x00, 0x34, 0x01, 0x00, 0x00, 0xf0, 0x00, 0x00, 0x00,
    0xbc, 0x00, 0x00, 0x00, 0x78, 0x00, 0x00, 0x00, 0x40, 0x00, 0x00, 0x00,
    0x04, 0x00, 0x00, 0x00, 0x6a, 0xfd, 0xff, 0xff, 0x1c, 0x00, 0x00, 0x00,
    0x00, 0x00, 0x00, 0x09, 0x1c, 0x00, 0x00, 0x00, 0x20, 0x00, 0x00, 0x00,
    0x06, 0x00, 0x00, 0x00, 0x00, 0x00, 0x06, 0x00, 0x08, 0x00, 0x04, 0x00,
    0x06, 0x00, 0x00, 0x00, 0x00, 0x00, 0x80, 0x3f, 0x01, 0x00, 0x00, 0x00,
    0x21, 0x00, 0x00, 0x00, 0x01, 0x00, 0x00, 0x00, 0x20, 0x00, 0x00, 0x00,
    0x12, 0xfd, 0xff, 0xff, 0x14, 0x00, 0x00, 0x00, 0x00, 0x00, 0x00, 0x08,
    0x10, 0x00, 0x00, 0x00, 0x14, 0x00, 0x00, 0x00, 0x05, 0x00, 0x00, 0x00,
    0xa0, 0xde, 0xff, 0xff, 0x01, 0x00, 0x00, 0x00, 0x20, 0x00, 0x00, 0x00,
    0x03, 0x00, 0x00, 0x00, 0x1f, 0x00, 0x00, 0x00, 0x03, 0x00, 0x00, 0x00,
    0x02, 0x00, 0x00, 0x00, 0xd6, 0xfd, 0xff, 0xff, 0x1c, 0x00, 0x00, 0x00,
    0x00, 0x00, 0x00, 0x08, 0x1c, 0x00, 0x00, 0x00, 0x20, 0x00, 0x00, 0x00,
    0x05, 0x00, 0x00, 0x00, 0x00, 0x00, 0x06, 0x00, 0x08, 0x00, 0x07, 0x00,
    0x06, 0x00, 0x00, 0x00, 0x00, 0x00, 0x00, 0x01, 0x01, 0x00, 0x00, 0x00,
    0x1f, 0x00, 0x00, 0x00, 0x03, 0x00, 0x00, 0x00, 0x1e, 0x00, 0x00, 0x00,
    0x05, 0x00, 0x00, 0x00, 0x04, 0x00, 0x00, 0x00, 0x86, 0xfd, 0xff, 0xff,
    0x14, 0x00, 0x00, 0x00, 0x00, 0x00, 0x00, 0x1b, 0x10, 0x00, 0x00, 0x00,
    0x14, 0x00, 0x00, 0x00, 0x04, 0x00, 0x00, 0x00, 0x14, 0xdf, 0xff, 0xff,
    0x01, 0x00, 0x00, 0x00, 0x1e, 0x00, 0x00, 0x00, 0x02, 0x00, 0x00, 0x00,
    0x1d, 0x00, 0x00, 0x00, 0x01, 0x00, 0x00, 0x00, 0xb6, 0xfd, 0xff, 0xff,
    0x14, 0x00, 0x00, 0x00, 0x00, 0x00, 0x00, 0x05, 0x24, 0x00, 0x00, 0x00,
    0x28, 0x00, 0x00, 0x00, 0x03, 0x00, 0x00, 0x00, 0x36, 0xfe, 0xff, 0xff,
    0x02, 0x00, 0x00, 0x00, 0x02, 0x00, 0x00, 0x00, 0x02, 0x00, 0x00, 0x00,
    0x02, 0x00, 0x00, 0x00, 0x00, 0x00, 0x00, 0x01, 0x01, 0x00, 0x00, 0x00,
    0x1d, 0x00, 0x00, 0x00, 0x01, 0x00, 0x00, 0x00, 0x1c, 0x00, 0x00, 0x00,
    0xf6, 0xfd, 0xff, 0xff, 0x14, 0x00, 0x00, 0x00, 0x00, 0x00, 0x00, 0x0b,
    0x10, 0x00, 0x00, 0x00, 0x14, 0x00, 0x00, 0x00, 0x02, 0x00, 0x00, 0x00,
    0x84, 0xdf, 0xff, 0xff, 0x01, 0x00, 0x00, 0x00, 0x1c, 0x00, 0x00, 0x00,
    0x02, 0x00, 0x00, 0x00, 0x1b, 0x00, 0x00, 0x00, 0x06, 0x00, 0x00, 0x00,
    0x26, 0xfe, 0xff, 0xff, 0x14, 0x00, 0x00, 0x00, 0x00, 0x00, 0x00, 0x15,
    0x10, 0x00, 0x00, 0x00, 0x14, 0x00, 0x00, 0x00, 0x01, 0x00, 0x00, 0x00,
    0xb4, 0xdf, 0xff, 0xff, 0x01, 0x00, 0x00, 0x00, 0x1b, 0x00, 0x00, 0x00,
    0x02, 0x00, 0x00, 0x00, 0x1a, 0x00, 0x00, 0x00, 0x07, 0x00, 0x00, 0x00,
    0x16, 0xfe, 0xff, 0xff, 0x10, 0x00, 0x00, 0x00, 0x00, 0x00, 0x00, 0x01,
    0x18, 0x00, 0x00, 0x00, 0x1c, 0x00, 0x00, 0x00, 0x08, 0xfe, 0xff, 0xff,
    0x00, 0x00, 0x00, 0x01, 0x01, 0x00, 0x00, 0x00, 0x01, 0x00, 0x00, 0x00,
    0x01, 0x00, 0x00, 0x00, 0x1a, 0x00, 0x00, 0x00, 0x03, 0x00, 0x00, 0x00,
    0x19, 0x00, 0x00, 0x00, 0x09, 0x00, 0x00, 0x00, 0x08, 0x00, 0x00, 0x00,
    0x92, 0xfe, 0xff, 0xff, 0x14, 0x00, 0x00, 0x00, 0x00, 0x00, 0x00, 0x05,
    0x24, 0x00, 0x00, 0x00, 0x28, 0x00, 0x00, 0x00, 0x03, 0x00, 0x00, 0x00,
    0x12, 0xff, 0xff, 0xff, 0x02, 0x00, 0x00, 0x00, 0x02, 0x00, 0x00, 0x00,
    0x02, 0x00, 0x00, 0x00, 0x02, 0x00, 0x00, 0x00, 0x00, 0x00, 0x00, 0x01,
    0x01, 0x00, 0x00, 0x00, 0x19, 0x00, 0x00, 0x00, 0x01, 0x00, 0x00, 0x00,
    0x18, 0x00, 0x00, 0x00, 0xd2, 0xfe, 0xff, 0xff, 0x14, 0x00, 0x00, 0x00,
    0x00, 0x00, 0x00, 0x0b, 0x10, 0x00, 0x00, 0x00, 0x14, 0x00, 0x00, 0x00,
    0x02, 0x00, 0x00, 0x00, 0x60, 0xe0, 0xff, 0xff, 0x01, 0x00, 0x00, 0x00,
    0x18, 0x00, 0x00, 0x00, 0x02, 0x00, 0x00, 0x00, 0x17, 0x00, 0x00, 0x00,
    0x0a, 0x00, 0x00, 0x00, 0x02, 0xff, 0xff, 0xff, 0x14, 0x00, 0x00, 0x00,
    0x00, 0x00, 0x00, 0x15, 0x10, 0x00, 0x00, 0x00, 0x14, 0x00, 0x00, 0x00,
    0x01, 0x00, 0x00, 0x00, 0x90, 0xe0, 0xff, 0xff, 0x01, 0x00, 0x00, 0x00,
    0x17, 0x00, 0x00, 0x00, 0x02, 0x00, 0x00, 0x00, 0x16, 0x00, 0x00, 0x00,
    0x0b, 0x00, 0x00, 0x00, 0xf2, 0xfe, 0xff, 0xff, 0x10, 0x00, 0x00, 0x00,
    0x00, 0x00, 0x00, 0x01, 0x18, 0x00, 0x00, 0x00, 0x1c, 0x00, 0x00, 0x00,
    0xe4, 0xfe, 0xff, 0xff, 0x00, 0x00, 0x00, 0x01, 0x01, 0x00, 0x00, 0x00,
    0x01, 0x00, 0x00, 0x00, 0x01, 0x00, 0x00, 0x00, 0x16, 0x00, 0x00, 0x00,
    0x03, 0x00, 0x00, 0x00, 0x15, 0x00, 0x00, 0x00, 0x0d, 0x00, 0x00, 0x00,
    0x0c, 0x00, 0x00, 0x00, 0x00, 0x00, 0x0e, 0x00, 0x1a, 0x00, 0x14, 0x00,
    0x10, 0x00, 0x0c, 0x00, 0x0b, 0x00, 0x04, 0x00, 0x0e, 0x00, 0x00, 0x00,
    0x24, 0x00, 0x00, 0x00, 0x00, 0x00, 0x00, 0x05, 0x34, 0x00, 0x00, 0x00,
    0x38, 0x00, 0x00, 0x00, 0x03, 0x00, 0x00, 0x00, 0x00, 0x00, 0x0e, 0x00,
    0x18, 0x00, 0x17, 0x00, 0x10, 0x00, 0x0c, 0x00, 0x08, 0x00, 0x04, 0x00,
    0x0e, 0x00, 0x00, 0x00, 0x02, 0x00, 0x00, 0x00, 0x02, 0x00, 0x00, 0x00,
    0x02, 0x00, 0x00, 0x00, 0x02, 0x00, 0x00, 0x00, 0x00, 0x00, 0x00, 0x01,
    0x01, 0x00, 0x00, 0x00, 0x15, 0x00, 0x00, 0x00, 0x01, 0x00, 0x00, 0x00,
    0x14, 0x00, 0x00, 0x00, 0xce, 0xff, 0xff, 0xff, 0x14, 0x00, 0x00, 0x00,
    0x00, 0x00, 0x00, 0x0b, 0x10, 0x00, 0x00, 0x00, 0x14, 0x00, 0x00, 0x00,
    0x02, 0x00, 0x00, 0x00, 0x5c, 0xe1, 0xff, 0xff, 0x01, 0x00, 0x00, 0x00,
    0x14, 0x00, 0x00, 0x00, 0x02, 0x00, 0x00, 0x00, 0x13, 0x00, 0x00, 0x00,
    0x0e, 0x00, 0x00, 0x00, 0x00, 0x00, 0x0e, 0x00, 0x18, 0x00, 0x14, 0x00,
    0x10, 0x00, 0x0c, 0x00, 0x0b, 0x00, 0x04, 0x00, 0x0e, 0x00, 0x00, 0x00,
    0x14, 0x00, 0x00, 0x00, 0x00, 0x00, 0x00, 0x15, 0x10, 0x00, 0x00, 0x00,
    0x14, 0x00, 0x00, 0x00, 0x01, 0x00, 0x00, 0x00, 0x9c, 0xe1, 0xff, 0xff,
    0x01, 0x00, 0x00, 0x00, 0x13, 0x00, 0x00, 0x00, 0x02, 0x00, 0x00, 0x00,
    0x12, 0x00, 0x00, 0x00, 0x0f, 0x00, 0x00, 0x00, 0x00, 0x00, 0x0e, 0x00,
    0x14, 0x00, 0x00, 0x00, 0x10, 0x00, 0x0c, 0x00, 0x0b, 0x00, 0x04, 0x00,
    0x0e, 0x00, 0x00, 0x00, 0x1c, 0x00, 0x00, 0x00, 0x00, 0x00, 0x00, 0x01,
    0x24, 0x00, 0x00, 0x00, 0x28, 0x00, 0x00, 0x00, 0x0c, 0x00, 0x10, 0x00,
    0x00, 0x00, 0x0c, 0x00, 0x08, 0x00, 0x07, 0x00, 0x0c, 0x00, 0x00, 0x00,
    0x00, 0x00, 0x00, 0x01, 0x01, 0x00, 0x00, 0x00, 0x01, 0x00, 0x00, 0x00,
    0x01, 0x00, 0x00, 0x00, 0x12, 0x00, 0x00, 0x00, 0x03, 0x00, 0x00, 0x00,
    0x00, 0x00, 0x00, 0x00, 0x11, 0x00, 0x00, 0x00, 0x10, 0x00, 0x00, 0x00,
    0x01, 0x00, 0x00, 0x00, 0x21, 0x00, 0x00, 0x00, 0x01, 0x00, 0x00, 0x00,
    0x00, 0x00, 0x00, 0x00, 0x22, 0x00, 0x00, 0x00, 0x4c, 0x1e, 0x00, 0x00,
    0xc0, 0x1d, 0x00, 0x00, 0x48, 0x1c, 0x00, 0x00, 0xe4, 0x1a, 0x00, 0x00,
    0xe8, 0x18, 0x00, 0x00, 0x04, 0x17, 0x00, 0x00, 0x80, 0x16, 0x00, 0x00,
    0xfc, 0x15, 0x00, 0x00, 0xb8, 0x13, 0x00, 0x00, 0xc4, 0x11, 0x00, 0x00,
    0x40, 0x11, 0x00, 0x00, 0xbc, 0x10, 0x00, 0x00, 0x38, 0x0f, 0x00, 0x00,
    0x04, 0x0e, 0x00, 0x00, 0x80, 0x0d, 0x00, 0x00, 0xfc, 0x0c, 0x00, 0x00,
    0xe0, 0x0b, 0x00, 0x00, 0x0c, 0x0b, 0x00, 0x00, 0x20, 0x0a, 0x00, 0x00,
    0x7c, 0x09, 0x00, 0x00, 0xd8, 0x08, 0x00, 0x00, 0x3c, 0x08, 0x00, 0x00,
    0x48, 0x07, 0x00, 0x00, 0x9c, 0x06, 0x00, 0x00, 0xf0, 0x05, 0x00, 0x00,
    0x54, 0x05, 0x00, 0x00, 0x60, 0x04, 0x00, 0x00, 0xb4, 0x03, 0x00, 0x00,
    0x08, 0x03, 0x00, 0x00, 0x6c, 0x02, 0x00, 0x00, 0xd8, 0x01, 0x00, 0x00,
    0x24, 0x01, 0x00, 0x00, 0x80, 0x00, 0x00, 0x00, 0x04, 0x00, 0x00, 0x00,
    0x52, 0xe2, 0xff, 0xff, 0x00, 0x00, 0x00, 0x01, 0x18, 0x00, 0x00, 0x00,
    0x20, 0x00, 0x00, 0x00, 0x3c, 0x00, 0x00, 0x00, 0x22, 0x00, 0x00, 0x00,
    0x00, 0x00, 0x00, 0x09, 0x50, 0x00, 0x00, 0x00, 0x02, 0x00, 0x00, 0x00,
    0xff, 0xff, 0xff, 0xff, 0x15, 0x00, 0x00, 0x00, 0x34, 0xe2, 0xff, 0xff,
    0x08, 0x00, 0x00, 0x00, 0x10, 0x00, 0x00, 0x00, 0x01, 0x00, 0x00, 0x00,
    0x80, 0xff, 0xff, 0xff, 0xff, 0xff, 0xff, 0xff, 0x01, 0x00, 0x00, 0x00,
    0x00, 0x00, 0x80, 0x3b, 0x1b, 0x00, 0x00, 0x00, 0x53, 0x74, 0x61, 0x74,
    0x65, 0x66, 0x75, 0x6c, 0x50, 0x61, 0x72, 0x74, 0x69, 0x74, 0x69, 0x6f,
    0x6e, 0x65, 0x64, 0x43, 0x61, 0x6c, 0x6c, 0x5f, 0x31, 0x3a, 0x30, 0x00,
    0x02, 0x00, 0x00, 0x00, 0x01, 0x00, 0x00, 0x00, 0x15, 0x00, 0x00, 0x00,
    0xca, 0xe2, 0xff, 0xff, 0x00, 0x00, 0x00, 0x01, 0x18, 0x00, 0x00, 0x00,
    0x20, 0x00, 0x00, 0x00, 0x40, 0x00, 0x00, 0x00, 0x21, 0x00, 0x00, 0x00,
    0x00, 0x00, 0x00, 0x09, 0x78, 0x00, 0x00, 0x00, 0x02, 0x00, 0x00, 0x00,
    0xff, 0xff, 0xff, 0xff, 0x15, 0x00, 0x00, 0x00, 0xac, 0xe2, 0xff, 0xff,
    0x08, 0x00, 0x00, 0x00, 0x14, 0x00, 0x00, 0x00, 0x01, 0x00, 0x00, 0x00,
    0x0d, 0x00, 0x00, 0x00, 0x00, 0x00, 0x00, 0x00, 0x00, 0x00, 0x00, 0x00,
    0x01, 0x00, 0x00, 0x00, 0x82, 0x52, 0x90, 0x3a, 0x3c, 0x00, 0x00, 0x00,
    0x73, 0x65, 0x71, 0x75, 0x65, 0x6e, 0x74, 0x69, 0x61, 0x6c, 0x5f, 0x31,
    0x2f, 0x64, 0x65, 0x6e, 0x73, 0x65, 0x5f, 0x31, 0x5f, 0x32, 0x2f, 0x4d,
    0x61, 0x74, 0x4d, 0x75, 0x6c, 0x3b, 0x73, 0x65, 0x71, 0x75, 0x65, 0x6e,
    0x74, 0x69, 0x61, 0x6c, 0x5f, 0x31, 0x2f, 0x64, 0x65, 0x6e, 0x73, 0x65,
    0x5f, 0x31, 0x5f, 0x32, 0x2f, 0x42, 0x69, 0x61, 0x73, 0x41, 0x64, 0x64,
    0x00, 0x00, 0x00, 0x00, 0x02, 0x00, 0x00, 0x00, 0x01, 0x00, 0x00, 0x00,
    0x15, 0x00, 0x00, 0x00, 0x6a, 0xe3, 0xff, 0xff, 0x00, 0x00, 0x00, 0x01,
    0x18, 0x00, 0x00, 0x00, 0x20, 0x00, 0x00, 0x00, 0x3c, 0x00, 0x00, 0x00,
    0x20, 0x00, 0x00, 0x00, 0x00, 0x00, 0x00, 0x09, 0x88, 0x00, 0x00, 0x00,
    0x02, 0x00, 0x00, 0x00, 0xff, 0xff, 0xff, 0xff, 0x20, 0x00, 0x00, 0x00,
    0x4c, 0xe3, 0xff, 0xff, 0x08, 0x00, 0x00, 0x00, 0x10, 0x00, 0x00, 0x00,
    0x01, 0x00, 0x00, 0x00, 0x80, 0xff, 0xff, 0xff, 0xff, 0xff, 0xff, 0xff,
    0x01, 0x00, 0x00, 0x00, 0x2c, 0x58, 0x59, 0x3a, 0x52, 0x00, 0x00, 0x00,
    0x73, 0x65, 0x71, 0x75, 0x65, 0x6e, 0x74, 0x69, 0x61, 0x6c, 0x5f, 0x31,
    0x2f, 0x64, 0x65, 0x6e, 0x73, 0x65, 0x5f, 0x31, 0x2f, 0x4d, 0x61, 0x74,
    0x4d, 0x75, 0x6c, 0x3b, 0x73, 0x65, 0x71, 0x75, 0x65, 0x6e, 0x74, 0x69,
    0x61, 0x6c, 0x5f, 0x31, 0x2f, 0x64, 0x65, 0x6e, 0x73, 0x65, 0x5f, 0x31,
    0x2f, 0x52, 0x65, 0x6c, 0x75, 0x3b, 0x73, 0x65, 0x71, 0x75, 0x65, 0x6e,
    0x74, 0x69, 0x61, 0x6c, 0x5f, 0x31, 0x2f, 0x64, 0x65, 0x6e, 0x73, 0x65,
    0x5f, 0x31, 0x2f, 0x42, 0x69, 0x61, 0x73, 0x41, 0x64, 0x64, 0x00, 0x00,
    0x02, 0x00, 0x00, 0x00, 0x01, 0x00, 0x00, 0x00, 0x20, 0x00, 0x00, 0x00,
    0x1a, 0xe4, 0xff, 0xff, 0x00, 0x00, 0x00, 0x01, 0x18, 0x00, 0x00, 0x00,
    0x20, 0x00, 0x00, 0x00, 0x40, 0x00, 0x00, 0x00, 0x1f, 0x00, 0x00, 0x00,
    0x00, 0x00, 0x00, 0x09, 0x68, 0x00, 0x00, 0x00, 0x02, 0x00, 0x00, 0x00,
    0xff, 0xff, 0xff, 0xff, 0x20, 0x00, 0x00, 0x00, 0xfc, 0xe3, 0xff, 0xff,
    0x08, 0x00, 0x00, 0x00, 0x14, 0x00, 0x00, 0x00, 0x01, 0x00, 0x00, 0x00,
    0xc8, 0xff, 0xff, 0xff, 0xff, 0xff, 0xff, 0xff, 0x00, 0x00, 0x00, 0x00,
    0x01, 0x00, 0x00, 0x00, 0x8a, 0xd4, 0xd5, 0x3a, 0x2c, 0x00, 0x00, 0x00,
    0x73, 0x65, 0x71, 0x75, 0x65, 0x6e, 0x74, 0x69, 0x61, 0x6c, 0x5f, 0x31,
    0x2f, 0x67, 0x6c, 0x6f, 0x62, 0x61, 0x6c, 0x5f, 0x61, 0x76, 0x65, 0x72,
    0x61, 0x67, 0x65, 0x5f, 0x70, 0x6f, 0x6f, 0x6c, 0x69, 0x6e, 0x67, 0x32,
    0x64, 0x5f, 0x31, 0x2f, 0x4d, 0x65, 0x61, 0x6e, 0x00, 0x00, 0x00, 0x00,
    0x02, 0x00, 0x00, 0x00, 0x01, 0x00, 0x00, 0x00, 0x20, 0x00, 0x00, 0x00,
    0xaa, 0xe4, 0xff, 0xff, 0x00, 0x00, 0x00, 0x01, 0x18, 0x00, 0x00, 0x00,
    0x28, 0x00, 0x00, 0x00, 0x44, 0x00, 0x00, 0x00, 0x1e, 0x00, 0x00, 0x00,
    0x00, 0x00, 0x00, 0x09, 0x68, 0x00, 0x00, 0x00, 0x04, 0x00, 0x00, 0x00,
    0xff, 0xff, 0xff, 0xff, 0x04, 0x00, 0x00, 0x00, 0x08, 0x00, 0x00, 0x00,
    0x20, 0x00, 0x00, 0x00, 0x94, 0xe4, 0xff, 0xff, 0x08, 0x00, 0x00, 0x00,
    0x10, 0x00, 0x00, 0x00, 0x01, 0x00, 0x00, 0x00, 0xc5, 0xff, 0xff, 0xff,
    0xff, 0xff, 0xff, 0xff, 0x01, 0x00, 0x00, 0x00, 0x50, 0xd1, 0x07, 0x3b,
    0x28, 0x00, 0x00, 0x00, 0x73, 0x65, 0x71, 0x75, 0x65, 0x6e, 0x74, 0x69,
    0x61, 0x6c, 0x5f, 0x31, 0x2f, 0x6d, 0x61, 0x78, 0x5f, 0x70, 0x6f, 0x6f,
    0x6c, 0x69, 0x6e, 0x67, 0x32, 0x64, 0x5f, 0x32, 0x5f, 0x31, 0x2f, 0x4d,
    0x61, 0x78, 0x50, 0x6f, 0x6f, 0x6c, 0x32, 0x64, 0x00, 0x00, 0x00, 0x00,
    0x04, 0x00, 0x00, 0x00, 0x01, 0x00, 0x00, 0x00, 0x04, 0x00, 0x00, 0x00,
    0x08, 0x00, 0x00, 0x00, 0x20, 0x00, 0x00, 0x00, 0x42, 0xe5, 0xff, 0xff,
    0x00, 0x00, 0x00, 0x01, 0x18, 0x00, 0x00, 0x00, 0x28, 0x00, 0x00, 0x00,
    0x48, 0x00, 0x00, 0x00, 0x1d, 0x00, 0x00, 0x00, 0x00, 0x00, 0x00, 0x09,
    0x78, 0x00, 0x00, 0x00, 0x04, 0x00, 0x00, 0x00, 0xff, 0xff, 0xff, 0xff,
    0x08, 0x00, 0x00, 0x00, 0x10, 0x00, 0x00, 0x00, 0x20, 0x00, 0x00, 0x00,
    0x2c, 0xe5, 0xff, 0xff, 0x08, 0x00, 0x00, 0x00, 0x14, 0x00, 0x00, 0x00,
    0x01, 0x00, 0x00, 0x00, 0xc5, 0xff, 0xff, 0xff, 0xff, 0xff, 0xff, 0xff,
    0x00, 0x00, 0x00, 0x00, 0x01, 0x00, 0x00, 0x00, 0x50, 0xd1, 0x07, 0x3b,
    0x34, 0x00, 0x00, 0x00, 0x73, 0x65, 0x71, 0x75, 0x65, 0x6e, 0x74, 0x69,
    0x61, 0x6c, 0x5f, 0x31, 0x2f, 0x62, 0x61, 0x74, 0x63, 0x68, 0x5f, 0x6e,
    0x6f, 0x72, 0x6d, 0x61, 0x6c, 0x69, 0x7a, 0x61, 0x74, 0x69, 0x6f, 0x6e,
    0x5f, 0x32, 0x5f, 0x31, 0x2f, 0x62, 0x61, 0x74, 0x63, 0x68, 0x6e, 0x6f,
    0x72, 0x6d, 0x2f, 0x61, 0x64, 0x64, 0x5f, 0x31, 0x00, 0x00, 0x00, 0x00,
    0x04, 0x00, 0x00, 0x00, 0x01, 0x00, 0x00, 0x00, 0x08, 0x00, 0x00, 0x00,
    0x10, 0x00, 0x00, 0x00, 0x20, 0x00, 0x00, 0x00, 0xea, 0xe5, 0xff, 0xff,
    0x00, 0x00, 0x00, 0x01, 0x18, 0x00, 0x00, 0x00, 0x28, 0x00, 0x00, 0x00,
    0x48, 0x00, 0x00, 0x00, 0x1c, 0x00, 0x00, 0x00, 0x00, 0x00, 0x00, 0x09,
    0x78, 0x00, 0x00, 0x00, 0x04, 0x00, 0x00, 0x00, 0xff, 0xff, 0xff, 0xff,
    0x08, 0x00, 0x00, 0x00, 0x10, 0x00, 0x00, 0x00, 0x20, 0x00, 0x00, 0x00,
    0xd4, 0xe5, 0xff, 0xff, 0x08, 0x00, 0x00, 0x00, 0x14, 0x00, 0x00, 0x00,
    0x01, 0x00, 0x00, 0x00, 0xb9, 0xff, 0xff, 0xff, 0xff, 0xff, 0xff, 0xff,
    0x00, 0x00, 0x00, 0x00, 0x01, 0x00, 0x00, 0x00, 0x71, 0x65, 0x24, 0x3b,
    0x34, 0x00, 0x00, 0x00, 0x73, 0x65, 0x71, 0x75, 0x65, 0x6e, 0x74, 0x69,
    0x61, 0x6c, 0x5f, 0x31, 0x2f, 0x62, 0x61, 0x74, 0x63, 0x68, 0x5f, 0x6e,
    0x6f, 0x72, 0x6d, 0x61, 0x6c, 0x69, 0x7a, 0x61, 0x74, 0x69, 0x6f, 0x6e,
    0x5f, 0x32, 0x5f, 0x31, 0x2f, 0x62, 0x61, 0x74, 0x63, 0x68, 0x6e, 0x6f,
    0x72, 0x6d, 0x2f, 0x6d, 0x75, 0x6c, 0x5f, 0x31, 0x00, 0x00, 0x00, 0x00,
    0x04, 0x00, 0x00, 0x00, 0x01, 0x00, 0x00, 0x00, 0x08, 0x00, 0x00, 0x00,
    0x10, 0x00, 0x00, 0x00, 0x20, 0x00, 0x00, 0x00, 0x92, 0xe6, 0xff, 0xff,
    0x00, 0x00, 0x00, 0x01, 0x18, 0x00, 0x00, 0x00, 0x28, 0x00, 0x00, 0x00,
    0x44, 0x00, 0x00, 0x00, 0x1b, 0x00, 0x00, 0x00, 0x00, 0x00, 0x00, 0x09,
    0xc0, 0x00, 0x00, 0x00, 0x04, 0x00, 0x00, 0x00, 0xff, 0xff, 0xff, 0xff,
    0x08, 0x00, 0x00, 0x00, 0x10, 0x00, 0x00, 0x00, 0x20, 0x00, 0x00, 0x00,
    0x7c, 0xe6, 0xff, 0xff, 0x08, 0x00, 0x00, 0x00, 0x10, 0x00, 0x00, 0x00,
    0x01, 0x00, 0x00, 0x00, 0x80, 0xff, 0xff, 0xff, 0xff, 0xff, 0xff, 0xff,
    0x01, 0x00, 0x00, 0x00, 0x97, 0x50, 0xff, 0x3a, 0x81, 0x00, 0x00, 0x00,
    0x73, 0x65, 0x71, 0x75, 0x65, 0x6e, 0x74, 0x69, 0x61, 0x6c, 0x5f, 0x31,
    0x2f, 0x63, 0x6f, 0x6e, 0x76, 0x32, 0x64, 0x5f, 0x32, 0x5f, 0x31, 0x2f,
    0x52, 0x65, 0x6c, 0x75, 0x3b, 0x73, 0x65, 0x71, 0x75, 0x65, 0x6e, 0x74,
    0x69, 0x61, 0x6c, 0x5f, 0x31, 0x2f, 0x63, 0x6f, 0x6e, 0x76, 0x32, 0x64,
    0x5f, 0x32, 0x5f, 0x31, 0x2f, 0x42, 0x69, 0x61, 0x73, 0x41, 0x64, 0x64,
    0x3b, 0x73, 0x65, 0x71, 0x75, 0x65, 0x6e, 0x74, 0x69, 0x61, 0x6c, 0x5f,
    0x31, 0x2f, 0x63, 0x6f, 0x6e, 0x76, 0x32, 0x64, 0x5f, 0x32, 0x5f, 0x31,
    0x2f, 0x63, 0x6f, 0x6e, 0x76, 0x6f, 0x6c, 0x75, 0x74, 0x69, 0x6f, 0x6e,
    0x3b, 0x73, 0x65, 0x71, 0x75, 0x65, 0x6e, 0x74, 0x69, 0x61, 0x6c, 0x5f,
    0x31, 0x2f, 0x63, 0x6f, 0x6e, 0x76, 0x32, 0x64, 0x5f, 0x32, 0x5f, 0x31,
    0x2f, 0x53, 0x71, 0x75, 0x65, 0x65, 0x7a, 0x65, 0x31, 0x00, 0x00, 0x00,
    0x04, 0x00, 0x00, 0x00, 0x01, 0x00, 0x00, 0x00, 0x08, 0x00, 0x00, 0x00,
    0x10, 0x00, 0x00, 0x00, 0x20, 0x00, 0x00, 0x00, 0x82, 0xe7, 0xff, 0xff,
    0x00, 0x00, 0x00, 0x01, 0x18, 0x00, 0x00, 0x00, 0x28, 0x00, 0x00, 0x00,
    0x44, 0x00, 0x00, 0x00, 0x1a, 0x00, 0x00, 0x00, 0x00, 0x00, 0x00, 0x09,
    0x68, 0x00, 0x00, 0x00, 0x04, 0x00, 0x00, 0x00, 0xff, 0xff, 0xff, 0xff,
    0x08, 0x00, 0x00, 0x00, 0x10, 0x00, 0x00, 0x00, 0x10, 0x00, 0x00, 0x00,
    0x6c, 0xe7, 0xff, 0xff, 0x08, 0x00, 0x00, 0x00, 0x10, 0x00, 0x00, 0x00,
    0x01, 0x00, 0x00, 0x00, 0x99, 0xff, 0xff, 0xff, 0xff, 0xff, 0xff, 0xff,
    0x01, 0x00, 0x00, 0x00, 0x4e, 0xf1, 0x3d, 0x3b, 0x28, 0x00, 0x00, 0x00,
    0x73, 0x65, 0x71, 0x75, 0x65, 0x6e, 0x74, 0x69, 0x61, 0x6c, 0x5f, 0x31,
    0x2f, 0x6d, 0x61, 0x78, 0x5f, 0x70, 0x6f, 0x6f, 0x6c, 0x69, 0x6e, 0x67,
    0x32, 0x64, 0x5f, 0x31, 0x5f, 0x32, 0x2f, 0x4d, 0x61, 0x78, 0x50, 0x6f,
    0x6f, 0x6c, 0x32, 0x64, 0x00, 0x00, 0x00, 0x00, 0x04, 0x00, 0x00, 0x00,
    0x01, 0x00, 0x00, 0x00, 0x08, 0x00, 0x00, 0x00, 0x10, 0x00, 0x00, 0x00,
    0x10, 0x00, 0x00, 0x00, 0x1a, 0xe8, 0xff, 0xff, 0x00, 0x00, 0x00, 0x01,
    0x18, 0x00, 0x00, 0x00, 0x28, 0x00, 0x00, 0x00, 0x48, 0x00, 0x00, 0x00,
    0x19, 0x00, 0x00, 0x00, 0x00, 0x00, 0x00, 0x09, 0x78, 0x00, 0x00, 0x00,
    0x04, 0x00, 0x00, 0x00, 0xff, 0xff, 0xff, 0xff, 0x10, 0x00, 0x00, 0x00,
    0x20, 0x00, 0x00, 0x00, 0x10, 0x00, 0x00, 0x00, 0x04, 0xe8, 0xff, 0xff,
    0x08, 0x00, 0x00, 0x00, 0x14, 0x00, 0x00, 0x00, 0x01, 0x00, 0x00, 0x00,
    0x99, 0xff, 0xff, 0xff, 0xff, 0xff, 0xff, 0xff, 0x00, 0x00, 0x00, 0x00,
    0x01, 0x00, 0x00, 0x00, 0x4e, 0xf1, 0x3d, 0x3b, 0x34, 0x00, 0x00, 0x00,
    0x73, 0x65, 0x71, 0x75, 0x65, 0x6e, 0x74, 0x69, 0x61, 0x6c, 0x5f, 0x31,
    0x2f, 0x62, 0x61, 0x74, 0x63, 0x68, 0x5f, 0x6e, 0x6f, 0x72, 0x6d, 0x61,
    0x6c, 0x69, 0x7a, 0x61, 0x74, 0x69, 0x6f, 0x6e, 0x5f, 0x31, 0x5f, 0x32,
    0x2f, 0x62, 0x61, 0x74, 0x63, 0x68, 0x6e, 0x6f, 0x72, 0x6d, 0x2f, 0x61,
    0x64, 0x64, 0x5f, 0x31, 0x00, 0x00, 0x00, 0x00, 0x04, 0x00, 0x00, 0x00,
    0x01, 0x00, 0x00, 0x00, 0x10, 0x00, 0x00, 0x00, 0x20, 0x00, 0x00, 0x00,
    0x10, 0x00, 0x00, 0x00, 0xc2, 0xe8, 0xff, 0xff, 0x00, 0x00, 0x00, 0x01,
    0x18, 0x00, 0x00, 0x00, 0x28, 0x00, 0x00, 0x00, 0x48, 0x00, 0x00, 0x00,
    0x18, 0x00, 0x00, 0x00, 0x00, 0x00, 0x00, 0x09, 0x78, 0x00, 0x00, 0x00,
    0x04, 0x00, 0x00, 0x00, 0xff, 0xff, 0xff, 0xff, 0x10, 0x00, 0x00, 0x00,
    0x20, 0x00, 0x00, 0x00, 0x10, 0x00, 0x00, 0x00, 0xac, 0xe8, 0xff, 0xff,
    0x08, 0x00, 0x00, 0x00, 0x14, 0x00, 0x00, 0x00, 0x01, 0x00, 0x00, 0x00,
    0x97, 0xff, 0xff, 0xff, 0xff, 0xff, 0xff, 0xff, 0x00, 0x00, 0x00, 0x00,
    0x01, 0x00, 0x00, 0x00, 0xe8, 0x1b, 0x4c, 0x3b, 0x34, 0x00, 0x00, 0x00,
    0x73, 0x65, 0x71, 0x75, 0x65, 0x6e, 0x74, 0x69, 0x61, 0x6c, 0x5f, 0x31,
    0x2f, 0x62, 0x61, 0x74, 0x63, 0x68, 0x5f, 0x6e, 0x6f, 0x72, 0x6d, 0x61,
    0x6c, 0x69, 0x7a, 0x61, 0x74, 0x69, 0x6f, 0x6e, 0x5f, 0x31, 0x5f, 0x32,
    0x2f, 0x62, 0x61, 0x74, 0x63, 0x68, 0x6e, 0x6f, 0x72, 0x6d, 0x2f, 0x6d,
    0x75, 0x6c, 0x5f, 0x31, 0x00, 0x00, 0x00, 0x00, 0x04, 0x00, 0x00, 0x00,
    0x01, 0x00, 0x00, 0x00, 0x10, 0x00, 0x00, 0x00, 0x20, 0x00, 0x00, 0x00,
    0x10, 0x00, 0x00, 0x00, 0x6a, 0xe9, 0xff, 0xff, 0x00, 0x00, 0x00, 0x01,
    0x18, 0x00, 0x00, 0x00, 0x28, 0x00, 0x00, 0x00, 0x44, 0x00, 0x00, 0x00,
    0x17, 0x00, 0x00, 0x00, 0x00, 0x00, 0x00, 0x09, 0xc0, 0x00, 0x00, 0x00,
    0x04, 0x00, 0x00, 0x00, 0xff, 0xff, 0xff, 0xff, 0x10, 0x00, 0x00, 0x00,
    0x20, 0x00, 0x00, 0x00, 0x10, 0x00, 0x00, 0x00, 0x54, 0xe9, 0xff, 0xff,
    0x08, 0x00, 0x00, 0x00, 0x10, 0x00, 0x00, 0x00, 0x01, 0x00, 0x00, 0x00,
    0x80, 0xff, 0xff, 0xff, 0xff, 0xff, 0xff, 0xff, 0x01, 0x00, 0x00, 0x00,
    0x2b, 0xba, 0x39, 0x3b, 0x81, 0x00, 0x00, 0x00, 0x73, 0x65, 0x71, 0x75,
    0x65, 0x6e, 0x74, 0x69, 0x61, 0x6c, 0x5f, 0x31, 0x2f, 0x63, 0x6f, 0x6e,
    0x76, 0x32, 0x64, 0x5f, 0x31, 0x5f, 0x32, 0x2f, 0x52, 0x65, 0x6c, 0x75,
    0x3b, 0x73, 0x65, 0x71, 0x75, 0x65, 0x6e, 0x74, 0x69, 0x61, 0x6c, 0x5f,
    0x31, 0x2f, 0x63, 0x6f, 0x6e, 0x76, 0x32, 0x64, 0x5f, 0x31, 0x5f, 0x32,
    0x2f, 0x42, 0x69, 0x61, 0x73, 0x41, 0x64, 0x64, 0x3b, 0x73, 0x65, 0x71,
    0x75, 0x65, 0x6e, 0x74, 0x69, 0x61, 0x6c, 0x5f, 0x31, 0x2f, 0x63, 0x6f,
    0x6e, 0x76, 0x32, 0x64, 0x5f, 0x31, 0x5f, 0x32, 0x2f, 0x63, 0x6f, 0x6e,
    0x76, 0x6f, 0x6c, 0x75, 0x74, 0x69, 0x6f, 0x6e, 0x3b, 0x73, 0x65, 0x71,
    0x75, 0x65, 0x6e, 0x74, 0x69, 0x61, 0x6c, 0x5f, 0x31, 0x2f, 0x63, 0x6f,
    0x6e, 0x76, 0x32, 0x64, 0x5f, 0x31, 0x5f, 0x32, 0x2f, 0x53, 0x71, 0x75,
    0x65, 0x65, 0x7a, 0x65, 0x31, 0x00, 0x00, 0x00, 0x04, 0x00, 0x00, 0x00,
    0x01, 0x00, 0x00, 0x00, 0x10, 0x00, 0x00, 0x00, 0x20, 0x00, 0x00, 0x00,
    0x10, 0x00, 0x00, 0x00, 0x5a, 0xea, 0xff, 0xff, 0x00, 0x00, 0x00, 0x01,
    0x18, 0x00, 0x00, 0x00, 0x28, 0x00, 0x00, 0x00, 0x48, 0x00, 0x00, 0x00,
    0x16, 0x00, 0x00, 0x00, 0x00, 0x00, 0x00, 0x09, 0x68, 0x00, 0x00, 0x00,
    0x04, 0x00, 0x00, 0x00, 0xff, 0xff, 0xff, 0xff, 0x10, 0x00, 0x00, 0x00,
    0x20, 0x00, 0x00, 0x00, 0x08, 0x00, 0x00, 0x00, 0x44, 0xea, 0xff, 0xff,
    0x08, 0x00, 0x00, 0x00, 0x14, 0x00, 0x00, 0x00, 0x01, 0x00, 0x00, 0x00,
    0x8a, 0xff, 0xff, 0xff, 0xff, 0xff, 0xff, 0xff, 0x00, 0x00, 0x00, 0x00,
    0x01, 0x00, 0x00, 0x00, 0x9c, 0x94, 0x72, 0x3b, 0x26, 0x00, 0x00, 0x00,
    0x73, 0x65, 0x71, 0x75, 0x65, 0x6e, 0x74, 0x69, 0x61, 0x6c, 0x5f, 0x31,
    0x2f, 0x6d, 0x61, 0x78, 0x5f, 0x70, 0x6f, 0x6f, 0x6c, 0x69, 0x6e, 0x67,
    0x32, 0x64, 0x5f, 0x31, 0x2f, 0x4d, 0x61, 0x78, 0x50, 0x6f, 0x6f, 0x6c,
    0x32, 0x64, 0x00, 0x00, 0x04, 0x00, 0x00, 0x00, 0x01, 0x00, 0x00, 0x00,
    0x10, 0x00, 0x00, 0x00, 0x20, 0x00, 0x00, 0x00, 0x08, 0x00, 0x00, 0x00,
    0xf2, 0xea, 0xff, 0xff, 0x00, 0x00, 0x00, 0x01, 0x18, 0x00, 0x00, 0x00,
    0x28, 0x00, 0x00, 0x00, 0x44, 0x00, 0x00, 0x00, 0x15, 0x00, 0x00, 0x00,
    0x00, 0x00, 0x00, 0x09, 0x70, 0x00, 0x00, 0x00, 0x04, 0x00, 0x00, 0x00,
    0xff, 0xff, 0xff, 0xff, 0x20, 0x00, 0x00, 0x00, 0x40, 0x00, 0x00, 0x00,
    0x08, 0x00, 0x00, 0x00, 0xdc, 0xea, 0xff, 0xff, 0x08, 0x00, 0x00, 0x00,
    0x10, 0x00, 0x00, 0x00, 0x01, 0x00, 0x00, 0x00, 0x8a, 0xff, 0xff, 0xff,
    0xff, 0xff, 0xff, 0xff, 0x01, 0x00, 0x00, 0x00, 0x9c, 0x94, 0x72, 0x3b,
    0x32, 0x00, 0x00, 0x00, 0x73, 0x65, 0x71, 0x75, 0x65, 0x6e, 0x74, 0x69,
    0x61, 0x6c, 0x5f, 0x31, 0x2f, 0x62, 0x61, 0x74, 0x63, 0x68, 0x5f, 0x6e,
    0x6f, 0x72, 0x6d, 0x61, 0x6c, 0x69, 0x7a, 0x61, 0x74, 0x69, 0x6f, 0x6e,
    0x5f, 0x31, 0x2f, 0x62, 0x61, 0x74, 0x63, 0x68, 0x6e, 0x6f, 0x72, 0x6d,
    0x2f, 0x61, 0x64, 0x64, 0x5f, 0x31, 0x00, 0x00, 0x04, 0x00, 0x00, 0x00,
    0x01, 0x00, 0x00, 0x00, 0x20, 0x00, 0x00, 0x00, 0x40, 0x00, 0x00, 0x00,
    0x08, 0x00, 0x00, 0x00, 0x92, 0xeb, 0xff, 0xff, 0x00, 0x00, 0x00, 0x01,
    0x18, 0x00, 0x00, 0x00, 0x28, 0x00, 0x00, 0x00, 0x44, 0x00, 0x00, 0x00,
    0x14, 0x00, 0x00, 0x00, 0x00, 0x00, 0x00, 0x09, 0x70, 0x00, 0x00, 0x00,
    0x04, 0x00, 0x00, 0x00, 0xff, 0xff, 0xff, 0xff, 0x20, 0x00, 0x00, 0x00,
    0x40, 0x00, 0x00, 0x00, 0x08, 0x00, 0x00, 0x00, 0x7c, 0xeb, 0xff, 0xff,
    0x08, 0x00, 0x00, 0x00, 0x10, 0x00, 0x00, 0x00, 0x01, 0x00, 0x00, 0x00,
    0x8a, 0xff, 0xff, 0xff, 0xff, 0xff, 0xff, 0xff, 0x01, 0x00, 0x00, 0x00,
    0x88, 0xff, 0x7b, 0x3b, 0x32, 0x00, 0x00, 0x00, 0x73, 0x65, 0x71, 0x75,
    0x65, 0x6e, 0x74, 0x69, 0x61, 0x6c, 0x5f, 0x31, 0x2f, 0x62, 0x61, 0x74,
    0x63, 0x68, 0x5f, 0x6e, 0x6f, 0x72, 0x6d, 0x61, 0x6c, 0x69, 0x7a, 0x61,
    0x74, 0x69, 0x6f, 0x6e, 0x5f, 0x31, 0x2f, 0x62, 0x61, 0x74, 0x63, 0x68,
    0x6e, 0x6f, 0x72, 0x6d, 0x2f, 0x6d, 0x75, 0x6c, 0x5f, 0x31, 0x00, 0x00,
    0x04, 0x00, 0x00, 0x00, 0x01, 0x00, 0x00, 0x00, 0x20, 0x00, 0x00, 0x00,
    0x40, 0x00, 0x00, 0x00, 0x08, 0x00, 0x00, 0x00, 0x32, 0xec, 0xff, 0xff,
    0x00, 0x00, 0x00, 0x01, 0x18, 0x00, 0x00, 0x00, 0x28, 0x00, 0x00, 0x00,
    0x44, 0x00, 0x00, 0x00, 0x13, 0x00, 0x00, 0x00, 0x00, 0x00, 0x00, 0x09,
    0xb8, 0x00, 0x00, 0x00, 0x04, 0x00, 0x00, 0x00, 0xff, 0xff, 0xff, 0xff,
    0x20, 0x00, 0x00, 0x00, 0x40, 0x00, 0x00, 0x00, 0x08, 0x00, 0x00, 0x00,
    0x1c, 0xec, 0xff, 0xff, 0x08, 0x00, 0x00, 0x00, 0x10, 0x00, 0x00, 0x00,
    0x01, 0x00, 0x00, 0x00, 0x80, 0xff, 0xff, 0xff, 0xff, 0xff, 0xff, 0xff,
    0x01, 0x00, 0x00, 0x00, 0xc0, 0x4c, 0x72, 0x3b, 0x79, 0x00, 0x00, 0x00,
    0x73, 0x65, 0x71, 0x75, 0x65, 0x6e, 0x74, 0x69, 0x61, 0x6c, 0x5f, 0x31,
    0x2f, 0x63, 0x6f, 0x6e, 0x76, 0x32, 0x64, 0x5f, 0x31, 0x2f, 0x52, 0x65,
    0x6c, 0x75, 0x3b, 0x73, 0x65, 0x71, 0x75, 0x65, 0x6e, 0x74, 0x69, 0x61,
    0x6c, 0x5f, 0x31, 0x2f, 0x63, 0x6f, 0x6e, 0x76, 0x32, 0x64, 0x5f, 0x31,
    0x2f, 0x42, 0x69, 0x61, 0x73, 0x41, 0x64, 0x64, 0x3b, 0x73, 0x65, 0x71,
    0x75, 0x65, 0x6e, 0x74, 0x69, 0x61, 0x6c, 0x5f, 0x31, 0x2f, 0x63, 0x6f,
    0x6e, 0x76, 0x32, 0x64, 0x5f, 0x31, 0x2f, 0x63, 0x6f, 0x6e, 0x76, 0x6f,
    0x6c, 0x75, 0x74, 0x69, 0x6f, 0x6e, 0x3b, 0x73, 0x65, 0x71, 0x75, 0x65,
    0x6e, 0x74, 0x69, 0x61, 0x6c, 0x5f, 0x31, 0x2f, 0x63, 0x6f, 0x6e, 0x76,
    0x32, 0x64, 0x5f, 0x31, 0x2f, 0x53, 0x71, 0x75, 0x65, 0x65, 0x7a, 0x65,
    0x31, 0x00, 0x00, 0x00, 0x04, 0x00, 0x00, 0x00, 0x01, 0x00, 0x00, 0x00,
    0x20, 0x00, 0x00, 0x00, 0x40, 0x00, 0x00, 0x00, 0x08, 0x00, 0x00, 0x00,
    0xa2, 0xed, 0xff, 0xff, 0x00, 0x00, 0x00, 0x01, 0x14, 0x00, 0x00, 0x00,
    0x88, 0x00, 0x00, 0x00, 0x12, 0x00, 0x00, 0x00, 0x00, 0x00, 0x00, 0x09,
    0xa4, 0x00, 0x00, 0x00, 0xec, 0xec, 0xff, 0xff, 0x08, 0x00, 0x00, 0x00,
    0x4c, 0x00, 0x00, 0x00, 0x08, 0x00, 0x00, 0x00, 0x00, 0x00, 0x00, 0x00,
    0x00, 0x00, 0x00, 0x00, 0x00, 0x00, 0x00, 0x00, 0x00, 0x00, 0x00, 0x00,
    0x00, 0x00, 0x00, 0x00, 0x00, 0x00, 0x00, 0x00, 0x00, 0x00, 0x00, 0x00,
    0x00, 0x00, 0x00, 0x00, 0x00, 0x00, 0x00, 0x00, 0x00, 0x00, 0x00, 0x00,
    0x00, 0x00, 0x00, 0x00, 0x00, 0x00, 0x00, 0x00, 0x00, 0x00, 0x00, 0x00,
    0x00, 0x00, 0x00, 0x00, 0x00, 0x00, 0x00, 0x00, 0x00, 0x00, 0x00, 0x00,
    0x00, 0x00, 0x00, 0x00, 0x08, 0x00, 0x00, 0x00, 0x44, 0xab, 0xfb, 0x3a,
    0xd7, 0xab, 0x0a, 0x3b, 0xdd, 0x7c, 0x07, 0x3b, 0xd9, 0x0d, 0x07, 0x3b,
    0x3d, 0xac, 0x0d, 0x3b, 0x4b, 0x3f, 0x0b, 0x3b, 0xef, 0xeb, 0xfb, 0x3a,
    0xe5, 0xc6, 0x02, 0x3b, 0x21, 0x00, 0x00, 0x00, 0x73, 0x65, 0x71, 0x75,
    0x65, 0x6e, 0x74, 0x69, 0x61, 0x6c, 0x5f, 0x31, 0x2f, 0x63, 0x6f, 0x6e,
    0x76, 0x32, 0x64, 0x5f, 0x31, 0x2f, 0x63, 0x6f, 0x6e, 0x76, 0x6f, 0x6c,
    0x75, 0x74, 0x69, 0x6f, 0x6e, 0x00, 0x00, 0x00, 0x04, 0x00, 0x00, 0x00,
    0x08, 0x00, 0x00, 0x00, 0x03, 0x00, 0x00, 0x00, 0x03, 0x00, 0x00, 0x00,
    0x01, 0x00, 0x00, 0x00, 0x72, 0xee, 0xff, 0xff, 0x00, 0x00, 0x00, 0x01,
    0x14, 0x00, 0x00, 0x00, 0x84, 0x00, 0x00, 0x00, 0x11, 0x00, 0x00, 0x00,
    0x00, 0x00, 0x00, 0x02, 0xf8, 0x00, 0x00, 0x00, 0xbc, 0xed, 0xff, 0xff,
    0x08, 0x00, 0x00, 0x00, 0x48, 0x00, 0x00, 0x00, 0x08, 0x00, 0x00, 0x00,
    0x00, 0x00, 0x00, 0x00, 0x00, 0x00, 0x00, 0x00, 0x00, 0x00, 0x00, 0x00,
    0x00, 0x00, 0x00, 0x00, 0x00, 0x00, 0x00, 0x00, 0x00, 0x00, 0x00, 0x00,
    0x00, 0x00, 0x00, 0x00, 0x00, 0x00, 0x00, 0x00, 0x00, 0x00, 0x00, 0x00,
    0x00, 0x00, 0x00, 0x00, 0x00, 0x00, 0x00, 0x00, 0x00, 0x00, 0x00, 0x00,
    0x00, 0x00, 0x00, 0x00, 0x00, 0x00, 0x00, 0x00, 0x00, 0x00, 0x00, 0x00,
    0x00, 0x00, 0x00, 0x00, 0x08, 0x00, 0x00, 0x00, 0xed, 0xa7, 0xfc, 0x36,
    0x0f, 0x37, 0x0b, 0x37, 0xe2, 0x04, 0x08, 0x37, 0x6f, 0x95, 0x07, 0x37,
    0x78, 0x3a, 0x0e, 0x37, 0x17, 0xcb, 0x0b, 0x37, 0xd9, 0xe8, 0xfc, 0x36,
    0x30, 0x4a, 0x03, 0x37, 0x78, 0x00, 0x00, 0x00, 0x73, 0x65, 0x71, 0x75,
    0x65, 0x6e, 0x74, 0x69, 0x61, 0x6c, 0x5f, 0x31, 0x2f, 0x63, 0x6f, 0x6e,
    0x76, 0x32, 0x64, 0x5f, 0x31, 0x2f, 0x52, 0x65, 0x6c, 0x75, 0x3b, 0x73,
    0x65, 0x71, 0x75, 0x65, 0x6e, 0x74, 0x69, 0x61, 0x6c, 0x5f, 0x31, 0x2f,
    0x63, 0x6f, 0x6e, 0x76, 0x32, 0x64, 0x5f, 0x31, 0x2f, 0x42, 0x69, 0x61,
    0x73, 0x41, 0x64, 0x64, 0x3b, 0x73, 0x65, 0x71, 0x75, 0x65, 0x6e, 0x74,
    0x69, 0x61, 0x6c, 0x5f, 0x31, 0x2f, 0x63, 0x6f, 0x6e, 0x76, 0x32, 0x64,
    0x5f, 0x31, 0x2f, 0x63, 0x6f, 0x6e, 0x76, 0x6f, 0x6c, 0x75, 0x74, 0x69,
    0x6f, 0x6e, 0x3b, 0x73, 0x65, 0x71, 0x75, 0x65, 0x6e, 0x74, 0x69, 0x61,
    0x6c, 0x5f, 0x31, 0x2f, 0x63, 0x6f, 0x6e, 0x76, 0x32, 0x64, 0x5f, 0x31,
    0x2f, 0x53, 0x71, 0x75, 0x65, 0x65, 0x7a, 0x65, 0x00, 0x00, 0x00, 0x00,
    0x01, 0x00, 0x00, 0x00, 0x08, 0x00, 0x00, 0x00, 0x8a, 0xef, 0xff, 0xff,
    0x00, 0x00, 0x00, 0x01, 0x14, 0x00, 0x00, 0x00, 0x34, 0x00, 0x00, 0x00,
    0x10, 0x00, 0x00, 0x00, 0x00, 0x00, 0x00, 0x09, 0x60, 0x00, 0x00, 0x00,
    0xd4, 0xee, 0xff, 0xff, 0x08, 0x00, 0x00, 0x00, 0x14, 0x00, 0x00, 0x00,
    0x01, 0x00, 0x00, 0x00, 0x80, 0xff, 0xff, 0xff, 0xff, 0xff, 0xff, 0xff,
    0x00, 0x00, 0x00, 0x00, 0x01, 0x00, 0x00, 0x00, 0x25, 0x8e, 0x8c, 0x3b,
    0x30, 0x00, 0x00, 0x00, 0x73, 0x65, 0x71, 0x75, 0x65, 0x6e, 0x74, 0x69,
    0x61, 0x6c, 0x5f, 0x31, 0x2f, 0x62, 0x61, 0x74, 0x63, 0x68, 0x5f, 0x6e,
    0x6f, 0x72, 0x6d, 0x61, 0x6c, 0x69, 0x7a, 0x61, 0x74, 0x69, 0x6f, 0x6e,
    0x5f, 0x31, 0x2f, 0x62, 0x61, 0x74, 0x63, 0x68, 0x6e, 0x6f, 0x72, 0x6d,
    0x2f, 0x6d, 0x75, 0x6c, 0x00, 0x00, 0x00, 0x00, 0x01, 0x00, 0x00, 0x00,
    0x08, 0x00, 0x00, 0x00, 0x0a, 0xf0, 0xff, 0xff, 0x00, 0x00, 0x00, 0x01,
    0x14, 0x00, 0x00, 0x00, 0x34, 0x00, 0x00, 0x00, 0x0f, 0x00, 0x00, 0x00,
    0x00, 0x00, 0x00, 0x09, 0x60, 0x00, 0x00, 0x00, 0x54, 0xef, 0xff, 0xff,
    0x08, 0x00, 0x00, 0x00, 0x14, 0x00, 0x00, 0x00, 0x01, 0x00, 0x00, 0x00,
    0x7e, 0x00, 0x00, 0x00, 0x00, 0x00, 0x00, 0x00, 0x00, 0x00, 0x00, 0x00,
    0x01, 0x00, 0x00, 0x00, 0xe2, 0x09, 0x1c, 0x39, 0x30, 0x00, 0x00, 0x00,
    0x73, 0x65, 0x71, 0x75, 0x65, 0x6e, 0x74, 0x69, 0x61, 0x6c, 0x5f, 0x31,
    0x2f, 0x62, 0x61, 0x74, 0x63, 0x68, 0x5f, 0x6e, 0x6f, 0x72, 0x6d, 0x61,
    0x6c, 0x69, 0x7a, 0x61, 0x74, 0x69, 0x6f, 0x6e, 0x5f, 0x31, 0x2f, 0x62,
    0x61, 0x74, 0x63, 0x68, 0x6e, 0x6f, 0x72, 0x6d, 0x2f, 0x73, 0x75, 0x62,
    0x00, 0x00, 0x00, 0x00, 0x01, 0x00, 0x00, 0x00, 0x08, 0x00, 0x00, 0x00,
    0x8a, 0xf0, 0xff, 0xff, 0x00, 0x00, 0x00, 0x01, 0x14, 0x00, 0x00, 0x00,
    0xe8, 0x00, 0x00, 0x00, 0x0e, 0x00, 0x00, 0x00, 0x00, 0x00, 0x00, 0x09,
    0x04, 0x01, 0x00, 0x00, 0xd4, 0xef, 0xff, 0xff, 0x08, 0x00, 0x00, 0x00,
    0x8c, 0x00, 0x00, 0x00, 0x10, 0x00, 0x00, 0x00, 0x00, 0x00, 0x00, 0x00,
    0x00, 0x00, 0x00, 0x00, 0x00, 0x00, 0x00, 0x00, 0x00, 0x00, 0x00, 0x00,
    0x00, 0x00, 0x00, 0x00, 0x00, 0x00, 0x00, 0x00, 0x00, 0x00, 0x00, 0x00,
    0x00, 0x00, 0x00, 0x00, 0x00, 0x00, 0x00, 0x00, 0x00, 0x00, 0x00, 0x00,
    0x00, 0x00, 0x00, 0x00, 0x00, 0x00, 0x00, 0x00, 0x00, 0x00, 0x00, 0x00,
    0x00, 0x00, 0x00, 0x00, 0x00, 0x00, 0x00, 0x00, 0x00, 0x00, 0x00, 0x00,
    0x00, 0x00, 0x00, 0x00, 0x00, 0x00, 0x00, 0x00, 0x00, 0x00, 0x00, 0x00,
    0x00, 0x00, 0x00, 0x00, 0x00, 0x00, 0x00, 0x00, 0x00, 0x00, 0x00, 0x00,
    0x00, 0x00, 0x00, 0x00, 0x00, 0x00, 0x00, 0x00, 0x00, 0x00, 0x00, 0x00,
    0x00, 0x00, 0x00, 0x00, 0x00, 0x00, 0x00, 0x00, 0x00, 0x00, 0x00, 0x00,
    0x00, 0x00, 0x00, 0x00, 0x00, 0x00, 0x00, 0x00, 0x00, 0x00, 0x00, 0x00,
    0x00, 0x00, 0x00, 0x00, 0x00, 0x00, 0x00, 0x00, 0x10, 0x00, 0x00, 0x00,
    0x55, 0xf4, 0xad, 0x3a, 0xc5, 0x30, 0xb8, 0x3a, 0xf2, 0xdb, 0xab, 0x3a,
    0x1d, 0x37, 0xa3, 0x3a, 0x6d, 0xc0, 0xab, 0x3a, 0xeb, 0xfc, 0xa4, 0x3a,
    0x38, 0x5b, 0xb2, 0x3a, 0x94, 0x56, 0xad, 0x3a, 0x1b, 0x0a, 0xab, 0x3a,
    0xf1, 0x55, 0xa7, 0x3a, 0x50, 0x00, 0xad, 0x3a, 0xa6, 0x5c, 0xb0, 0x3a,
    0xb4, 0x45, 0xad, 0x3a, 0x35, 0x07, 0xad, 0x3a, 0x63, 0x46, 0xb2, 0x3a,
    0xde, 0x83, 0xb0, 0x3a, 0x23, 0x00, 0x00, 0x00, 0x73, 0x65, 0x71, 0x75,
    0x65, 0x6e, 0x74, 0x69, 0x61, 0x6c, 0x5f, 0x31, 0x2f, 0x63, 0x6f, 0x6e,
    0x76, 0x32, 0x64, 0x5f, 0x31, 0x5f, 0x32, 0x2f, 0x63, 0x6f, 0x6e, 0x76,
    0x6f, 0x6c, 0x75, 0x74, 0x69, 0x6f, 0x6e, 0x00, 0x04, 0x00, 0x00, 0x00,
    0x10, 0x00, 0x00, 0x00, 0x03, 0x00, 0x00, 0x00, 0x03, 0x00, 0x00, 0x00,
    0x08, 0x00, 0x00, 0x00, 0xba, 0xf1, 0xff, 0xff, 0x00, 0x00, 0x00, 0x01,
    0x14, 0x00, 0x00, 0x00, 0xe4, 0x00, 0x00, 0x00, 0x0d, 0x00, 0x00, 0x00,
    0x00, 0x00, 0x00, 0x02, 0x60, 0x01, 0x00, 0x00, 0x04, 0xf1, 0xff, 0xff,
    0x08, 0x00, 0x00, 0x00, 0x88, 0x00, 0x00, 0x00, 0x10, 0x00, 0x00, 0x00,
    0x00, 0x00, 0x00, 0x00, 0x00, 0x00, 0x00, 0x00, 0x00, 0x00, 0x00, 0x00,
    0x00, 0x00, 0x00, 0x00, 0x00, 0x00, 0x00, 0x00, 0x00, 0x00, 0x00, 0x00,
    0x00, 0x00, 0x00, 0x00, 0x00, 0x00, 0x00, 0x00, 0x00, 0x00, 0x00, 0x00,
    0x00, 0x00, 0x00, 0x00, 0x00, 0x00, 0x00, 0x00, 0x00, 0x00, 0x00, 0x00,
    0x00, 0x00, 0x00, 0x00, 0x00, 0x00, 0x00, 0x00, 0x00, 0x00, 0x00, 0x00,
    0x00, 0x00, 0x00, 0x00, 0x00, 0x00, 0x00, 0x00, 0x00, 0x00, 0x00, 0x00,
    0x00, 0x00, 0x00, 0x00, 0x00, 0x00, 0x00, 0x00, 0x00, 0x00, 0x00, 0x00,
    0x00, 0x00, 0x00, 0x00, 0x00, 0x00, 0x00, 0x00, 0x00, 0x00, 0x00, 0x00,
    0x00, 0x00, 0x00, 0x00, 0x00, 0x00, 0x00, 0x00, 0x00, 0x00, 0x00, 0x00,
    0x00, 0x00, 0x00, 0x00, 0x00, 0x00, 0x00, 0x00, 0x00, 0x00, 0x00, 0x00,
    0x00, 0x00, 0x00, 0x00, 0x00, 0x00, 0x00, 0x00, 0x10, 0x00, 0x00, 0x00,
    0xf4, 0xd5, 0xa4, 0x36, 0x07, 0x89, 0xae, 0x36, 0xaf, 0xd9, 0xa2, 0x36,
    0xd9, 0xa8, 0x9a, 0x36, 0x9b, 0xbf, 0xa2, 0x36, 0xdd, 0x56, 0x9c, 0x36,
    0xc4, 0x01, 0xa9, 0x36, 0x78, 0x40, 0xa4, 0x36, 0xd8, 0x12, 0xa2, 0x36,
    0x61, 0x90, 0x9e, 0x36, 0xb9, 0xee, 0xa3, 0x36, 0xf6, 0x1d, 0xa7, 0x36,
    0x7a, 0x30, 0xa4, 0x36, 0x42, 0xf5, 0xa3, 0x36, 0x07, 0xee, 0xa8, 0x36,
    0x20, 0x43, 0xa7, 0x36, 0x80, 0x00, 0x00, 0x00, 0x73, 0x65, 0x71, 0x75,
    0x65, 0x6e, 0x74, 0x69, 0x61, 0x6c, 0x5f, 0x31, 0x2f, 0x63, 0x6f, 0x6e,
    0x76, 0x32, 0x64, 0x5f, 0x31, 0x5f, 0x32, 0x2f, 0x52, 0x65, 0x6c, 0x75,
    0x3b, 0x73, 0x65, 0x71, 0x75, 0x65, 0x6e, 0x74, 0x69, 0x61, 0x6c, 0x5f,
    0x31, 0x2f, 0x63, 0x6f, 0x6e, 0x76, 0x32, 0x64, 0x5f, 0x31, 0x5f, 0x32,
    0x2f, 0x42, 0x69, 0x61, 0x73, 0x41, 0x64, 0x64, 0x3b, 0x73, 0x65, 0x71,
    0x75, 0x65, 0x6e, 0x74, 0x69, 0x61, 0x6c, 0x5f, 0x31, 0x2f, 0x63, 0x6f,
    0x6e, 0x76, 0x32, 0x64, 0x5f, 0x31, 0x5f, 0x32, 0x2f, 0x63, 0x6f, 0x6e,
    0x76, 0x6f, 0x6c, 0x75, 0x74, 0x69, 0x6f, 0x6e, 0x3b, 0x73, 0x65, 0x71,
    0x75, 0x65, 0x6e, 0x74, 0x69, 0x61, 0x6c, 0x5f, 0x31, 0x2f, 0x63, 0x6f,
    0x6e, 0x76, 0x32, 0x64, 0x5f, 0x31, 0x5f, 0x32, 0x2f, 0x53, 0x71, 0x75,
    0x65, 0x65, 0x7a, 0x65, 0x00, 0x00, 0x00, 0x00, 0x01, 0x00, 0x00, 0x00,
    0x10, 0x00, 0x00, 0x00, 0x3a, 0xf3, 0xff, 0xff, 0x00, 0x00, 0x00, 0x01,
    0x14, 0x00, 0x00, 0x00, 0x34, 0x00, 0x00, 0x00, 0x0c, 0x00, 0x00, 0x00,
    0x00, 0x00, 0x00, 0x09, 0x60, 0x00, 0x00, 0x00, 0x84, 0xf2, 0xff, 0xff,
    0x08, 0x00, 0x00, 0x00, 0x14, 0x00, 0x00, 0x00, 0x01, 0x00, 0x00, 0x00,
    0x80, 0xff, 0xff, 0xff, 0xff, 0xff, 0xff, 0xff, 0x00, 0x00, 0x00, 0x00,
    0x01, 0x00, 0x00, 0x00, 0x6f, 0x14, 0x8c, 0x3b, 0x32, 0x00, 0x00, 0x00,
    0x73, 0x65, 0x71, 0x75, 0x65, 0x6e, 0x74, 0x69, 0x61, 0x6c, 0x5f, 0x31,
    0x2f, 0x62, 0x61, 0x74, 0x63, 0x68, 0x5f, 0x6e, 0x6f, 0x72, 0x6d, 0x61,
    0x6c, 0x69, 0x7a, 0x61, 0x74, 0x69, 0x6f, 0x6e, 0x5f, 0x31, 0x5f, 0x32,
    0x2f, 0x62, 0x61, 0x74, 0x63, 0x68, 0x6e, 0x6f, 0x72, 0x6d, 0x2f, 0x6d,
    0x75, 0x6c, 0x00, 0x00, 0x01, 0x00, 0x00, 0x00, 0x10, 0x00, 0x00, 0x00,
    0xba, 0xf3, 0xff, 0xff, 0x00, 0x00, 0x00, 0x01, 0x14, 0x00, 0x00, 0x00,
    0x34, 0x00, 0x00, 0x00, 0x0b, 0x00, 0x00, 0x00, 0x00, 0x00, 0x00, 0x09,
    0x60, 0x00, 0x00, 0x00, 0x04, 0xf3, 0xff, 0xff, 0x08, 0x00, 0x00, 0x00,
    0x14, 0x00, 0x00, 0x00, 0x01, 0x00, 0x00, 0x00, 0x7f, 0x00, 0x00, 0x00,
    0x00, 0x00, 0x00, 0x00, 0x00, 0x00, 0x00, 0x00, 0x01, 0x00, 0x00, 0x00,
    0xe5, 0x0d, 0x93, 0x39, 0x32, 0x00, 0x00, 0x00, 0x73, 0x65, 0x71, 0x75,
    0x65, 0x6e, 0x74, 0x69, 0x61, 0x6c, 0x5f, 0x31, 0x2f, 0x62, 0x61, 0x74,
    0x63, 0x68, 0x5f, 0x6e, 0x6f, 0x72, 0x6d, 0x61, 0x6c, 0x69, 0x7a, 0x61,
    0x74, 0x69, 0x6f, 0x6e, 0x5f, 0x31, 0x5f, 0x32, 0x2f, 0x62, 0x61, 0x74,
    0x63, 0x68, 0x6e, 0x6f, 0x72, 0x6d, 0x2f, 0x73, 0x75, 0x62, 0x00, 0x00,
    0x01, 0x00, 0x00, 0x00, 0x10, 0x00, 0x00, 0x00, 0x3a, 0xf4, 0xff, 0xff,
    0x00, 0x00, 0x00, 0x01, 0x14, 0x00, 0x00, 0x00, 0xa8, 0x01, 0x00, 0x00,
    0x0a, 0x00, 0x00, 0x00, 0x00, 0x00, 0x00, 0x09, 0xc4, 0x01, 0x00, 0x00,
    0x84, 0xf3, 0xff, 0xff, 0x08, 0x00, 0x00, 0x00, 0x0c, 0x01, 0x00, 0x00,
    0x20, 0x00, 0x00, 0x00, 0x00, 0x00, 0x00, 0x00, 0x00, 0x00, 0x00, 0x00,
    0x00, 0x00, 0x00, 0x00, 0x00, 0x00, 0x00, 0x00, 0x00, 0x00, 0x00, 0x00,
    0x00, 0x00, 0x00, 0x00, 0x00, 0x00, 0x00, 0x00, 0x00, 0x00, 0x00, 0x00,
    0x00, 0x00, 0x00, 0x00, 0x00, 0x00, 0x00, 0x00, 0x00, 0x00, 0x00, 0x00,
    0x00, 0x00, 0x00, 0x00, 0x00, 0x00, 0x00, 0x00, 0x00, 0x00, 0x00, 0x00,
    0x00, 0x00, 0x00, 0x00, 0x00, 0x00, 0x00, 0x00, 0x00, 0x00, 0x00, 0x00,
    0x00, 0x00, 0x00, 0x00, 0x00, 0x00, 0x00, 0x00, 0x00, 0x00, 0x00, 0x00,
    0x00, 0x00, 0x00, 0x00, 0x00, 0x00, 0x00, 0x00, 0x00, 0x00, 0x00, 0x00,
    0x00, 0x00, 0x00, 0x00, 0x00, 0x00, 0x00, 0x00, 0x00, 0x00, 0x00, 0x00,
    0x00, 0x00, 0x00, 0x00, 0x00, 0x00, 0x00, 0x00, 0x00, 0x00, 0x00, 0x00,
    0x00, 0x00, 0x00, 0x00, 0x00, 0x00, 0x00, 0x00, 0x00, 0x00, 0x00, 0x00,
    0x00, 0x00, 0x00, 0x00, 0x00, 0x00, 0x00, 0x00, 0x00, 0x00, 0x00, 0x00,
    0x00, 0x00, 0x00, 0x00, 0x00, 0x00, 0x00, 0x00, 0x00, 0x00, 0x00, 0x00,
    0x00, 0x00, 0x00, 0x00, 0x00, 0x00, 0x00, 0x00, 0x00, 0x00, 0x00, 0x00,
    0x00, 0x00, 0x00, 0x00, 0x00, 0x00, 0x00, 0x00, 0x00, 0x00, 0x00, 0x00,
    0x00, 0x00, 0x00, 0x00, 0x00, 0x00, 0x00, 0x00, 0x00, 0x00, 0x00, 0x00,
    0x00, 0x00, 0x00, 0x00, 0x00, 0x00, 0x00, 0x00, 0x00, 0x00, 0x00, 0x00,
    0x00, 0x00, 0x00, 0x00, 0x00, 0x00, 0x00, 0x00, 0x00, 0x00, 0x00, 0x00,
    0x00, 0x00, 0x00, 0x00, 0x00, 0x00, 0x00, 0x00, 0x00, 0x00, 0x00, 0x00,
    0x00, 0x00, 0x00, 0x00, 0x00, 0x00, 0x00, 0x00, 0x00, 0x00, 0x00, 0x00,
    0x00, 0x00, 0x00, 0x00, 0x00, 0x00, 0x00, 0x00, 0x00, 0x00, 0x00, 0x00,
    0x00, 0x00, 0x00, 0x00, 0x00, 0x00, 0x00, 0x00, 0x00, 0x00, 0x00, 0x00,
    0x20, 0x00, 0x00, 0x00, 0xfe, 0x94, 0x80, 0x3a, 0xf1, 0x94, 0x82, 0x3a,
    0xb4, 0x79, 0x74, 0x3a, 0x68, 0xa2, 0x7a, 0x3a, 0x42, 0x45, 0x75, 0x3a,
    0x6c, 0xd1, 0x83, 0x3a, 0xde, 0xf6, 0x81, 0x3a, 0x78, 0x1a, 0x80, 0x3a,
    0xe1, 0x7b, 0x84, 0x3a, 0xcb, 0xb1, 0x7f, 0x3a, 0xd1, 0x77, 0x84, 0x3a,
    0xdb, 0xd2, 0x72, 0x3a, 0xea, 0xff, 0x74, 0x3a, 0x70, 0xcf, 0x76, 0x3a,
    0x1f, 0x4c, 0x82, 0x3a, 0x3d, 0xcf, 0x79, 0x3a, 0x82, 0x14, 0x7f, 0x3a,
    0x82, 0xf2, 0x80, 0x3a, 0x92, 0xc9, 0x76, 0x3a, 0x2c, 0x08, 0x7f, 0x3a,
    0x18, 0x79, 0x83, 0x3a, 0x65, 0x9c, 0x80, 0x3a, 0xd3, 0xff, 0x80, 0x3a,
    0xff, 0x7f, 0x83, 0x3a, 0x6f, 0xbe, 0x80, 0x3a, 0x95, 0x50, 0x80, 0x3a,
    0xf8, 0xcf, 0x81, 0x3a, 0xe1, 0x05, 0x74, 0x3a, 0x26, 0xad, 0x7e, 0x3a,
    0xbc, 0xa3, 0x77, 0x3a, 0xd6, 0x83, 0x79, 0x3a, 0x2f, 0x4c, 0x80, 0x3a,
    0x23, 0x00, 0x00, 0x00, 0x73, 0x65, 0x71, 0x75, 0x65, 0x6e, 0x74, 0x69,
    0x61, 0x6c, 0x5f, 0x31, 0x2f, 0x63, 0x6f, 0x6e, 0x76, 0x32, 0x64, 0x5f,
    0x32, 0x5f, 0x31, 0x2f, 0x63, 0x6f, 0x6e, 0x76, 0x6f, 0x6c, 0x75, 0x74,
    0x69, 0x6f, 0x6e, 0x00, 0x04, 0x00, 0x00, 0x00, 0x20, 0x00, 0x00, 0x00,
    0x03, 0x00, 0x00, 0x00, 0x03, 0x00, 0x00, 0x00, 0x10, 0x00, 0x00, 0x00,
    0x2a, 0xf6, 0xff, 0xff, 0x00, 0x00, 0x00, 0x01, 0x14, 0x00, 0x00, 0x00,
    0xa4, 0x01, 0x00, 0x00, 0x09, 0x00, 0x00, 0x00, 0x00, 0x00, 0x00, 0x02,
    0x20, 0x02, 0x00, 0x00, 0x74, 0xf5, 0xff, 0xff, 0x08, 0x00, 0x00, 0x00,
    0x08, 0x01, 0x00, 0x00, 0x20, 0x00, 0x00, 0x00, 0x00, 0x00, 0x00, 0x00,
    0x00, 0x00, 0x00, 0x00, 0x00, 0x00, 0x00, 0x00, 0x00, 0x00, 0x00, 0x00,
    0x00, 0x00, 0x00, 0x00, 0x00, 0x00, 0x00, 0x00, 0x00, 0x00, 0x00, 0x00,
    0x00, 0x00, 0x00, 0x00, 0x00, 0x00, 0x00, 0x00, 0x00, 0x00, 0x00, 0x00,
    0x00, 0x00, 0x00, 0x00, 0x00, 0x00, 0x00, 0x00, 0x00, 0x00, 0x00, 0x00,
    0x00, 0x00, 0x00, 0x00, 0x00, 0x00, 0x00, 0x00, 0x00, 0x00, 0x00, 0x00,
    0x00, 0x00, 0x00, 0x00, 0x00, 0x00, 0x00, 0x00, 0x00, 0x00, 0x00, 0x00,
    0x00, 0x00, 0x00, 0x00, 0x00, 0x00, 0x00, 0x00, 0x00, 0x00, 0x00, 0x00,
    0x00, 0x00, 0x00, 0x00, 0x00, 0x00, 0x00, 0x00, 0x00, 0x00, 0x00, 0x00,
    0x00, 0x00, 0x00, 0x00, 0x00, 0x00, 0x00, 0x00, 0x00, 0x00, 0x00, 0x00,
    0x00, 0x00, 0x00, 0x00, 0x00, 0x00, 0x00, 0x00, 0x00, 0x00, 0x00, 0x00,
    0x00, 0x00, 0x00, 0x00, 0x00, 0x00, 0x00, 0x00, 0x00, 0x00, 0x00, 0x00,
    0x00, 0x00, 0x00, 0x00, 0x00, 0x00, 0x00, 0x00, 0x00, 0x00, 0x00, 0x00,
    0x00, 0x00, 0x00, 0x00, 0x00, 0x00, 0x00, 0x00, 0x00, 0x00, 0x00, 0x00,
    0x00, 0x00, 0x00, 0x00, 0x00, 0x00, 0x00, 0x00, 0x00, 0x00, 0x00, 0x00,
    0x00, 0x00, 0x00, 0x00, 0x00, 0x00, 0x00, 0x00, 0x00, 0x00, 0x00, 0x00,
    0x00, 0x00, 0x00, 0x00, 0x00, 0x00, 0x00, 0x00, 0x00, 0x00, 0x00, 0x00,
    0x00, 0x00, 0x00, 0x00, 0x00, 0x00, 0x00, 0x00, 0x00, 0x00, 0x00, 0x00,
    0x00, 0x00, 0x00, 0x00, 0x00, 0x00, 0x00, 0x00, 0x00, 0x00, 0x00, 0x00,
    0x00, 0x00, 0x00, 0x00, 0x00, 0x00, 0x00, 0x00, 0x00, 0x00, 0x00, 0x00,
    0x00, 0x00, 0x00, 0x00, 0x00, 0x00, 0x00, 0x00, 0x00, 0x00, 0x00, 0x00,
    0x00, 0x00, 0x00, 0x00, 0x00, 0x00, 0x00, 0x00, 0x00, 0x00, 0x00, 0x00,
    0x20, 0x00, 0x00, 0x00, 0x66, 0xce, 0x3e, 0x36, 0x18, 0xc6, 0x41, 0x36,
    0x4b, 0x64, 0x35, 0x36, 0x26, 0xf6, 0x39, 0x36, 0x53, 0xfb, 0x35, 0x36,
    0xba, 0x9b, 0x43, 0x36, 0x86, 0xdb, 0x40, 0x36, 0x95, 0x18, 0x3e, 0x36,
    0xac, 0x98, 0x44, 0x36, 0x47, 0xb7, 0x3d, 0x36, 0xa5, 0x92, 0x44, 0x36,
    0x8e, 0x2a, 0x34, 0x36, 0xdf, 0xc7, 0x35, 0x36, 0xca, 0x1f, 0x37, 0x36,
    0x08, 0x5a, 0x41, 0x36, 0x78, 0x59, 0x39, 0x36, 0x94, 0x42, 0x3d, 0x36,
    0x2b, 0x59, 0x3f, 0x36, 0x70, 0x1b, 0x37, 0x36, 0x6d, 0x39, 0x3d, 0x36,
    0xa8, 0x18, 0x43, 0x36, 0x62, 0xd9, 0x3e, 0x36, 0xee, 0x6c, 0x3f, 0x36,
    0xe6, 0x22, 0x43, 0x36, 0xe5, 0x0b, 0x3f, 0x36, 0xe2, 0x68, 0x3e, 0x36,
    0xcd, 0xa1, 0x40, 0x36, 0x5b, 0x0e, 0x35, 0x36, 0xe4, 0xf5, 0x3c, 0x36,
    0x4e, 0xbd, 0x37, 0x36, 0x86, 0x21, 0x39, 0x36, 0x5b, 0x62, 0x3e, 0x36,
    0x80, 0x00, 0x00, 0x00, 0x73, 0x65, 0x71, 0x75, 0x65, 0x6e, 0x74, 0x69,
    0x61, 0x6c, 0x5f, 0x31, 0x2f, 0x63, 0x6f, 0x6e, 0x76, 0x32, 0x64, 0x5f,
    0x32, 0x5f, 0x31, 0x2f, 0x52, 0x65, 0x6c, 0x75, 0x3b, 0x73, 0x65, 0x71,
    0x75, 0x65, 0x6e, 0x74, 0x69, 0x61, 0x6c, 0x5f, 0x31, 0x2f, 0x63, 0x6f,
    0x6e, 0x76, 0x32, 0x64, 0x5f, 0x32, 0x5f, 0x31, 0x2f, 0x42, 0x69, 0x61,
    0x73, 0x41, 0x64, 0x64, 0x3b, 0x73, 0x65, 0x71, 0x75, 0x65, 0x6e, 0x74,
    0x69, 0x61, 0x6c, 0x5f, 0x31, 0x2f, 0x63, 0x6f, 0x6e, 0x76, 0x32, 0x64,
    0x5f, 0x32, 0x5f, 0x31, 0x2f, 0x63, 0x6f, 0x6e, 0x76, 0x6f, 0x6c, 0x75,
    0x74, 0x69, 0x6f, 0x6e, 0x3b, 0x73, 0x65, 0x71, 0x75, 0x65, 0x6e, 0x74,
    0x69, 0x61, 0x6c, 0x5f, 0x31, 0x2f, 0x63, 0x6f, 0x6e, 0x76, 0x32, 0x64,
    0x5f, 0x32, 0x5f, 0x31, 0x2f, 0x53, 0x71, 0x75, 0x65, 0x65, 0x7a, 0x65,
    0x00, 0x00, 0x00, 0x00, 0x01, 0x00, 0x00, 0x00, 0x20, 0x00, 0x00, 0x00,
    0x6a, 0xf8, 0xff, 0xff, 0x00, 0x00, 0x00, 0x01, 0x14, 0x00, 0x00, 0x00,
    0x34, 0x00, 0x00, 0x00, 0x08, 0x00, 0x00, 0x00, 0x00, 0x00, 0x00, 0x09,
    0x60, 0x00, 0x00, 0x00, 0xb4, 0xf7, 0xff, 0xff, 0x08, 0x00, 0x00, 0x00,
    0x14, 0x00, 0x00, 0x00, 0x01, 0x00, 0x00, 0x00, 0x80, 0xff, 0xff, 0xff,
    0xff, 0xff, 0xff, 0xff, 0x00, 0x00, 0x00, 0x00, 0x01, 0x00, 0x00, 0x00,
    0xef, 0x0b, 0x8b, 0x3b, 0x32, 0x00, 0x00, 0x00, 0x73, 0x65, 0x71, 0x75,
    0x65, 0x6e, 0x74, 0x69, 0x61, 0x6c, 0x5f, 0x31, 0x2f, 0x62, 0x61, 0x74,
    0x63, 0x68, 0x5f, 0x6e, 0x6f, 0x72, 0x6d, 0x61, 0x6c, 0x69, 0x7a, 0x61,
    0x74, 0x69, 0x6f, 0x6e, 0x5f, 0x32, 0x5f, 0x31, 0x2f, 0x62, 0x61, 0x74,
    0x63, 0x68, 0x6e, 0x6f, 0x72, 0x6d, 0x2f, 0x6d, 0x75, 0x6c, 0x00, 0x00,
    0x01, 0x00, 0x00, 0x00, 0x20, 0x00, 0x00, 0x00, 0xea, 0xf8, 0xff, 0xff,
    0x00, 0x00, 0x00, 0x01, 0x14, 0x00, 0x00, 0x00, 0x34, 0x00, 0x00, 0x00,
    0x07, 0x00, 0x00, 0x00, 0x00, 0x00, 0x00, 0x09, 0x60, 0x00, 0x00, 0x00,
    0x34, 0xf8, 0xff, 0xff, 0x08, 0x00, 0x00, 0x00, 0x14, 0x00, 0x00, 0x00,
    0x01, 0x00, 0x00, 0x00, 0x7f, 0x00, 0x00, 0x00, 0x00, 0x00, 0x00, 0x00,
    0x00, 0x00, 0x00, 0x00, 0x01, 0x00, 0x00, 0x00, 0x99, 0xf4, 0x12, 0x3a,
    0x32, 0x00, 0x00, 0x00, 0x73, 0x65, 0x71, 0x75, 0x65, 0x6e, 0x74, 0x69,
    0x61, 0x6c, 0x5f, 0x31, 0x2f, 0x62, 0x61, 0x74, 0x63, 0x68, 0x5f, 0x6e,
    0x6f, 0x72, 0x6d, 0x61, 0x6c, 0x69, 0x7a, 0x61, 0x74, 0x69, 0x6f, 0x6e,
    0x5f, 0x32, 0x5f, 0x31, 0x2f, 0x62, 0x61, 0x74, 0x63, 0x68, 0x6e, 0x6f,
    0x72, 0x6d, 0x2f, 0x73, 0x75, 0x62, 0x00, 0x00, 0x01, 0x00, 0x00, 0x00,
    0x20, 0x00, 0x00, 0x00, 0x6a, 0xf9, 0xff, 0xff, 0x00, 0x00, 0x00, 0x01,
    0x14, 0x00, 0x00, 0x00, 0xa8, 0x01, 0x00, 0x00, 0x06, 0x00, 0x00, 0x00,
    0x00, 0x00, 0x00, 0x09, 0xbc, 0x01, 0x00, 0x00, 0xb4, 0xf8, 0xff, 0xff,
    0x08, 0x00, 0x00, 0x00, 0x0c, 0x01, 0x00, 0x00, 0x20, 0x00, 0x00, 0x00,
    0x00, 0x00, 0x00, 0x00, 0x00, 0x00, 0x00, 0x00, 0x00, 0x00, 0x00, 0x00,
    0x00, 0x00, 0x00, 0x00, 0x00, 0x00, 0x00, 0x00, 0x00, 0x00, 0x00, 0x00,
    0x00, 0x00, 0x00, 0x00, 0x00, 0x00, 0x00, 0x00, 0x00, 0x00, 0x00, 0x00,
    0x00, 0x00, 0x00, 0x00, 0x00, 0x00, 0x00, 0x00, 0x00, 0x00, 0x00, 0x00,
    0x00, 0x00, 0x00, 0x00, 0x00, 0x00, 0x00, 0x00, 0x00, 0x00, 0x00, 0x00,
    0x00, 0x00, 0x00, 0x00, 0x00, 0x00, 0x00, 0x00, 0x00, 0x00, 0x00, 0x00,
    0x00, 0x00, 0x00, 0x00, 0x00, 0x00, 0x00, 0x00, 0x00, 0x00, 0x00, 0x00,
    0x00, 0x00, 0x00, 0x00, 0x00, 0x00, 0x00, 0x00, 0x00, 0x00, 0x00, 0x00,
    0x00, 0x00, 0x00, 0x00, 0x00, 0x00, 0x00, 0x00, 0x00, 0x00, 0x00, 0x00,
    0x00, 0x00, 0x00, 0x00, 0x00, 0x00, 0x00, 0x00, 0x00, 0x00, 0x00, 0x00,
    0x00, 0x00, 0x00, 0x00, 0x00, 0x00, 0x00, 0x00, 0x00, 0x00, 0x00, 0x00,
    0x00, 0x00, 0x00, 0x00, 0x00, 0x00, 0x00, 0x00, 0x00, 0x00, 0x00, 0x00,
    0x00, 0x00, 0x00, 0x00, 0x00, 0x00, 0x00, 0x00, 0x00, 0x00, 0x00, 0x00,
    0x00, 0x00, 0x00, 0x00, 0x00, 0x00, 0x00, 0x00, 0x00, 0x00, 0x00, 0x00,
    0x00, 0x00, 0x00, 0x00, 0x00, 0x00, 0x00, 0x00, 0x00, 0x00, 0x00, 0x00,
    0x00, 0x00, 0x00, 0x00, 0x00, 0x00, 0x00, 0x00, 0x00, 0x00, 0x00, 0x00,
    0x00, 0x00, 0x00, 0x00, 0x00, 0x00, 0x00, 0x00, 0x00, 0x00, 0x00, 0x00,
    0x00, 0x00, 0x00, 0x00, 0x00, 0x00, 0x00, 0x00, 0x00, 0x00, 0x00, 0x00,
    0x00, 0x00, 0x00, 0x00, 0x00, 0x00, 0x00, 0x00, 0x00, 0x00, 0x00, 0x00,
    0x00, 0x00, 0x00, 0x00, 0x00, 0x00, 0x00, 0x00, 0x00, 0x00, 0x00, 0x00,
    0x00, 0x00, 0x00, 0x00, 0x00, 0x00, 0x00, 0x00, 0x00, 0x00, 0x00, 0x00,
    0x00, 0x00, 0x00, 0x00, 0x00, 0x00, 0x00, 0x00, 0x20, 0x00, 0x00, 0x00,
    0xd0, 0x8d, 0x18, 0x3b, 0xfb, 0x6a, 0x1e, 0x3b, 0x32, 0x8b, 0x1d, 0x3b,
    0x5b, 0xac, 0x1a, 0x3b, 0xd2, 0x6a, 0x1b, 0x3b, 0x16, 0xca, 0x18, 0x3b,
    0x05, 0x66, 0x1b, 0x3b, 0xdf, 0x94, 0x15, 0x3b, 0xee, 0x9c, 0x1a, 0x3b,
    0xfc, 0xa7, 0x20, 0x3b, 0x8e, 0xf4, 0x19, 0x3b, 0x34, 0x61, 0x10, 0x3b,
    0x3f, 0x14, 0x21, 0x3b, 0x09, 0x56, 0x14, 0x3b, 0x6d, 0x84, 0x1a, 0x3b,
    0x38, 0x0c, 0x1d, 0x3b, 0x55, 0xf6, 0x19, 0x3b, 0x06, 0x86, 0x1f, 0x3b,
    0xb9, 0x04, 0x15, 0x3b, 0x3f, 0x4a, 0x1d, 0x3b, 0x06, 0x42, 0x18, 0x3b,
    0x74, 0xcb, 0x1e, 0x3b, 0x00, 0x58, 0x16, 0x3b, 0xa3, 0x9f, 0x1b, 0x3b,
    0x05, 0x03, 0x18, 0x3b, 0x8c, 0xe2, 0x18, 0x3b, 0x2a, 0x33, 0x1d, 0x3b,
    0x88, 0x7a, 0x14, 0x3b, 0x72, 0x00, 0x18, 0x3b, 0x60, 0x6a, 0x20, 0x3b,
    0xc9, 0x30, 0x18, 0x3b, 0x07, 0x04, 0x15, 0x3b, 0x1b, 0x00, 0x00, 0x00,
    0x73, 0x65, 0x71, 0x75, 0x65, 0x6e, 0x74, 0x69, 0x61, 0x6c, 0x5f, 0x31,
    0x2f, 0x64, 0x65, 0x6e, 0x73, 0x65, 0x5f, 0x31, 0x2f, 0x4d, 0x61, 0x74,
    0x4d, 0x75, 0x6c, 0x00, 0x02, 0x00, 0x00, 0x00, 0x20, 0x00, 0x00, 0x00,
    0x20, 0x00, 0x00, 0x00, 0x4a, 0xfb, 0xff, 0xff, 0x00, 0x00, 0x00, 0x01,
    0x14, 0x00, 0x00, 0x00, 0xa8, 0x01, 0x00, 0x00, 0x05, 0x00, 0x00, 0x00,
    0x00, 0x00, 0x00, 0x02, 0xd8, 0x01, 0x00, 0x00, 0x94, 0xfa, 0xff, 0xff,
    0x08, 0x00, 0x00, 0x00, 0x0c, 0x01, 0x00, 0x00, 0x20, 0x00, 0x00, 0x00,
    0x00, 0x00, 0x00, 0x00, 0x00, 0x00, 0x00, 0x00, 0x00, 0x00, 0x00, 0x00,
    0x00, 0x00, 0x00, 0x00, 0x00, 0x00, 0x00, 0x00, 0x00, 0x00, 0x00, 0x00,
    0x00, 0x00, 0x00, 0x00, 0x00, 0x00, 0x00, 0x00, 0x00, 0x00, 0x00, 0x00,
    0x00, 0x00, 0x00, 0x00, 0x00, 0x00, 0x00, 0x00, 0x00, 0x00, 0x00, 0x00,
    0x00, 0x00, 0x00, 0x00, 0x00, 0x00, 0x00, 0x00, 0x00, 0x00, 0x00, 0x00,
    0x00, 0x00, 0x00, 0x00, 0x00, 0x00, 0x00, 0x00, 0x00, 0x00, 0x00, 0x00,
    0x00, 0x00, 0x00, 0x00, 0x00, 0x00, 0x00, 0x00, 0x00, 0x00, 0x00, 0x00,
    0x00, 0x00, 0x00, 0x00, 0x00, 0x00, 0x00, 0x00, 0x00, 0x00, 0x00, 0x00,
    0x00, 0x00, 0x00, 0x00, 0x00, 0x00, 0x00, 0x00, 0x00, 0x00, 0x00, 0x00,
    0x00, 0x00, 0x00, 0x00, 0x00, 0x00, 0x00, 0x00, 0x00, 0x00, 0x00, 0x00,
    0x00, 0x00, 0x00, 0x00, 0x00, 0x00, 0x00, 0x00, 0x00, 0x00, 0x00, 0x00,
    0x00, 0x00, 0x00, 0x00, 0x00, 0x00, 0x00, 0x00, 0x00, 0x00, 0x00, 0x00,
    0x00, 0x00, 0x00, 0x00, 0x00, 0x00, 0x00, 0x00, 0x00, 0x00, 0x00, 0x00,
    0x00, 0x00, 0x00, 0x00, 0x00, 0x00, 0x00, 0x00, 0x00, 0x00, 0x00, 0x00,
    0x00, 0x00, 0x00, 0x00, 0x00, 0x00, 0x00, 0x00, 0x00, 0x00, 0x00, 0x00,
    0x00, 0x00, 0x00, 0x00, 0x00, 0x00, 0x00, 0x00, 0x00, 0x00, 0x00, 0x00,
    0x00, 0x00, 0x00, 0x00, 0x00, 0x00, 0x00, 0x00, 0x00, 0x00, 0x00, 0x00,
    0x00, 0x00, 0x00, 0x00, 0x00, 0x00, 0x00, 0x00, 0x00, 0x00, 0x00, 0x00,
    0x00, 0x00, 0x00, 0x00, 0x00, 0x00, 0x00, 0x00, 0x00, 0x00, 0x00, 0x00,
    0x00, 0x00, 0x00, 0x00, 0x00, 0x00, 0x00, 0x00, 0x00, 0x00, 0x00, 0x00,
    0x00, 0x00, 0x00, 0x00, 0x00, 0x00, 0x00, 0x00, 0x00, 0x00, 0x00, 0x00,
    0x00, 0x00, 0x00, 0x00, 0x00, 0x00, 0x00, 0x00, 0x20, 0x00, 0x00, 0x00,
    0x4b, 0xd9, 0x7e, 0x36, 0x89, 0x52, 0x84, 0x36, 0x9d, 0x97, 0x83, 0x36,
    0xd2, 0x31, 0x81, 0x36, 0xe9, 0xd0, 0x81, 0x36, 0xfc, 0x3d, 0x7f, 0x36,
    0xe6, 0xcc, 0x81, 0x36, 0x1b, 0xe2, 0x79, 0x36, 0xef, 0x24, 0x81, 0x36,
    0x26, 0x31, 0x86, 0x36, 0x4c, 0x98, 0x80, 0x36, 0x7d, 0x31, 0x71, 0x36,
    0x94, 0x8b, 0x86, 0x36, 0x79, 0xcd, 0x77, 0x36, 0x78, 0x10, 0x81, 0x36,
    0x8d, 0x2d, 0x83, 0x36, 0xc8, 0x99, 0x80, 0x36, 0xf4, 0x3e, 0x85, 0x36,
    0x4c, 0xf1, 0x78, 0x36, 0x5d, 0x61, 0x83, 0x36, 0xaf, 0x5a, 0x7e, 0x36,
    0x1e, 0xa3, 0x84, 0x36, 0x14, 0x28, 0x7b, 0x36, 0x07, 0xfd, 0x81, 0x36,
    0x6f, 0xf1, 0x7d, 0x36, 0xd9, 0x66, 0x7f, 0x36, 0x15, 0x4e, 0x83, 0x36,
    0x71, 0x0a, 0x78, 0x36, 0x22, 0xed, 0x7d, 0x36, 0xb0, 0xfd, 0x85, 0x36,
    0xe3, 0x3d, 0x7e, 0x36, 0x23, 0xf0, 0x78, 0x36, 0x36, 0x00, 0x00, 0x00,
    0x73, 0x65, 0x71, 0x75, 0x65, 0x6e, 0x74, 0x69, 0x61, 0x6c, 0x5f, 0x31,
    0x2f, 0x64, 0x65, 0x6e, 0x73, 0x65, 0x5f, 0x31, 0x2f, 0x52, 0x65, 0x6c,
    0x75, 0x3b, 0x73, 0x65, 0x71, 0x75, 0x65, 0x6e, 0x74, 0x69, 0x61, 0x6c,
    0x5f, 0x31, 0x2f, 0x64, 0x65, 0x6e, 0x73, 0x65, 0x5f, 0x31, 0x2f, 0x42,
    0x69, 0x61, 0x73, 0x41, 0x64, 0x64, 0x00, 0x00, 0x01, 0x00, 0x00, 0x00,
    0x20, 0x00, 0x00, 0x00, 0x42, 0xfd, 0xff, 0xff, 0x00, 0x00, 0x00, 0x01,
    0x14, 0x00, 0x00, 0x00, 0x24, 0x01, 0x00, 0x00, 0x04, 0x00, 0x00, 0x00,
    0x00, 0x00, 0x00, 0x09, 0x3c, 0x01, 0x00, 0x00, 0x8c, 0xfc, 0xff, 0xff,
    0x08, 0x00, 0x00, 0x00, 0xb4, 0x00, 0x00, 0x00, 0x15, 0x00, 0x00, 0x00,
    0x00, 0x00, 0x00, 0x00, 0x00, 0x00, 0x00, 0x00, 0x00, 0x00, 0x00, 0x00,
    0x00, 0x00, 0x00, 0x00, 0x00, 0x00, 0x00, 0x00, 0x00, 0x00, 0x00, 0x00,
    0x00, 0x00, 0x00, 0x00, 0x00, 0x00, 0x00, 0x00, 0x00, 0x00, 0x00, 0x00,
    0x00, 0x00, 0x00, 0x00, 0x00, 0x00, 0x00, 0x00, 0x00, 0x00, 0x00, 0x00,
    0x00, 0x00, 0x00, 0x00, 0x00, 0x00, 0x00, 0x00, 0x00, 0x00, 0x00, 0x00,
    0x00, 0x00, 0x00, 0x00, 0x00, 0x00, 0x00, 0x00, 0x00, 0x00, 0x00, 0x00,
    0x00, 0x00, 0x00, 0x00, 0x00, 0x00, 0x00, 0x00, 0x00, 0x00, 0x00, 0x00,
    0x00, 0x00, 0x00, 0x00, 0x00, 0x00, 0x00, 0x00, 0x00, 0x00, 0x00, 0x00,
    0x00, 0x00, 0x00, 0x00, 0x00, 0x00, 0x00, 0x00, 0x00, 0x00, 0x00, 0x00,
    0x00, 0x00, 0x00, 0x00, 0x00, 0x00, 0x00, 0x00, 0x00, 0x00, 0x00, 0x00,
    0x00, 0x00, 0x00, 0x00, 0x00, 0x00, 0x00, 0x00, 0x00, 0x00, 0x00, 0x00,
    0x00, 0x00, 0x00, 0x00, 0x00, 0x00, 0x00, 0x00, 0x00, 0x00, 0x00, 0x00,
    0x00, 0x00, 0x00, 0x00, 0x00, 0x00, 0x00, 0x00, 0x00, 0x00, 0x00, 0x00,
    0x00, 0x00, 0x00, 0x00, 0x00, 0x00, 0x00, 0x00, 0x00, 0x00, 0x00, 0x00,
    0x00, 0x00, 0x00, 0x00, 0x15, 0x00, 0x00, 0x00, 0x91, 0x61, 0x19, 0x3b,
    0x2c, 0x1b, 0x2e, 0x3b, 0x9d, 0x06, 0x26, 0x3b, 0x5e, 0xdc, 0x24, 0x3b,
    0xc4, 0xd5, 0x2b, 0x3b, 0xdf, 0x61, 0x29, 0x3b, 0xe9, 0x0a, 0x29, 0x3b,
    0x41, 0x0c, 0x2f, 0x3b, 0xfc, 0xea, 0x2d, 0x3b, 0x30, 0xc2, 0x28, 0x3b,
    0xab, 0xea, 0x2c, 0x3b, 0x2f, 0xd1, 0x2c, 0x3b, 0xf5, 0xc4, 0x25, 0x3b,
    0xd6, 0x96, 0x2f, 0x3b, 0x07, 0xdf, 0x25, 0x3b, 0x3c, 0xea, 0x2c, 0x3b,
    0xb2, 0x10, 0x29, 0x3b, 0xbf, 0x07, 0x2d, 0x3b, 0x6e, 0x39, 0x1e, 0x3b,
    0x28, 0xa3, 0x31, 0x3b, 0x22, 0xa7, 0x26, 0x3b, 0x1d, 0x00, 0x00, 0x00,
    0x73, 0x65, 0x71, 0x75, 0x65, 0x6e, 0x74, 0x69, 0x61, 0x6c, 0x5f, 0x31,
    0x2f, 0x64, 0x65, 0x6e, 0x73, 0x65, 0x5f, 0x31, 0x5f, 0x32, 0x2f, 0x4d,
    0x61, 0x74, 0x4d, 0x75, 0x6c, 0x00, 0x00, 0x00, 0x02, 0x00, 0x00, 0x00,
    0x15, 0x00, 0x00, 0x00, 0x20, 0x00, 0x00, 0x00, 0xa2, 0xfe, 0xff, 0xff,
    0x00, 0x00, 0x00, 0x01, 0x14, 0x00, 0x00, 0x00, 0x24, 0x01, 0x00, 0x00,
    0x03, 0x00, 0x00, 0x00, 0x00, 0x00, 0x00, 0x02, 0x3c, 0x01, 0x00, 0x00,
    0xec, 0xfd, 0xff, 0xff, 0x08, 0x00, 0x00, 0x00, 0xb4, 0x00, 0x00, 0x00,
    0x15, 0x00, 0x00, 0x00, 0x00, 0x00, 0x00, 0x00, 0x00, 0x00, 0x00, 0x00,
    0x00, 0x00, 0x00, 0x00, 0x00, 0x00, 0x00, 0x00, 0x00, 0x00, 0x00, 0x00,
    0x00, 0x00, 0x00, 0x00, 0x00, 0x00, 0x00, 0x00, 0x00, 0x00, 0x00, 0x00,
    0x00, 0x00, 0x00, 0x00, 0x00, 0x00, 0x00, 0x00, 0x00, 0x00, 0x00, 0x00,
    0x00, 0x00, 0x00, 0x00, 0x00, 0x00, 0x00, 0x00, 0x00, 0x00, 0x00, 0x00,
    0x00, 0x00, 0x00, 0x00, 0x00, 0x00, 0x00, 0x00, 0x00, 0x00, 0x00, 0x00,
    0x00, 0x00, 0x00, 0x00, 0x00, 0x00, 0x00, 0x00, 0x00, 0x00, 0x00, 0x00,
    0x00, 0x00, 0x00, 0x00, 0x00, 0x00, 0x00, 0x00, 0x00, 0x00, 0x00, 0x00,
    0x00, 0x00, 0x00, 0x00, 0x00, 0x00, 0x00, 0x00, 0x00, 0x00, 0x00, 0x00,
    0x00, 0x00, 0x00, 0x00, 0x00, 0x00, 0x00, 0x00, 0x00, 0x00, 0x00, 0x00,
    0x00, 0x00, 0x00, 0x00, 0x00, 0x00, 0x00, 0x00, 0x00, 0x00, 0x00, 0x00,
    0x00, 0x00, 0x00, 0x00, 0x00, 0x00, 0x00, 0x00, 0x00, 0x00, 0x00, 0x00,
    0x00, 0x00, 0x00, 0x00, 0x00, 0x00, 0x00, 0x00, 0x00, 0x00, 0x00, 0x00,
    0x00, 0x00, 0x00, 0x00, 0x00, 0x00, 0x00, 0x00, 0x00, 0x00, 0x00, 0x00,
    0x00, 0x00, 0x00, 0x00, 0x00, 0x00, 0x00, 0x00, 0x15, 0x00, 0x00, 0x00,
    0x88, 0x38, 0x02, 0x36, 0x00, 0xd1, 0x13, 0x36, 0xca, 0xf4, 0x0c, 0x36,
    0x94, 0xf7, 0x0b, 0x36, 0x62, 0xe3, 0x11, 0x36, 0x4d, 0xce, 0x0f, 0x36,
    0x78, 0x84, 0x0f, 0x36, 0xad, 0x9d, 0x14, 0x36, 0x16, 0xa8, 0x13, 0x36,
    0xba, 0x46, 0x0f, 0x36, 0x79, 0xce, 0x12, 0x36, 0xd6, 0xb8, 0x12, 0x36,
    0x0c, 0xbd, 0x0c, 0x36, 0x55, 0x13, 0x15, 0x36, 0x2e, 0xd3, 0x0c, 0x36,
    0x1b, 0xce, 0x12, 0x36, 0x62, 0x89, 0x0f, 0x36, 0x29, 0xe7, 0x12, 0x36,
    0x2d, 0x55, 0x06, 0x36, 0x7c, 0xd0, 0x16, 0x36, 0x12, 0x7d, 0x0d, 0x36,
    0x1e, 0x00, 0x00, 0x00, 0x73, 0x65, 0x71, 0x75, 0x65, 0x6e, 0x74, 0x69,
    0x61, 0x6c, 0x5f, 0x31, 0x2f, 0x64, 0x65, 0x6e, 0x73, 0x65, 0x5f, 0x31,
    0x5f, 0x32, 0x2f, 0x42, 0x69, 0x61, 0x73, 0x41, 0x64, 0x64, 0x00, 0x00,
    0x01, 0x00, 0x00, 0x00, 0x15, 0x00, 0x00, 0x00, 0x00, 0x00, 0x16, 0x00,
    0x1c, 0x00, 0x18, 0x00, 0x17, 0x00, 0x10, 0x00, 0x0c, 0x00, 0x08, 0x00,
    0x00, 0x00, 0x00, 0x00, 0x00, 0x00, 0x07, 0x00, 0x16, 0x00, 0x00, 0x00,
    0x00, 0x00, 0x00, 0x01, 0x18, 0x00, 0x00, 0x00, 0x18, 0x00, 0x00, 0x00,
    0x02, 0x00, 0x00, 0x00, 0x00, 0x00, 0x00, 0x02, 0x50, 0x00, 0x00, 0x00,
    0x04, 0x00, 0x04, 0x00, 0x04, 0x00, 0x00, 0x00, 0x3e, 0x00, 0x00, 0x00,
    0x73, 0x65, 0x71, 0x75, 0x65, 0x6e, 0x74, 0x69, 0x61, 0x6c, 0x5f, 0x31,
    0x2f, 0x67, 0x6c, 0x6f, 0x62, 0x61, 0x6c, 0x5f, 0x61, 0x76, 0x65, 0x72,
    0x61, 0x67, 0x65, 0x5f, 0x70, 0x6f, 0x6f, 0x6c, 0x69, 0x6e, 0x67, 0x32,
    0x64, 0x5f, 0x31, 0x2f, 0x4d, 0x65, 0x61, 0x6e, 0x2f, 0x72, 0x65, 0x64,
    0x75, 0x63, 0x74, 0x69, 0x6f, 0x6e, 0x5f, 0x69, 0x6e, 0x64, 0x69, 0x63,
    0x65, 0x73, 0x00, 0x00, 0x01, 0x00, 0x00, 0x00, 0x02, 0x00, 0x00, 0x00,
    0x00, 0x00, 0x16, 0x00, 0x20, 0x00, 0x1c, 0x00, 0x1b, 0x00, 0x14, 0x00,
    0x10, 0x00, 0x0c, 0x00, 0x00, 0x00, 0x00, 0x00, 0x08, 0x00, 0x07, 0x00,
    0x16, 0x00, 0x00, 0x00, 0x00, 0x00, 0x00, 0x01, 0x18, 0x00, 0x00, 0x00,
    0x34, 0x00, 0x00, 0x00, 0x50, 0x00, 0x00, 0x00, 0x01, 0x00, 0x00, 0x00,
    0x00, 0x00, 0x00, 0x09, 0x68, 0x00, 0x00, 0x00, 0x04, 0x00, 0x00, 0x00,
    0xff, 0xff, 0xff, 0xff, 0x20, 0x00, 0x00, 0x00, 0x40, 0x00, 0x00, 0x00,
    0x01, 0x00, 0x00, 0x00, 0x0c, 0x00, 0x0c, 0x00, 0x00, 0x00, 0x00, 0x00,
    0x08, 0x00, 0x04, 0x00, 0x0c, 0x00, 0x00, 0x00, 0x08, 0x00, 0x00, 0x00,
    0x10, 0x00, 0x00, 0x00, 0x01, 0x00, 0x00, 0x00, 0x80, 0xff, 0xff, 0xff,
    0xff, 0xff, 0xff, 0xff, 0x01, 0x00, 0x00, 0x00, 0x81, 0x80, 0x80, 0x3b,
    0x1d, 0x00, 0x00, 0x00, 0x73, 0x65, 0x72, 0x76, 0x69, 0x6e, 0x67, 0x5f,
    0x64, 0x65, 0x66, 0x61, 0x75, 0x6c, 0x74, 0x5f, 0x69, 0x6e, 0x70, 0x75,
    0x74, 0x5f, 0x6c, 0x61, 0x79, 0x65, 0x72, 0x3a, 0x30, 0x00, 0x00, 0x00,
    0x04, 0x00, 0x00, 0x00, 0x01, 0x00, 0x00, 0x00, 0x20, 0x00, 0x00, 0x00,
    0x40, 0x00, 0x00, 0x00, 0x01, 0x00, 0x00, 0x00, 0x07, 0x00, 0x00, 0x00,
    0x94, 0x00, 0x00, 0x00, 0x74, 0x00, 0x00, 0x00, 0x68, 0x00, 0x00, 0x00,
    0x4c, 0x00, 0x00, 0x00, 0x2c, 0x00, 0x00, 0x00, 0x18, 0x00, 0x00, 0x00,
    0x04, 0x00, 0x00, 0x00, 0x94, 0xff, 0xff, 0xff, 0x19, 0x00, 0x00, 0x00,
    0x02, 0x00, 0x00, 0x00, 0x00, 0x00, 0x00, 0x19, 0xa4, 0xff, 0xff, 0xff,
    0x09, 0x00, 0x00, 0x00, 0x04, 0x00, 0x00, 0x00, 0x00, 0x00, 0x00, 0x09,
    0xb4, 0xff, 0xff, 0xff, 0x28, 0x00, 0x00, 0x00, 0x02, 0x00, 0x00, 0x00,
    0x00, 0x00, 0x00, 0x28, 0x0c, 0x00, 0x0e, 0x00, 0x0d, 0x00, 0x00, 0x00,
    0x08, 0x00, 0x04, 0x00, 0x0c, 0x00, 0x00, 0x00, 0x11, 0x00, 0x00, 0x00,
    0x02, 0x00, 0x00, 0x00, 0x00, 0x11, 0x0a, 0x00, 0x08, 0x00, 0x00, 0x00,
    0x00, 0x00, 0x04, 0x00, 0x0a, 0x00, 0x00, 0x00, 0x02, 0x00, 0x00, 0x00,
    0xf0, 0xff, 0xff, 0xff, 0x12, 0x00, 0x00, 0x00, 0x02, 0x00, 0x00, 0x00,
    0x00, 0x00, 0x00, 0x12, 0x0c, 0x00, 0x10, 0x00, 0x0f, 0x00, 0x00, 0x00,
    0x08, 0x00, 0x04, 0x00, 0x0c, 0x00, 0x00, 0x00, 0x03, 0x00, 0x00, 0x00,
    0x03, 0x00, 0x00, 0x00, 0x00, 0x00, 0x00, 0x03
};

const unsigned int model_tflite_len = 18128;

#endif // MODEL_DATA_H
